qid,label,Confidence threshold|conf only,Logistic Regression|prompt,Random Forest|prompt,Gradient Boosting|prompt,MLP|prompt,Logistic Regression|prompt+conf,Random Forest|prompt+conf,Gradient Boosting|prompt+conf,MLP|prompt+conf
0,0,0.620308,0.478429,0.482485,0.487396,0.337668,0.520229,0.551589,0.580570,0.261282
2,1,0.601541,0.474576,0.474700,0.469314,0.243928,0.499927,0.329876,0.495427,0.342795
3,0,0.669877,0.594916,0.538309,0.549963,0.421479,0.665539,0.506748,0.602565,0.624441
4,0,0.570314,0.538279,0.511022,0.479207,0.302978,0.551037,0.487841,0.612486,0.352391
6,0,0.594469,0.552786,0.512187,0.569187,0.384656,0.648498,0.476339,0.633596,0.399691
7,0,0.691106,0.557293,0.550479,0.600601,0.393183,0.658114,0.621150,0.656321,0.596025
8,1,0.591483,0.455508,0.522701,0.563024,0.321440,0.508478,0.513942,0.527174,0.465810
10,1,0.630213,0.659715,0.546912,0.549058,0.332117,0.737699,0.519824,0.645254,0.456084
11,0,0.376422,0.635962,0.579218,0.558948,0.410199,0.641044,0.586835,0.553045,0.519350
12,0,0.672686,0.524451,0.503216,0.527072,0.277871,0.553238,0.472131,0.606666,0.312692
13,0,0.633824,0.506394,0.525832,0.524534,0.310124,0.529990,0.565971,0.618338,0.283541
14,0,0.636706,0.550463,0.518035,0.547746,0.386598,0.571854,0.552546,0.588067,0.445190
17,0,0.703398,0.475313,0.504148,0.489535,0.252902,0.537206,0.483746,0.602082,0.368590
18,1,0.125287,0.656163,0.552335,0.533599,0.343873,0.569324,0.504514,0.496625,0.322330
19,0,0.654510,0.553466,0.489447,0.469630,0.336746,0.625159,0.468484,0.598716,0.337211
20,0,0.707411,0.482217,0.529942,0.528379,0.283547,0.562034,0.488122,0.596255,0.331427
21,0,0.607329,0.508099,0.494156,0.514597,0.302611,0.500041,0.347664,0.522480,0.375264
22,1,0.649971,0.545845,0.549539,0.560957,0.372114,0.599410,0.575541,0.572434,0.538218
25,1,0.496225,0.519922,0.503812,0.485744,0.273454,0.688483,0.536415,0.578843,0.573395
27,0,0.587297,0.480542,0.495151,0.496273,0.323066,0.524116,0.473915,0.595307,0.459427
28,1,0.503098,0.607867,0.517480,0.499265,0.323790,0.637765,0.410919,0.559841,0.519642
29,0,0.544868,0.581916,0.537991,0.573626,0.350336,0.647804,0.534302,0.622208,0.384448
31,0,0.058888,0.621317,0.556946,0.557201,0.336284,0.354880,0.280922,0.380403,0.298334
32,1,0.671285,0.563685,0.553126,0.601150,0.414363,0.612532,0.630991,0.601008,0.537199
33,1,0.530023,0.602950,0.520268,0.518682,0.310544,0.628754,0.423174,0.521446,0.418553
35,1,0.605863,0.450406,0.504511,0.520080,0.276067,0.516372,0.570669,0.620578,0.412464
37,0,0.549080,0.483202,0.491779,0.472227,0.363407,0.553383,0.439261,0.508302,0.435817
38,0,0.465032,0.438114,0.434686,0.457630,0.300405,0.447264,0.400271,0.467689,0.384727
39,1,0.616521,0.627383,0.552535,0.566589,0.375763,0.684616,0.495542,0.591427,0.371996
40,1,0.430609,0.538027,0.512492,0.515614,0.307844,0.525019,0.513512,0.560771,0.326879
41,0,0.553298,0.521950,0.509314,0.581186,0.275682,0.595381,0.543924,0.576041,0.370260
42,0,0.630994,0.583858,0.546193,0.585041,0.432614,0.627638,0.494766,0.593855,0.352148
43,1,0.672686,0.513940,0.527622,0.484062,0.402785,0.591383,0.585230,0.558555,0.545869
44,1,0.629524,0.592625,0.540863,0.546829,0.320329,0.680905,0.487595,0.607558,0.693781
45,1,0.701925,0.555991,0.540781,0.543102,0.376334,0.654146,0.464273,0.627603,0.498541
46,0,0.612452,0.574229,0.553770,0.580345,0.371147,0.662172,0.563022,0.560475,0.531442
47,0,0.559669,0.487897,0.530980,0.539610,0.306767,0.541903,0.435264,0.525430,0.444945
48,1,0.677851,0.579260,0.538797,0.550221,0.339880,0.675738,0.665725,0.683790,0.653974
49,1,0.657340,0.520096,0.514689,0.516411,0.471022,0.501472,0.448491,0.563649,0.207620
50,0,0.645612,0.626913,0.500409,0.455719,0.293164,0.707193,0.489341,0.583383,0.600725
51,0,0.535450,0.467709,0.487527,0.465461,0.283336,0.507030,0.358400,0.548624,0.351711
52,0,0.604358,0.520997,0.490579,0.541287,0.276733,0.604758,0.433113,0.568182,0.425798
53,0,0.644594,0.616527,0.561588,0.559856,0.381917,0.672931,0.594568,0.635882,0.515357
54,1,0.571229,0.454485,0.480818,0.488970,0.333986,0.543210,0.586126,0.573153,0.271075
55,0,0.600640,0.597673,0.523786,0.559894,0.350933,0.674152,0.590875,0.615680,0.404000
56,1,0.630994,0.536558,0.541973,0.564140,0.394902,0.557562,0.505113,0.572079,0.313950
57,0,0.625192,0.451064,0.450239,0.468084,0.319395,0.489890,0.412472,0.460266,0.378155
60,1,0.659594,0.549263,0.536720,0.533873,0.397709,0.649806,0.588012,0.600002,0.529415
63,1,0.579800,0.533682,0.509832,0.515064,0.413208,0.578198,0.469279,0.567048,0.539613
64,1,0.515357,0.550201,0.546773,0.540509,0.458763,0.614053,0.582960,0.562224,0.375294
65,1,0.565600,0.519663,0.511600,0.534327,0.327425,0.608331,0.512222,0.613405,0.333125
66,1,0.641672,0.510652,0.525234,0.524809,0.439354,0.583053,0.511971,0.562529,0.455282
67,0,0.350343,0.605382,0.546549,0.498759,0.375738,0.638334,0.595040,0.565457,0.529435
69,0,0.687076,0.474218,0.487398,0.466084,0.306588,0.558774,0.487460,0.575795,0.330001
70,0,0.677778,0.599766,0.540147,0.532088,0.451286,0.688660,0.569511,0.644924,0.561540
71,0,0.603671,0.459548,0.501622,0.461794,0.270931,0.516627,0.537347,0.613654,0.414606
72,0,0.475678,0.510526,0.511752,0.479177,0.390009,0.579976,0.509770,0.547812,0.462031
73,1,0.597473,0.510628,0.473164,0.523807,0.283768,0.585387,0.413735,0.617652,0.310286
75,0,0.672686,0.539557,0.507414,0.566904,0.249573,0.585632,0.442180,0.618303,0.298045
76,0,0.669877,0.594039,0.542705,0.551138,0.462241,0.632532,0.548236,0.600783,0.537897
77,0,0.419130,0.485293,0.508171,0.508709,0.238549,0.524997,0.454647,0.517032,0.338255
78,1,0.665176,0.535002,0.550654,0.580319,0.327489,0.568537,0.508954,0.655379,0.292449
79,1,0.682205,0.503564,0.506731,0.523043,0.288534,0.581912,0.529327,0.626692,0.345439
80,1,0.649971,0.561365,0.499253,0.510538,0.445395,0.628225,0.457923,0.565517,0.474291
81,1,0.595655,0.533285,0.530802,0.546764,0.308483,0.586971,0.520922,0.619519,0.334111
83,0,0.644594,0.628438,0.555506,0.642132,0.484151,0.635392,0.579397,0.584851,0.453519
84,0,0.605945,0.621919,0.557028,0.579128,0.380577,0.718777,0.635337,0.634910,0.643176
85,0,0.665176,0.554472,0.555052,0.568104,0.419935,0.659421,0.624332,0.581729,0.536130
87,0,0.535450,0.582752,0.539921,0.514886,0.427901,0.604151,0.445661,0.454846,0.426574
88,0,0.619761,0.510679,0.481959,0.511555,0.380313,0.578287,0.413214,0.568565,0.333323
89,0,0.591587,0.580286,0.549294,0.538970,0.383961,0.665700,0.590732,0.579849,0.459321
90,1,0.635285,0.596238,0.531897,0.533577,0.326649,0.659202,0.514597,0.595073,0.555673
91,0,0.166123,0.579137,0.546574,0.542855,0.407941,0.393555,0.479027,0.514154,0.313938
92,1,0.653133,0.588776,0.535549,0.576440,0.322399,0.624930,0.531085,0.582947,0.398498
93,0,0.608527,0.556932,0.530979,0.546210,0.401081,0.569414,0.570057,0.588067,0.467069
94,1,0.630213,0.505790,0.536014,0.555478,0.342707,0.582422,0.562271,0.593192,0.300919
95,0,0.636788,0.578136,0.540183,0.559450,0.409419,0.654233,0.549503,0.614902,0.406951
96,0,0.653311,0.490477,0.480577,0.459269,0.348177,0.525138,0.494835,0.579388,0.338317
97,0,0.630091,0.516671,0.496867,0.519676,0.340682,0.597714,0.481423,0.529055,0.381382
98,0,0.383176,0.558200,0.543882,0.540010,0.338126,0.502301,0.448312,0.509357,0.214195
100,1,0.102539,0.501817,0.486747,0.467959,0.310929,0.410707,0.380934,0.515526,0.266635
101,0,0.100817,0.558132,0.505232,0.480182,0.319212,0.458574,0.384588,0.543333,0.279776
102,0,0.440257,0.603739,0.520011,0.559670,0.408651,0.688110,0.548615,0.582207,0.535607
103,1,0.523955,0.623653,0.537597,0.495119,0.404266,0.729190,0.575471,0.575511,0.476230
104,0,0.037944,0.433958,0.472567,0.504850,0.235252,0.278106,0.209513,0.396595,0.078024
105,1,0.540146,0.596050,0.528553,0.553646,0.221636,0.715641,0.567551,0.620107,0.415808
106,1,0.480100,0.555434,0.522637,0.519161,0.322449,0.642493,0.521615,0.561321,0.509941
107,0,0.513953,0.520237,0.519714,0.520655,0.381087,0.623999,0.588014,0.567492,0.470123
109,0,0.411128,0.568115,0.540295,0.561673,0.475043,0.642216,0.581497,0.579886,0.601969
110,1,0.615469,0.567268,0.502003,0.508388,0.401225,0.711305,0.542192,0.594041,0.430162
111,0,0.000476,0.491415,0.472140,0.470025,0.281879,0.233321,0.101834,0.122092,0.127863
112,1,0.046466,0.566532,0.528583,0.548344,0.396257,0.379184,0.243419,0.332050,0.236154
113,0,0.000871,0.593866,0.506333,0.481099,0.384273,0.359158,0.020106,0.131308,0.196847
114,0,0.506066,0.556987,0.506956,0.499973,0.425119,0.668831,0.530504,0.589156,0.431158
115,0,0.555966,0.552715,0.521172,0.449742,0.405285,0.715699,0.582278,0.603803,0.476171
116,0,0.082467,0.530560,0.502861,0.484214,0.345421,0.476326,0.415062,0.525034,0.251036
117,1,0.498810,0.526739,0.534388,0.527360,0.386366,0.661704,0.625909,0.604195,0.504991
118,0,0.285664,0.590170,0.519920,0.511606,0.337126,0.600444,0.524533,0.547970,0.406276
119,0,0.027872,0.593418,0.534085,0.570978,0.446879,0.402773,0.281483,0.353268,0.228239
120,0,0.151796,0.558886,0.541546,0.578702,0.426636,0.503593,0.452231,0.536467,0.511609
121,0,0.267213,0.547463,0.470188,0.367019,0.455005,0.551376,0.434752,0.519578,0.427333
123,1,0.643296,0.539111,0.492705,0.485487,0.395536,0.697203,0.524541,0.612128,0.517397
124,0,0.141495,0.598645,0.519435,0.479388,0.383427,0.494748,0.453729,0.490486,0.251257
125,1,0.481329,0.539431,0.507776,0.484551,0.359921,0.691444,0.559653,0.557068,0.610150
126,0,0.001789,0.528865,0.502849,0.505703,0.401337,0.286551,0.041575,0.122983,0.125165
127,0,0.473321,0.614604,0.545003,0.480661,0.454797,0.727957,0.590982,0.615389,0.521156
129,0,0.635510,0.601897,0.561135,0.538396,0.434319,0.748190,0.629248,0.630330,0.596065
130,1,0.236814,0.555009,0.534917,0.500826,0.341108,0.593293,0.489706,0.595017,0.413748
131,1,0.575654,0.629382,0.535087,0.537195,0.397942,0.761144,0.637140,0.660182,0.529265
132,0,0.546633,0.684824,0.544295,0.490210,0.530755,0.766227,0.596202,0.612594,0.588861
133,0,0.003541,0.614206,0.540216,0.552788,0.447307,0.351240,0.116442,0.193330,0.138685
134,1,0.514044,0.638991,0.522425,0.542826,0.490444,0.740433,0.598239,0.636568,0.583434
135,1,0.426289,0.618851,0.554983,0.540465,0.390027,0.753183,0.642091,0.601843,0.557481
136,0,0.465114,0.488433,0.487875,0.534714,0.257818,0.617421,0.536461,0.651883,0.327336
137,1,0.330612,0.663839,0.547137,0.528542,0.501944,0.701448,0.567595,0.569765,0.537590
138,0,0.246658,0.625683,0.525558,0.520772,0.414265,0.599297,0.490977,0.550745,0.496119
139,0,0.439918,0.565853,0.520317,0.537935,0.391677,0.689775,0.525232,0.588759,0.353266
140,0,0.000413,0.552187,0.503116,0.546911,0.282146,0.336259,0.028878,0.103150,0.210884
141,0,0.000125,0.463575,0.456228,0.477582,0.248995,0.235164,0.056031,0.104422,0.133961
142,0,0.438955,0.614016,0.503500,0.470139,0.389755,0.685235,0.504339,0.598947,0.564068
143,0,0.011764,0.547253,0.515208,0.534284,0.244257,0.345376,0.246437,0.405922,0.178527
144,1,0.538085,0.556639,0.534554,0.571889,0.436153,0.687892,0.573919,0.591334,0.479209
145,1,0.566726,0.565449,0.506004,0.474462,0.456651,0.698395,0.545516,0.572886,0.577662
147,1,0.433098,0.523964,0.518845,0.520042,0.437348,0.580692,0.552054,0.590857,0.456968
148,1,0.442383,0.483507,0.499572,0.506176,0.305462,0.634898,0.515136,0.560880,0.428043
150,1,0.556955,0.614028,0.542753,0.571443,0.322608,0.753905,0.530164,0.618061,0.574222
151,1,0.210778,0.492598,0.489963,0.517362,0.356532,0.527920,0.458196,0.492976,0.437315
152,1,0.635285,0.403943,0.451891,0.414287,0.314829,0.626088,0.440589,0.575484,0.436091
153,1,0.537735,0.623238,0.542737,0.541976,0.391556,0.765786,0.616573,0.634133,0.644708
154,0,0.668636,0.530441,0.541914,0.569009,0.444146,0.675413,0.652522,0.613663,0.614575
155,1,0.578025,0.488567,0.447567,0.507799,0.476205,0.588889,0.504334,0.566779,0.415663
156,0,0.299102,0.571987,0.537725,0.564241,0.384493,0.571637,0.474507,0.560826,0.495797
157,0,0.000125,0.514972,0.493545,0.480876,0.258470,0.263375,0.135442,0.124752,0.128603
158,1,0.653049,0.550767,0.499648,0.551045,0.291235,0.697452,0.525695,0.581769,0.440693
159,1,0.486032,0.537569,0.531811,0.529094,0.491345,0.695472,0.592430,0.550721,0.443242
160,0,0.116894,0.450603,0.417724,0.431711,0.273455,0.388691,0.331647,0.465524,0.173565
162,1,0.420902,0.605411,0.546833,0.536290,0.626358,0.668097,0.542117,0.575397,0.469598
163,0,0.499053,0.517597,0.528986,0.536074,0.470942,0.610837,0.572979,0.561822,0.369141
164,0,0.570185,0.615333,0.558980,0.573178,0.436885,0.733865,0.583723,0.623750,0.547914
165,1,0.447723,0.519040,0.548926,0.562830,0.380934,0.689135,0.599595,0.605814,0.502855
167,1,0.347631,0.556835,0.524071,0.552355,0.474416,0.671916,0.577141,0.597002,0.468547
168,0,0.221182,0.645200,0.537313,0.543004,0.445163,0.591897,0.479735,0.537392,0.353596
169,0,0.383908,0.572992,0.514259,0.502898,0.376443,0.673420,0.512171,0.540888,0.415952
170,0,0.575604,0.543996,0.529466,0.520456,0.424183,0.697764,0.598145,0.589186,0.419731
171,1,0.636959,0.525741,0.524192,0.530792,0.424786,0.701006,0.571572,0.576588,0.511762
172,1,0.516555,0.560029,0.532379,0.526298,0.509446,0.672559,0.626439,0.602336,0.625338
173,0,0.574114,0.591706,0.523689,0.522565,0.351436,0.714657,0.579073,0.633754,0.507622
175,1,0.627535,0.602746,0.544844,0.546582,0.510552,0.610382,0.555495,0.568158,0.457828
176,1,0.043631,0.615855,0.493708,0.530661,0.338098,0.442866,0.162836,0.330424,0.184306
177,0,0.205376,0.459920,0.484178,0.497652,0.330163,0.468389,0.447594,0.556974,0.191363
178,0,0.000800,0.491719,0.515420,0.527059,0.275427,0.313324,0.117031,0.154193,0.085474
180,1,0.558219,0.580141,0.542107,0.560344,0.447703,0.717999,0.635490,0.619891,0.538623
181,0,0.635364,0.604980,0.553985,0.545535,0.468876,0.715513,0.616275,0.640192,0.410581
182,0,0.000582,0.586067,0.500108,0.500563,0.315610,0.320769,0.052224,0.098300,0.247693
183,0,0.012838,0.648523,0.527170,0.458662,0.449246,0.435622,0.170752,0.400914,0.269846
184,0,0.033097,0.569273,0.523091,0.539979,0.546231,0.383142,0.258036,0.373016,0.250117
185,0,0.003280,0.517048,0.500453,0.459280,0.255013,0.249377,0.081330,0.105999,0.227514
186,1,0.351513,0.535219,0.522228,0.435268,0.239626,0.566348,0.492222,0.568562,0.384790
187,0,0.005022,0.485852,0.475194,0.498517,0.313536,0.261636,0.070261,0.178946,0.111015
188,0,0.584500,0.618970,0.522071,0.513297,0.280325,0.739460,0.578370,0.661806,0.498700
189,0,0.016914,0.625670,0.542990,0.520731,0.414472,0.409041,0.350193,0.387236,0.192387
191,1,0.470651,0.526548,0.513104,0.511022,0.374496,0.644161,0.531509,0.562438,0.344756
192,0,0.473170,0.620973,0.512615,0.548712,0.385519,0.709775,0.482041,0.597751,0.561675
194,0,0.183716,0.525895,0.473668,0.481969,0.316948,0.521854,0.407518,0.549624,0.219111
195,1,0.154948,0.558226,0.529603,0.497933,0.376219,0.519557,0.493438,0.555069,0.333363
196,0,0.394488,0.629455,0.520013,0.525979,0.419848,0.701188,0.535204,0.588047,0.604349
197,1,0.621340,0.466453,0.470039,0.501134,0.393784,0.662104,0.562770,0.609055,0.438349
199,0,0.411291,0.575982,0.521039,0.536908,0.445078,0.653802,0.586467,0.603793,0.399294
200,1,0.354624,0.527133,0.528203,0.533252,0.393734,0.603815,0.601488,0.588345,0.453604
201,1,0.608181,0.600704,0.524657,0.515552,0.463429,0.718874,0.619625,0.652223,0.642874
202,0,0.218736,0.611276,0.555919,0.553590,0.466318,0.527699,0.503269,0.525653,0.390009
204,0,0.072808,0.565381,0.488197,0.522087,0.435747,0.422264,0.296177,0.416895,0.216421
205,0,0.311507,0.549560,0.542587,0.579975,0.431127,0.612111,0.576474,0.615236,0.646720
206,0,0.009254,0.605896,0.486158,0.518100,0.472005,0.334432,0.095544,0.193723,0.180546
207,0,0.204065,0.597963,0.561882,0.594459,0.537735,0.599178,0.612489,0.618957,0.544534
208,1,0.158028,0.464595,0.545460,0.564150,0.297779,0.376985,0.520508,0.532120,0.162485
210,1,0.211044,0.517105,0.498052,0.491736,0.328345,0.481776,0.471331,0.470663,0.455046
211,0,0.001228,0.474381,0.499468,0.495362,0.327861,0.215277,0.122871,0.216819,0.242282
212,0,0.116126,0.538300,0.477590,0.468438,0.348920,0.439052,0.451151,0.503143,0.266739
215,0,0.236724,0.606055,0.526500,0.481208,0.420684,0.530015,0.510078,0.536779,0.419960
216,1,0.369204,0.579105,0.518876,0.485182,0.417404,0.610054,0.533435,0.517820,0.520341
217,0,0.105457,0.535852,0.535718,0.521871,0.433287,0.407634,0.519908,0.518279,0.356271
219,0,0.406204,0.452274,0.512475,0.531481,0.359290,0.484456,0.512524,0.545040,0.472833
220,1,0.168597,0.451957,0.477598,0.529842,0.358173,0.402538,0.454373,0.523227,0.281252
221,1,0.290445,0.509404,0.504209,0.513510,0.325862,0.557117,0.503488,0.583718,0.459909
222,0,0.486538,0.512966,0.482403,0.569838,0.338928,0.536479,0.518126,0.507269,0.478514
223,0,0.014976,0.491407,0.515687,0.492523,0.367029,0.265370,0.281438,0.347148,0.158485
224,1,0.631259,0.574348,0.510575,0.510403,0.511508,0.734062,0.533805,0.583050,0.497399
225,1,0.191036,0.611807,0.551306,0.595429,0.482426,0.498230,0.506559,0.541197,0.345962
226,0,0.369256,0.586986,0.540083,0.536109,0.556515,0.587597,0.430547,0.567468,0.500875
227,0,0.130844,0.571089,0.521103,0.562929,0.412622,0.469777,0.434538,0.493841,0.273511
228,0,0.464817,0.506495,0.481330,0.446615,0.319138,0.556789,0.506910,0.556174,0.374289
229,1,0.014587,0.581547,0.550712,0.577893,0.413994,0.384899,0.180917,0.266300,0.200955
230,0,0.001999,0.481338,0.384740,0.279701,0.256236,0.269262,0.044480,0.099096,0.107395
231,1,0.116674,0.497780,0.512832,0.533429,0.295132,0.385398,0.380678,0.509918,0.170301
232,0,0.018096,0.414772,0.459473,0.426807,0.281734,0.230593,0.155575,0.305732,0.147202
233,0,0.348425,0.604580,0.528359,0.528591,0.473485,0.606944,0.496484,0.524322,0.399786
235,1,0.527207,0.552845,0.539528,0.500654,0.470745,0.565677,0.595806,0.506426,0.570047
236,0,0.113376,0.464992,0.459025,0.428271,0.362108,0.340372,0.401881,0.507835,0.157603
237,1,0.579747,0.637624,0.511008,0.466818,0.529777,0.708529,0.535448,0.535723,0.431900
238,1,0.609170,0.581867,0.534480,0.577560,0.432299,0.620401,0.537706,0.537273,0.338629
239,1,0.522409,0.614272,0.563757,0.529057,0.454865,0.701544,0.575411,0.590206,0.404171
240,1,0.442182,0.558265,0.543337,0.545904,0.366579,0.581912,0.579519,0.613539,0.486159
242,0,0.673768,0.514549,0.504303,0.533129,0.369981,0.600566,0.564877,0.599228,0.464115
243,0,0.206086,0.565435,0.551756,0.594424,0.397212,0.511140,0.498494,0.536831,0.366180
245,1,0.608181,0.522885,0.558850,0.561977,0.312987,0.647103,0.621471,0.604241,0.562497
246,1,0.426839,0.612570,0.555769,0.611624,0.511822,0.608010,0.601994,0.605323,0.328725
248,0,0.006381,0.476622,0.484583,0.450392,0.290125,0.228915,0.095900,0.121229,0.151222
249,0,0.367757,0.569780,0.518945,0.445106,0.481184,0.576906,0.561720,0.536757,0.468854
250,0,0.003131,0.492154,0.512755,0.503849,0.335309,0.230156,0.053738,0.119815,0.088841
251,1,0.365107,0.547502,0.522817,0.548730,0.227411,0.641776,0.551829,0.555117,0.512439
252,0,0.003156,0.600446,0.506944,0.520997,0.323096,0.287552,0.056487,0.111424,0.059538
253,0,0.594558,0.565412,0.480320,0.519508,0.377346,0.670332,0.490639,0.553507,0.416908
254,0,0.086853,0.468984,0.511836,0.488336,0.339428,0.338635,0.407447,0.508283,0.195969
255,1,0.394784,0.491302,0.501116,0.523335,0.215789,0.416058,0.407301,0.534262,0.210139
258,0,0.040694,0.492376,0.508020,0.459239,0.413283,0.280256,0.198882,0.395673,0.055273
259,0,0.000420,0.531159,0.522544,0.569680,0.356693,0.300310,0.088751,0.129372,0.156043
260,0,0.505878,0.492787,0.512636,0.499649,0.345781,0.595277,0.486406,0.573282,0.403806
261,0,0.688770,0.589736,0.549209,0.589154,0.328825,0.612972,0.459285,0.581195,0.416615
262,0,0.031149,0.511437,0.520241,0.507072,0.487133,0.266098,0.143978,0.282074,0.137246
267,0,0.145361,0.587137,0.529082,0.520886,0.403253,0.522100,0.533361,0.589961,0.430768
268,0,0.554868,0.563607,0.538735,0.531463,0.416992,0.613336,0.459913,0.517995,0.326155
269,1,0.396569,0.453890,0.481988,0.487725,0.353739,0.616592,0.531984,0.619452,0.412694
270,1,0.376636,0.581480,0.534700,0.471409,0.452113,0.578482,0.493525,0.539809,0.445792
271,1,0.682880,0.655723,0.523708,0.493728,0.456801,0.712716,0.494149,0.556429,0.545532
272,1,0.024839,0.584202,0.504155,0.391226,0.411095,0.325084,0.308094,0.355115,0.127981
273,0,0.504672,0.678812,0.539033,0.569266,0.484350,0.675211,0.498752,0.523025,0.525560
274,0,0.630331,0.671757,0.545931,0.514164,0.572904,0.727110,0.526812,0.587593,0.429890
275,1,0.031666,0.513306,0.520799,0.513794,0.386335,0.271450,0.190345,0.364096,0.199278
276,1,0.078834,0.549826,0.540333,0.528300,0.303926,0.428946,0.355410,0.485546,0.283089
278,1,0.219628,0.629271,0.563488,0.562555,0.286927,0.520513,0.542201,0.617122,0.497336
280,1,0.157653,0.505413,0.488033,0.509884,0.322916,0.457190,0.388044,0.577829,0.248741
281,0,0.080602,0.444850,0.482346,0.458505,0.425214,0.333235,0.327184,0.510187,0.216487
282,0,0.445621,0.539115,0.507548,0.509745,0.369250,0.587647,0.515017,0.563672,0.488490
284,0,0.016350,0.504881,0.510212,0.491630,0.422388,0.256508,0.211762,0.420656,0.169911
285,1,0.542243,0.494023,0.480206,0.499071,0.305133,0.633553,0.540031,0.590506,0.462016
286,1,0.603566,0.483683,0.507771,0.561019,0.350128,0.623367,0.534228,0.601791,0.460988
287,0,0.641016,0.647578,0.547745,0.585741,0.377099,0.716756,0.568911,0.612106,0.484227
288,1,0.158011,0.586188,0.550573,0.548479,0.460957,0.472053,0.507501,0.487703,0.344660
289,1,0.390239,0.590430,0.513470,0.580941,0.432618,0.609663,0.520839,0.606844,0.362551
290,0,0.065034,0.469119,0.502828,0.516191,0.431015,0.319959,0.394258,0.437613,0.248941
291,0,0.452914,0.665163,0.520673,0.540797,0.311069,0.716026,0.558911,0.595245,0.408901
293,0,0.035209,0.634064,0.539302,0.588116,0.546984,0.402369,0.408005,0.395069,0.375755
294,1,0.676338,0.522119,0.496602,0.513770,0.331957,0.635008,0.535915,0.604013,0.410185
295,1,0.136458,0.578263,0.523452,0.485926,0.601726,0.481948,0.487049,0.538465,0.400585
296,1,0.126064,0.502593,0.469923,0.417492,0.387215,0.397255,0.406363,0.487833,0.405633
297,0,0.647138,0.599643,0.557717,0.549336,0.525414,0.656886,0.604921,0.544283,0.435301
298,1,0.603280,0.515803,0.498889,0.515213,0.358450,0.670562,0.518887,0.648977,0.478470
300,0,0.154717,0.387384,0.452492,0.462362,0.217038,0.372590,0.513079,0.563829,0.235643
301,1,0.507905,0.390206,0.443844,0.476617,0.266655,0.613584,0.521118,0.587561,0.482359
302,1,0.368520,0.410878,0.451052,0.417413,0.249312,0.593814,0.478531,0.565502,0.366304
303,1,0.301118,0.480221,0.483135,0.478540,0.452979,0.534920,0.548939,0.592416,0.326600
304,0,0.207333,0.433294,0.453590,0.429386,0.284358,0.491939,0.434625,0.454177,0.372305
305,0,0.323527,0.392530,0.472122,0.461652,0.318029,0.459524,0.531649,0.564159,0.296118
306,0,0.509437,0.499645,0.508175,0.538158,0.337925,0.685056,0.595404,0.629533,0.539085
308,0,0.253166,0.445540,0.471832,0.473855,0.373666,0.469787,0.525754,0.526550,0.400675
309,1,0.217565,0.450139,0.452571,0.514972,0.270292,0.527191,0.466001,0.551807,0.373201
311,0,0.187402,0.595169,0.538644,0.575608,0.423997,0.521799,0.456546,0.514621,0.203930
312,0,0.006720,0.345165,0.430004,0.449260,0.218927,0.187911,0.070351,0.195805,0.084227
313,0,0.014628,0.474944,0.396163,0.370349,0.308220,0.287123,0.146083,0.301668,0.181210
314,0,0.264109,0.438838,0.471853,0.481990,0.367073,0.506390,0.543503,0.608090,0.328096
315,0,0.001608,0.324596,0.429953,0.567973,0.164933,0.168589,0.051238,0.110709,0.057667
317,0,0.556122,0.407809,0.461761,0.491309,0.358466,0.517395,0.522521,0.573194,0.442796
318,0,0.038151,0.315810,0.360028,0.323477,0.197995,0.236909,0.123191,0.243366,0.132364
319,1,0.603224,0.479782,0.494597,0.500304,0.230074,0.560159,0.486165,0.551568,0.576908
323,0,0.045595,0.440204,0.480748,0.470585,0.278417,0.326673,0.174033,0.320395,0.165925
324,0,0.073051,0.334224,0.415896,0.479328,0.324581,0.257511,0.300192,0.409779,0.143783
325,0,0.120525,0.317741,0.391871,0.339927,0.228805,0.312881,0.337849,0.357030,0.173434
326,0,0.140491,0.335039,0.412063,0.426308,0.138557,0.323231,0.385149,0.520920,0.214025
327,0,0.009280,0.342809,0.428604,0.400761,0.275199,0.184599,0.099009,0.219436,0.075488
328,1,0.281723,0.419739,0.445163,0.478077,0.249301,0.481510,0.442980,0.568443,0.390816
329,0,0.060276,0.415208,0.477000,0.466020,0.243179,0.304125,0.235520,0.357050,0.170004
331,0,0.182478,0.429138,0.496365,0.488214,0.326138,0.397284,0.488484,0.566360,0.242216
332,0,0.548376,0.599426,0.493765,0.426302,0.478864,0.655665,0.527727,0.557588,0.590847
336,1,0.010133,0.391143,0.408681,0.476543,0.284018,0.241674,0.106894,0.171337,0.120343
337,0,0.005257,0.433514,0.449171,0.467521,0.345621,0.300742,0.102371,0.139545,0.100267
338,1,0.126162,0.443992,0.426109,0.424479,0.312057,0.374273,0.413851,0.481907,0.115854
339,1,0.366946,0.446942,0.491003,0.510535,0.283325,0.558917,0.546738,0.570472,0.376459
341,1,0.299740,0.385629,0.424067,0.386162,0.273479,0.469020,0.460138,0.560023,0.209704
342,1,0.498478,0.478762,0.499552,0.552693,0.292286,0.704042,0.558055,0.602247,0.537848
343,1,0.460544,0.382035,0.394723,0.398741,0.321786,0.483091,0.344032,0.503612,0.289883
344,0,0.007762,0.397942,0.454851,0.476487,0.338605,0.288181,0.110231,0.221463,0.306087
345,0,0.049516,0.415208,0.429872,0.442537,0.290338,0.294864,0.175248,0.347926,0.108267
347,0,0.000772,0.361868,0.422683,0.453972,0.274751,0.231935,0.081656,0.105063,0.143083
348,1,0.359015,0.417187,0.443378,0.449468,0.299801,0.456828,0.417228,0.559535,0.230999
349,1,0.372512,0.486466,0.465879,0.469216,0.338240,0.617540,0.532647,0.578949,0.596705
350,0,0.206317,0.493920,0.510896,0.490192,0.322547,0.479843,0.548149,0.535345,0.267075
351,1,0.457656,0.421547,0.473766,0.493971,0.256919,0.644683,0.523344,0.568504,0.473297
352,1,0.033508,0.351403,0.457680,0.517895,0.229596,0.252578,0.217787,0.349176,0.086075
353,0,0.126930,0.398659,0.443951,0.452714,0.306449,0.334146,0.458471,0.533759,0.259612
354,1,0.532217,0.597279,0.457013,0.475050,0.362799,0.786528,0.474159,0.652158,0.531263
355,0,0.499037,0.529111,0.506324,0.541962,0.287529,0.567000,0.506704,0.571647,0.472074
356,0,0.009547,0.398580,0.428609,0.412377,0.221457,0.252653,0.142105,0.243763,0.193863
357,1,0.412624,0.453603,0.492871,0.559188,0.389992,0.613411,0.566602,0.579346,0.489244
358,1,0.696401,0.477991,0.472840,0.504624,0.299995,0.729668,0.568894,0.628530,0.624011
359,0,0.034944,0.437143,0.477728,0.486845,0.386069,0.282501,0.189405,0.417798,0.143118
360,1,0.169055,0.359236,0.439773,0.437544,0.211338,0.371008,0.421168,0.483915,0.228973
361,0,0.013466,0.425744,0.427952,0.462026,0.394461,0.283298,0.172037,0.318167,0.163633
362,1,0.392086,0.473107,0.519517,0.522833,0.417711,0.461426,0.490534,0.505459,0.447547
363,0,0.313057,0.386264,0.408345,0.365298,0.271639,0.486398,0.460148,0.562689,0.372348
364,1,0.395991,0.467509,0.440473,0.496708,0.368503,0.543070,0.479535,0.516019,0.323654
365,1,0.604530,0.471292,0.435263,0.505590,0.339979,0.644857,0.512746,0.562986,0.672502
366,0,0.151226,0.546278,0.507387,0.581395,0.446893,0.418226,0.423176,0.527327,0.119503
368,0,0.478798,0.360068,0.454029,0.496158,0.281905,0.402437,0.486969,0.552955,0.311581
369,0,0.418289,0.527076,0.471912,0.457860,0.411545,0.556754,0.522717,0.574160,0.476648
370,0,0.434369,0.535257,0.512348,0.536748,0.342620,0.649839,0.568461,0.582115,0.605617
371,0,0.543305,0.512319,0.443568,0.469009,0.363954,0.591563,0.467617,0.583801,0.554509
372,0,0.097032,0.457049,0.464993,0.455312,0.373400,0.340468,0.390056,0.506594,0.181813
373,1,0.328912,0.535699,0.500548,0.488847,0.248706,0.678241,0.464606,0.587913,0.444830
376,1,0.560831,0.536961,0.501877,0.520818,0.352636,0.702702,0.587900,0.659841,0.709319
377,0,0.247900,0.358691,0.384279,0.421620,0.306040,0.409140,0.428280,0.458016,0.253837
378,0,0.044360,0.358292,0.433150,0.384906,0.211004,0.213192,0.154075,0.293700,0.100281
379,1,0.223294,0.385327,0.386156,0.410738,0.265369,0.409381,0.368411,0.429381,0.309429
381,1,0.466268,0.400702,0.430948,0.442377,0.158217,0.582231,0.484141,0.607527,0.472773
383,0,0.273739,0.389709,0.448322,0.452828,0.331614,0.508852,0.499260,0.568914,0.375314
385,0,0.580087,0.401810,0.443845,0.507319,0.267554,0.572992,0.556483,0.641031,0.513885
386,0,0.474599,0.452099,0.446073,0.436807,0.247796,0.619202,0.468011,0.576868,0.230028
387,0,0.464288,0.429637,0.460043,0.467963,0.337039,0.571598,0.526898,0.593037,0.598729
388,0,0.002880,0.355148,0.399807,0.363287,0.210802,0.228912,0.068462,0.108186,0.100219
389,0,0.002846,0.420009,0.459866,0.499172,0.241257,0.245107,0.067317,0.184942,0.103769
390,1,0.512161,0.590269,0.527887,0.521743,0.328274,0.645283,0.554136,0.524967,0.591459
391,0,0.130541,0.413819,0.453958,0.466619,0.295293,0.346374,0.423331,0.488723,0.331525
392,0,0.309833,0.349891,0.438525,0.446088,0.227479,0.360118,0.468600,0.542199,0.300815
393,0,0.015833,0.466020,0.442428,0.437461,0.422699,0.321894,0.244244,0.386159,0.157641
395,0,0.364279,0.443088,0.470940,0.454329,0.337972,0.502863,0.524244,0.570305,0.338847
396,1,0.072207,0.444546,0.422891,0.494680,0.222694,0.328133,0.244591,0.364061,0.125520
398,1,0.625532,0.332738,0.375051,0.423312,0.189865,0.558551,0.466197,0.618974,0.616609
399,0,0.000526,0.459287,0.467202,0.448840,0.366095,0.247590,0.037692,0.093444,0.089627
400,0,0.188729,0.428253,0.475569,0.482991,0.321567,0.432067,0.408882,0.525473,0.218434
401,1,0.145698,0.626761,0.564330,0.501167,0.413755,0.616672,0.627308,0.568769,0.345038
402,0,0.368046,0.529628,0.528535,0.506721,0.361164,0.607814,0.495161,0.561868,0.419572
403,0,0.463271,0.526521,0.533211,0.476122,0.315147,0.631254,0.536150,0.605006,0.622639
404,0,0.005289,0.560605,0.532054,0.545844,0.326845,0.360884,0.158451,0.178180,0.206437
405,1,0.490815,0.603582,0.546375,0.521986,0.411465,0.710474,0.645606,0.583135,0.567666
407,0,0.024838,0.464879,0.458075,0.475482,0.396518,0.216277,0.179172,0.346457,0.251820
408,0,0.037875,0.438019,0.494823,0.520711,0.300370,0.289869,0.191672,0.347413,0.119948
409,1,0.517985,0.545635,0.521050,0.569336,0.472921,0.637415,0.538878,0.614187,0.587046
410,0,0.194626,0.600615,0.568459,0.590520,0.519803,0.608325,0.551772,0.567488,0.371509
412,0,0.282446,0.517728,0.527593,0.512718,0.386327,0.500116,0.501348,0.555912,0.298028
413,0,0.130199,0.462486,0.454661,0.347806,0.356776,0.372027,0.281683,0.481460,0.241608
414,0,0.057945,0.456689,0.507312,0.520464,0.303650,0.349358,0.371545,0.467561,0.116366
415,1,0.032606,0.531350,0.491114,0.453971,0.423019,0.366853,0.291446,0.241026,0.185226
416,0,0.008366,0.487517,0.483456,0.514346,0.256193,0.326823,0.050852,0.147144,0.226084
417,0,0.593127,0.536155,0.522938,0.532994,0.381943,0.591226,0.567874,0.569791,0.477075
418,0,0.051562,0.642163,0.566316,0.551422,0.518737,0.481315,0.326080,0.392812,0.268054
419,0,0.201094,0.543821,0.496484,0.494269,0.310869,0.465288,0.419598,0.542962,0.276328
420,1,0.145802,0.445311,0.473097,0.491909,0.316382,0.357669,0.413277,0.421985,0.199161
421,1,0.573412,0.571238,0.548014,0.520622,0.319676,0.620426,0.493811,0.548413,0.661019
424,0,0.004904,0.521464,0.522612,0.538467,0.359741,0.248277,0.030583,0.106812,0.131927
426,0,0.557614,0.560784,0.557907,0.553162,0.462252,0.708151,0.655565,0.618340,0.669917
427,0,0.002143,0.606386,0.539244,0.629392,0.423721,0.363399,0.112660,0.094599,0.218844
428,0,0.609238,0.480849,0.509635,0.513987,0.280264,0.595782,0.529439,0.577748,0.468040
429,0,0.352728,0.508717,0.475493,0.479177,0.300622,0.639378,0.482913,0.570338,0.572255
430,0,0.004874,0.599325,0.518958,0.527941,0.463954,0.301592,0.032779,0.107133,0.195091
431,0,0.351094,0.576303,0.509090,0.540345,0.359813,0.637919,0.402463,0.533531,0.418857
432,0,0.276543,0.473468,0.508842,0.564299,0.355347,0.545843,0.440048,0.523499,0.343313
434,0,0.088074,0.592815,0.545604,0.514239,0.357996,0.445830,0.446634,0.515491,0.359248
436,0,0.265374,0.487601,0.494372,0.535794,0.397566,0.550093,0.384907,0.545685,0.470287
437,0,0.133492,0.501811,0.406136,0.511951,0.458672,0.481568,0.462695,0.519839,0.294506
438,0,0.474749,0.513251,0.507160,0.478874,0.431875,0.648823,0.552982,0.602495,0.448896
440,0,0.020099,0.478531,0.510017,0.458782,0.245852,0.358719,0.232288,0.339411,0.100725
441,1,0.032881,0.430460,0.450763,0.400358,0.207557,0.292790,0.278623,0.340557,0.111864
442,1,0.298374,0.555883,0.510110,0.559946,0.287744,0.660359,0.530002,0.620648,0.331869
443,1,0.255114,0.583067,0.502765,0.515660,0.386877,0.628330,0.451567,0.503845,0.289288
444,0,0.412176,0.564504,0.521667,0.544965,0.338153,0.628574,0.591749,0.592950,0.461750
445,1,0.107077,0.583283,0.544829,0.552008,0.423087,0.470405,0.477949,0.527046,0.321571
446,0,0.006621,0.558253,0.531218,0.552635,0.478015,0.338986,0.079813,0.253525,0.148426
447,0,0.346337,0.552792,0.538342,0.506882,0.344751,0.668534,0.587235,0.599821,0.559930
448,0,0.458659,0.535713,0.519352,0.534404,0.369101,0.685317,0.506666,0.554250,0.459635
449,0,0.003844,0.390851,0.448787,0.462676,0.251546,0.253707,0.061525,0.149117,0.079087
450,1,0.517985,0.474770,0.493201,0.456529,0.381933,0.639243,0.591610,0.590634,0.369652
451,1,0.466232,0.476394,0.472403,0.436154,0.229259,0.588779,0.484285,0.529906,0.332298
452,0,0.423389,0.523713,0.509031,0.488099,0.376635,0.681855,0.519219,0.542517,0.480554
453,0,0.489850,0.539183,0.524719,0.504341,0.399488,0.605155,0.541831,0.574626,0.525123
454,0,0.486439,0.625070,0.572872,0.567796,0.439266,0.673610,0.675083,0.674186,0.655726
455,1,0.575891,0.641956,0.512294,0.521264,0.421435,0.773486,0.608430,0.642058,0.562690
456,0,0.001758,0.529344,0.481771,0.446494,0.359186,0.276661,0.043815,0.099380,0.186751
457,1,0.285975,0.330769,0.418639,0.328771,0.219968,0.454463,0.422748,0.537044,0.218479
458,0,0.030402,0.428355,0.461050,0.467421,0.269197,0.288229,0.177850,0.332794,0.176700
459,1,0.474380,0.540373,0.520175,0.518764,0.399125,0.637311,0.556685,0.573066,0.530799
460,0,0.569403,0.497389,0.477529,0.459973,0.340989,0.584396,0.472473,0.544536,0.463547
462,0,0.015619,0.566211,0.512965,0.523330,0.432601,0.376623,0.191961,0.300652,0.218375
463,0,0.099226,0.512463,0.502590,0.502429,0.300843,0.328995,0.382595,0.398500,0.171126
464,1,0.109999,0.648507,0.521329,0.503090,0.392421,0.569749,0.435008,0.500170,0.334929
465,1,0.156095,0.504621,0.512064,0.532594,0.240280,0.443478,0.484725,0.549406,0.202539
466,1,0.226534,0.478443,0.520845,0.459756,0.315773,0.465208,0.638188,0.534450,0.450430
467,1,0.108932,0.524379,0.439007,0.382762,0.502516,0.328788,0.328853,0.540080,0.341260
468,0,0.054164,0.512408,0.488910,0.531615,0.424180,0.403861,0.183737,0.303983,0.207912
469,1,0.435973,0.504357,0.506820,0.495841,0.463344,0.636386,0.525344,0.561101,0.382360
471,0,0.224352,0.481115,0.499222,0.553229,0.303975,0.542007,0.400508,0.527025,0.333796
472,0,0.179252,0.579216,0.470379,0.473049,0.403421,0.469333,0.248408,0.545835,0.201301
473,0,0.162667,0.514568,0.510911,0.570765,0.439959,0.420100,0.428127,0.522965,0.313166
475,0,0.028278,0.475621,0.454641,0.495167,0.406742,0.359890,0.121626,0.317587,0.094585
476,0,0.453733,0.552546,0.521960,0.585010,0.397600,0.700079,0.575893,0.597395,0.628500
477,0,0.275762,0.528874,0.529395,0.547331,0.351276,0.537223,0.491627,0.503772,0.365576
478,1,0.473170,0.514246,0.465466,0.473640,0.411570,0.610154,0.530984,0.602466,0.518002
479,0,0.003893,0.507293,0.431767,0.409481,0.340967,0.252504,0.085320,0.104638,0.108999
481,1,0.678004,0.552156,0.521439,0.472108,0.397972,0.579391,0.470793,0.583196,0.484669
482,0,0.004712,0.410992,0.471981,0.446870,0.220632,0.242878,0.149820,0.105735,0.115114
484,1,0.319666,0.528778,0.503211,0.527697,0.410969,0.622380,0.538149,0.570850,0.434918
485,0,0.423919,0.577072,0.453782,0.429417,0.321728,0.674590,0.431443,0.585939,0.361645
486,0,0.337777,0.478581,0.522377,0.552629,0.325985,0.513456,0.533835,0.555332,0.337313
487,0,0.342514,0.568921,0.509211,0.568174,0.411331,0.544008,0.418213,0.524641,0.330433
488,0,0.226509,0.525956,0.530890,0.574423,0.429377,0.561938,0.549505,0.569654,0.309746
489,1,0.559601,0.460195,0.469634,0.451855,0.300851,0.641778,0.507141,0.602047,0.560296
490,0,0.556955,0.546875,0.513888,0.496848,0.435771,0.675899,0.490888,0.567666,0.377541
491,0,0.324741,0.515406,0.501911,0.494137,0.345977,0.661276,0.607191,0.559152,0.505363
492,0,0.048308,0.559193,0.526807,0.547356,0.515976,0.329926,0.239821,0.378931,0.259802
493,1,0.595845,0.587917,0.484589,0.501888,0.445719,0.782267,0.523162,0.616792,0.411004
495,0,0.304853,0.533263,0.468034,0.444190,0.352826,0.643315,0.508105,0.529575,0.535343
496,0,0.399103,0.564472,0.509868,0.538317,0.404929,0.678299,0.585769,0.569552,0.607508
497,0,0.498626,0.419602,0.462361,0.504224,0.250307,0.606659,0.532303,0.594426,0.430560
498,1,0.017900,0.540311,0.469934,0.528814,0.340580,0.393123,0.235155,0.340893,0.207811
499,0,0.612452,0.511515,0.489067,0.481641,0.346077,0.710870,0.498114,0.586638,0.554943
501,0,0.510994,0.497820,0.514683,0.516199,0.385894,0.542328,0.535215,0.666550,0.451391
502,0,0.443239,0.451094,0.450944,0.484488,0.261727,0.505867,0.468570,0.550258,0.297063
503,1,0.159744,0.604109,0.535155,0.541180,0.326487,0.525817,0.459639,0.513284,0.372424
504,1,0.507086,0.506702,0.408146,0.393723,0.346954,0.645388,0.386749,0.486163,0.376925
505,0,0.000517,0.420975,0.450002,0.443513,0.217357,0.208580,0.086342,0.184217,0.128491
506,0,0.418177,0.460390,0.456178,0.394044,0.238057,0.598100,0.464019,0.487852,0.469048
507,1,0.575730,0.504030,0.513429,0.538947,0.296773,0.647650,0.494184,0.604026,0.391803
508,0,0.563020,0.559002,0.496131,0.544903,0.368612,0.718058,0.569019,0.595003,0.704312
510,0,0.553052,0.556189,0.527694,0.550214,0.400262,0.687490,0.629510,0.675955,0.487581
511,1,0.001960,0.508969,0.476442,0.464023,0.265301,0.270517,0.074110,0.096536,0.238380
512,0,0.212528,0.483196,0.485435,0.443072,0.313336,0.495023,0.482048,0.488617,0.341536
513,0,0.036241,0.519051,0.499211,0.518397,0.273181,0.327310,0.244916,0.295444,0.151822
514,0,0.030487,0.481989,0.480343,0.474115,0.380522,0.285968,0.217578,0.334701,0.103063
515,1,0.200258,0.520409,0.517085,0.487886,0.278483,0.522514,0.492172,0.556123,0.384483
516,0,0.000350,0.394845,0.483480,0.527720,0.204158,0.204994,0.174105,0.188707,0.141408
517,0,0.412001,0.545941,0.488954,0.526724,0.301536,0.642438,0.506568,0.552133,0.664831
519,1,0.474948,0.462710,0.492866,0.509000,0.294390,0.650987,0.548658,0.597458,0.681875
520,1,0.628931,0.488100,0.430119,0.452352,0.291846,0.625015,0.431467,0.566823,0.428215
521,0,0.027480,0.517234,0.496245,0.565744,0.281964,0.328408,0.314264,0.254513,0.223224
522,1,0.302351,0.538177,0.505625,0.525300,0.252775,0.567277,0.495685,0.559142,0.508656
523,1,0.660764,0.471575,0.510248,0.539508,0.179493,0.517218,0.483348,0.609395,0.392634
524,0,0.207853,0.543846,0.517958,0.497118,0.383458,0.508576,0.471045,0.514471,0.372943
525,0,0.403535,0.615499,0.533118,0.562940,0.373649,0.681986,0.523324,0.565217,0.412779
526,0,0.455897,0.489317,0.494077,0.506214,0.321724,0.622384,0.483674,0.574113,0.362082
527,0,0.484772,0.535690,0.509552,0.529034,0.341411,0.639911,0.519883,0.577193,0.340537
529,1,0.323768,0.625755,0.535424,0.559267,0.506600,0.598131,0.510689,0.554555,0.275609
530,0,0.258041,0.570985,0.512572,0.502294,0.371100,0.619305,0.524657,0.586308,0.529060
531,0,0.564298,0.501469,0.472413,0.483173,0.263363,0.671144,0.522694,0.617330,0.387957
532,0,0.159857,0.506454,0.518828,0.527130,0.259884,0.374155,0.433211,0.487105,0.147449
533,0,0.090041,0.611993,0.488948,0.498035,0.320494,0.451086,0.323194,0.473920,0.150605
534,0,0.389429,0.373963,0.463393,0.433410,0.226458,0.498617,0.477608,0.526960,0.288750
535,0,0.455606,0.482169,0.461363,0.503334,0.284255,0.666001,0.507107,0.591812,0.444041
536,0,0.361299,0.530850,0.522693,0.499931,0.365216,0.618778,0.528599,0.565459,0.476859
538,0,0.595360,0.570901,0.505809,0.492178,0.437399,0.691563,0.463667,0.569204,0.493438
539,1,0.127056,0.533819,0.516999,0.551750,0.321494,0.474458,0.425612,0.536936,0.272760
540,1,0.404889,0.523164,0.493249,0.489750,0.388521,0.682022,0.561063,0.555882,0.393465
541,0,0.003639,0.429911,0.483375,0.501112,0.271613,0.233593,0.090646,0.181829,0.120591
543,1,0.377624,0.482251,0.428998,0.452147,0.278989,0.564687,0.490274,0.578544,0.243590
546,1,0.155966,0.534857,0.503848,0.521090,0.336223,0.446532,0.446377,0.516198,0.242477
547,0,0.148830,0.566441,0.538133,0.542110,0.447813,0.485090,0.529336,0.558807,0.260493
548,0,0.269317,0.612228,0.512933,0.531665,0.315690,0.581954,0.530069,0.576349,0.493871
550,0,0.192520,0.596695,0.495726,0.417937,0.448597,0.583331,0.462034,0.504336,0.370319
551,1,0.436430,0.428451,0.438314,0.478391,0.167150,0.447902,0.340490,0.519630,0.236911
554,0,0.418124,0.474935,0.472901,0.411478,0.328544,0.424049,0.406513,0.511827,0.273293
555,0,0.483220,0.483267,0.481031,0.459218,0.280963,0.618566,0.515813,0.518518,0.479885
556,0,0.000692,0.554801,0.494720,0.538937,0.479024,0.311663,0.057060,0.111125,0.123983
557,0,0.468911,0.592591,0.502553,0.560605,0.314066,0.668283,0.557345,0.626581,0.565714
558,0,0.095757,0.573664,0.517452,0.568065,0.344463,0.483503,0.419518,0.500273,0.132264
559,1,0.021984,0.511590,0.474582,0.499204,0.346612,0.329355,0.243006,0.387947,0.255177
560,0,0.453800,0.516261,0.466209,0.475747,0.388981,0.671379,0.512395,0.589515,0.461896
561,0,0.123224,0.558684,0.534585,0.561585,0.354760,0.448627,0.435138,0.526827,0.244617
562,0,0.279328,0.542556,0.523691,0.533409,0.332571,0.560165,0.567269,0.581394,0.422465
563,1,0.482899,0.466467,0.442014,0.418981,0.272310,0.485662,0.441992,0.593724,0.366929
564,0,0.068557,0.493460,0.479357,0.425202,0.283422,0.313300,0.298250,0.391097,0.101947
565,1,0.216543,0.531997,0.533247,0.489249,0.297876,0.418425,0.469895,0.550259,0.267261
566,0,0.363356,0.615849,0.542891,0.562434,0.390930,0.640921,0.547490,0.598221,0.427255
567,0,0.050017,0.485375,0.483580,0.409822,0.313363,0.333949,0.283486,0.337808,0.211265
568,0,0.139755,0.562196,0.528833,0.518854,0.410509,0.469800,0.476745,0.537409,0.395503
569,1,0.135211,0.516192,0.525909,0.525579,0.354615,0.455953,0.512560,0.481452,0.375743
571,1,0.607590,0.558434,0.537210,0.547809,0.364889,0.720854,0.577091,0.642808,0.659608
572,0,0.210038,0.486532,0.468150,0.487310,0.254341,0.425851,0.420353,0.483217,0.230179
573,0,0.445519,0.526808,0.518298,0.492462,0.436428,0.635308,0.591803,0.612171,0.576911
574,1,0.375151,0.608807,0.509863,0.532992,0.357248,0.669437,0.549741,0.555733,0.459569
575,1,0.579477,0.578434,0.515772,0.444391,0.448101,0.640141,0.545262,0.598519,0.463834
576,0,0.013043,0.467523,0.475881,0.547362,0.231670,0.209352,0.190663,0.321410,0.166611
578,1,0.155659,0.470319,0.476239,0.429304,0.383285,0.396657,0.447652,0.524959,0.181182
579,0,0.240418,0.371722,0.422016,0.486801,0.185785,0.450470,0.438357,0.504911,0.257115
580,1,0.470936,0.479527,0.466684,0.453030,0.246313,0.547661,0.459309,0.601191,0.390297
581,0,0.012126,0.496148,0.509119,0.484692,0.336770,0.251590,0.220169,0.356008,0.131129
582,0,0.011395,0.499047,0.498275,0.477813,0.362405,0.296863,0.096638,0.159592,0.119978
584,0,0.453959,0.507247,0.505487,0.485303,0.342063,0.605265,0.545053,0.586380,0.348469
585,1,0.273545,0.499154,0.474962,0.468293,0.242029,0.486666,0.387383,0.492609,0.550175
586,1,0.347545,0.474348,0.504522,0.521934,0.289997,0.560078,0.536084,0.566711,0.264856
587,1,0.482497,0.585631,0.514173,0.502718,0.357491,0.746318,0.579595,0.585376,0.603454
588,1,0.447137,0.598637,0.535230,0.522540,0.407370,0.718975,0.578143,0.589079,0.596502
589,1,0.487278,0.509934,0.476758,0.474940,0.420213,0.688879,0.494280,0.602713,0.504132
590,0,0.042025,0.469537,0.463055,0.452700,0.461689,0.315256,0.216112,0.352843,0.214022
591,0,0.034780,0.403019,0.465816,0.509299,0.184381,0.247047,0.187488,0.362112,0.148941
592,0,0.547419,0.490052,0.438619,0.393771,0.360936,0.678863,0.483279,0.583723,0.516015
593,0,0.537582,0.515138,0.502807,0.540735,0.243633,0.666816,0.576213,0.614597,0.472416
594,0,0.346938,0.568247,0.520472,0.525731,0.357631,0.608517,0.561745,0.566747,0.396551
596,1,0.235566,0.544064,0.517443,0.525306,0.464413,0.532166,0.474423,0.550318,0.335647
597,0,0.014292,0.469477,0.433236,0.437807,0.301471,0.273445,0.119189,0.311192,0.139498
598,0,0.209808,0.526231,0.514151,0.477767,0.387873,0.526660,0.486280,0.524246,0.403801
599,0,0.491034,0.630276,0.543315,0.516530,0.391666,0.766690,0.574041,0.598016,0.662493
600,1,0.366316,0.557722,0.495105,0.532519,0.478317,0.501046,0.463359,0.512157,0.418521
601,0,0.000781,0.389226,0.495397,0.497884,0.370871,0.200958,0.056281,0.144286,0.167221
602,0,0.436964,0.484350,0.477500,0.476188,0.261249,0.500668,0.507352,0.564988,0.582878
603,1,0.513999,0.582321,0.561157,0.555377,0.394017,0.527191,0.463625,0.515906,0.306140
604,0,0.442400,0.519564,0.499868,0.479744,0.452331,0.557176,0.573408,0.554781,0.402893
606,0,0.268246,0.398879,0.457540,0.484829,0.279922,0.369024,0.437947,0.533720,0.315850
607,0,0.134661,0.448026,0.490290,0.487009,0.303624,0.328640,0.405236,0.441843,0.283850
608,0,0.426725,0.533603,0.510596,0.481775,0.291193,0.537384,0.461922,0.488434,0.377689
609,0,0.357812,0.513404,0.493345,0.491780,0.342339,0.446600,0.481833,0.511038,0.305400
610,1,0.692976,0.531654,0.470139,0.426891,0.383141,0.556290,0.416034,0.513759,0.378765
611,0,0.618098,0.392754,0.437422,0.422135,0.251868,0.404926,0.333604,0.485165,0.327894
612,0,0.588156,0.492257,0.479165,0.459341,0.317501,0.559260,0.423044,0.534493,0.260372
613,0,0.557442,0.417604,0.437761,0.441846,0.252066,0.394872,0.345951,0.476976,0.161385
614,0,0.418203,0.405206,0.457825,0.478373,0.280379,0.477649,0.457207,0.551103,0.354281
616,1,0.529693,0.512623,0.502284,0.507599,0.345036,0.667538,0.554026,0.590099,0.512451
617,1,0.243960,0.548619,0.423136,0.455433,0.390840,0.594281,0.468494,0.578981,0.251167
619,0,0.433612,0.426831,0.460629,0.487680,0.223897,0.448743,0.372831,0.536354,0.273013
620,1,0.503122,0.426772,0.453974,0.408421,0.316395,0.489076,0.420116,0.479023,0.384849
621,0,0.512227,0.499894,0.449078,0.421266,0.217440,0.503223,0.369312,0.501874,0.293454
622,0,0.632830,0.458972,0.472670,0.466713,0.231465,0.489538,0.352213,0.458147,0.259565
623,0,0.577330,0.571145,0.465905,0.472891,0.338169,0.638146,0.421091,0.516185,0.245618
624,1,0.284187,0.512053,0.453909,0.454246,0.330179,0.548099,0.445574,0.511476,0.357819
625,0,0.613964,0.396845,0.435971,0.424576,0.226303,0.422503,0.325771,0.459013,0.153168
626,0,0.582399,0.597440,0.529161,0.507336,0.452880,0.735156,0.562086,0.598498,0.550595
627,0,0.638491,0.512737,0.502189,0.489914,0.322043,0.565487,0.458709,0.518452,0.318348
628,1,0.692976,0.508183,0.495564,0.502679,0.322173,0.639681,0.503373,0.575941,0.428543
629,0,0.636142,0.526737,0.432683,0.451059,0.357743,0.587479,0.373655,0.570162,0.425062
630,1,0.503610,0.554077,0.516765,0.422918,0.497158,0.516063,0.552053,0.523503,0.368470
631,0,0.680885,0.494550,0.496521,0.474189,0.297885,0.529223,0.407760,0.606225,0.228453
632,0,0.347189,0.546384,0.551658,0.565957,0.336567,0.402056,0.488815,0.584441,0.276365
633,0,0.385581,0.459933,0.485441,0.468327,0.392505,0.503848,0.491174,0.484298,0.336041
636,1,0.564298,0.431902,0.459438,0.506332,0.201137,0.430711,0.320568,0.478898,0.282736
637,0,0.608181,0.488868,0.449887,0.459372,0.177769,0.538159,0.336361,0.416093,0.225847
638,0,0.671285,0.422282,0.490841,0.562121,0.285222,0.418386,0.373083,0.522815,0.243840
643,1,0.582399,0.550328,0.510145,0.465541,0.345825,0.547923,0.397351,0.529602,0.382529
644,0,0.584037,0.453698,0.502862,0.503667,0.312429,0.475224,0.455596,0.543528,0.412592
647,1,0.667512,0.501227,0.499896,0.455394,0.380841,0.544605,0.458070,0.533229,0.232648
648,0,0.062787,0.467412,0.466613,0.432009,0.284067,0.323018,0.244999,0.404196,0.223049
650,1,0.614558,0.458953,0.472922,0.466558,0.294773,0.475793,0.378605,0.452428,0.311469
651,1,0.571235,0.576930,0.541592,0.539573,0.472731,0.592991,0.527462,0.534007,0.431214
652,0,0.564105,0.462572,0.497481,0.532201,0.207174,0.422057,0.390692,0.524670,0.228872
653,1,0.283757,0.533466,0.500263,0.499739,0.281882,0.479965,0.486482,0.525738,0.378539
655,1,0.296850,0.416883,0.497537,0.537533,0.331092,0.397112,0.449148,0.497760,0.344650
656,0,0.229877,0.573869,0.517234,0.518674,0.384653,0.500608,0.468436,0.572163,0.447822
657,1,0.683510,0.448220,0.498368,0.464584,0.279432,0.432438,0.412870,0.516503,0.440192
658,0,0.693986,0.436659,0.435822,0.441481,0.249946,0.436753,0.344463,0.461383,0.210631
659,0,0.560678,0.527960,0.515365,0.550834,0.363837,0.628941,0.595249,0.621816,0.362915
660,0,0.588275,0.444330,0.466613,0.503312,0.276145,0.460349,0.385085,0.554138,0.319101
661,0,0.612544,0.409086,0.454222,0.400223,0.224718,0.404084,0.366467,0.517103,0.328311
662,0,0.558456,0.417834,0.493144,0.487326,0.277638,0.439395,0.412147,0.524927,0.374044
663,0,0.247532,0.473041,0.487610,0.530145,0.257205,0.543711,0.415151,0.558609,0.167698
664,0,0.140441,0.404901,0.452730,0.416503,0.267732,0.334035,0.274842,0.489055,0.141663
666,1,0.393007,0.555525,0.493576,0.482134,0.384885,0.592977,0.495700,0.500286,0.424140
668,1,0.401782,0.564129,0.511823,0.520714,0.363007,0.646524,0.508637,0.512570,0.331590
669,0,0.570999,0.518472,0.498689,0.447227,0.405083,0.610703,0.541329,0.538131,0.460832
670,0,0.347423,0.529419,0.504683,0.553097,0.338961,0.513367,0.524790,0.595264,0.219062
671,1,0.158236,0.472713,0.500916,0.501608,0.362377,0.365745,0.469903,0.499610,0.139176
672,0,0.647918,0.444160,0.485018,0.462267,0.250422,0.511435,0.441201,0.547400,0.359037
673,0,0.047581,0.511617,0.484540,0.510668,0.268187,0.386367,0.235522,0.320826,0.129238
676,0,0.323700,0.493019,0.467934,0.453923,0.408270,0.549264,0.438580,0.576051,0.216758
677,0,0.602694,0.511007,0.507788,0.532086,0.382707,0.555303,0.490704,0.539380,0.376569
678,1,0.434157,0.510722,0.496556,0.533085,0.402219,0.574219,0.513649,0.574355,0.354894
679,1,0.147708,0.539340,0.492754,0.467915,0.347365,0.381639,0.422789,0.525025,0.321015
680,0,0.458556,0.466933,0.477031,0.477976,0.341903,0.470636,0.378032,0.509687,0.285979
681,0,0.587542,0.452384,0.494327,0.506819,0.285725,0.439248,0.424928,0.435382,0.288856
682,0,0.565040,0.462559,0.461316,0.475505,0.304304,0.464266,0.407142,0.452481,0.249093
683,0,0.576557,0.503810,0.522508,0.520871,0.323959,0.647866,0.560042,0.600143,0.445903
684,1,0.351813,0.526143,0.508883,0.489299,0.366403,0.561003,0.553905,0.561044,0.462302
685,0,0.625726,0.474798,0.498093,0.512330,0.289966,0.457396,0.342216,0.507117,0.294154
686,0,0.621028,0.430646,0.456681,0.445567,0.184081,0.426643,0.334296,0.494252,0.278212
687,0,0.029141,0.564900,0.465423,0.457764,0.481545,0.339173,0.192864,0.314067,0.204858
688,0,0.551357,0.505443,0.493380,0.458667,0.329257,0.612757,0.529183,0.575510,0.219583
689,1,0.676956,0.454569,0.505577,0.514952,0.355697,0.414890,0.434512,0.536048,0.211307
690,0,0.539727,0.497179,0.448062,0.362365,0.314670,0.487667,0.410139,0.543835,0.507775
691,1,0.457922,0.526131,0.523911,0.541488,0.301800,0.590413,0.567264,0.596409,0.403089
692,0,0.673402,0.520482,0.469645,0.418844,0.295927,0.543515,0.369602,0.462792,0.282013
693,0,0.060569,0.565662,0.477319,0.445033,0.413042,0.364012,0.312740,0.399743,0.268687
694,0,0.440691,0.439101,0.503125,0.469865,0.318109,0.449824,0.405055,0.490371,0.363070
695,0,0.609915,0.504712,0.434292,0.434912,0.338856,0.610695,0.408462,0.559867,0.359486
696,1,0.514085,0.496193,0.436128,0.471642,0.219350,0.535976,0.388635,0.560695,0.578117
697,0,0.540146,0.417658,0.442964,0.464522,0.174697,0.444623,0.310381,0.385352,0.247395
698,0,0.635357,0.486849,0.480239,0.493120,0.290056,0.519349,0.377007,0.530362,0.292962
699,1,0.553345,0.571682,0.540361,0.560371,0.433121,0.557943,0.596285,0.584664,0.498147
700,0,0.035847,0.371276,0.462109,0.465461,0.243943,0.223172,0.147384,0.289025,0.067469
701,1,0.363332,0.582518,0.542038,0.569554,0.311567,0.495345,0.496208,0.553045,0.371421
702,1,0.669877,0.429889,0.454217,0.423914,0.221249,0.467862,0.400199,0.430168,0.271837
704,1,0.034255,0.619343,0.527621,0.582854,0.317711,0.302103,0.192038,0.351601,0.067824
705,0,0.717817,0.553423,0.537263,0.538856,0.338661,0.516669,0.468718,0.576993,0.302523
706,0,0.618182,0.636945,0.520705,0.566290,0.487466,0.750235,0.507215,0.612963,0.572816
707,0,0.339086,0.518016,0.493568,0.436930,0.379858,0.623309,0.549241,0.565806,0.387714
708,0,0.526745,0.665604,0.558395,0.560313,0.384895,0.743525,0.658655,0.621358,0.581550
709,0,0.433358,0.423527,0.424241,0.397195,0.266750,0.545247,0.453602,0.520083,0.382911
710,0,0.581429,0.551267,0.518154,0.490198,0.355536,0.697066,0.625184,0.650983,0.550301
711,1,0.541579,0.463695,0.514191,0.517377,0.477206,0.497478,0.523218,0.561081,0.269201
712,1,0.669344,0.531763,0.532011,0.537276,0.432061,0.558140,0.463179,0.620562,0.248928
713,0,0.224449,0.324838,0.425082,0.487984,0.209490,0.337968,0.441581,0.549638,0.261495
714,0,0.418089,0.606760,0.548997,0.563315,0.430356,0.676361,0.512409,0.599684,0.405949
715,0,0.655871,0.607004,0.546579,0.564762,0.405998,0.661178,0.546275,0.573225,0.495589
717,0,0.659685,0.584916,0.552707,0.529562,0.472986,0.712827,0.606227,0.601955,0.572472
718,0,0.149180,0.543809,0.507095,0.540953,0.306302,0.451896,0.407379,0.516940,0.230244
719,0,0.464270,0.576340,0.522766,0.517834,0.593300,0.669065,0.519086,0.540627,0.518185
720,0,0.183441,0.493311,0.453808,0.424794,0.247994,0.425132,0.414494,0.512669,0.301039
722,1,0.054385,0.426113,0.435850,0.458059,0.224664,0.310748,0.277361,0.402866,0.206265
723,0,0.500857,0.479461,0.476018,0.440332,0.303577,0.482559,0.404996,0.463755,0.284770
724,0,0.120029,0.511405,0.458523,0.455153,0.387826,0.465373,0.421245,0.476323,0.224249
727,1,0.672292,0.525834,0.507122,0.526483,0.344433,0.628266,0.511950,0.596213,0.379236
728,1,0.596773,0.581041,0.539708,0.541837,0.387699,0.732561,0.622553,0.611183,0.605200
729,0,0.037167,0.490665,0.538180,0.556098,0.260970,0.323037,0.166875,0.348063,0.079708
730,0,0.360471,0.535623,0.492819,0.500165,0.350558,0.573781,0.476398,0.532175,0.434340
734,0,0.210811,0.545079,0.494750,0.510264,0.392902,0.553672,0.497609,0.526580,0.329763
735,0,0.422162,0.462641,0.527385,0.513169,0.314718,0.479506,0.505338,0.462136,0.308266
737,0,0.579800,0.487092,0.494583,0.462011,0.317202,0.522070,0.409872,0.521690,0.279142
739,1,0.486354,0.388619,0.421564,0.433917,0.126966,0.522977,0.434107,0.511893,0.313798
740,0,0.289120,0.465923,0.481136,0.502829,0.314879,0.485074,0.474883,0.558693,0.355374
741,0,0.564924,0.572611,0.527401,0.525137,0.432429,0.679534,0.636702,0.626595,0.357547
742,0,0.504259,0.608440,0.571525,0.519636,0.413712,0.549953,0.487432,0.619379,0.344033
743,0,0.398704,0.406583,0.448768,0.445627,0.173468,0.350684,0.365185,0.416614,0.166808
744,1,0.457422,0.529942,0.529962,0.514347,0.446972,0.546202,0.495791,0.535653,0.331236
746,1,0.628602,0.571470,0.520386,0.555882,0.431762,0.659389,0.516476,0.575230,0.367266
747,1,0.587484,0.589113,0.506041,0.464261,0.331858,0.746273,0.534676,0.615698,0.650535
748,0,0.693986,0.548977,0.548777,0.552655,0.363708,0.599135,0.612277,0.565624,0.447104
749,0,0.639214,0.559951,0.537657,0.591668,0.416129,0.673314,0.611492,0.597174,0.430687
750,1,0.420665,0.359676,0.415030,0.460163,0.192263,0.501344,0.358651,0.519180,0.317208
752,0,0.649896,0.598627,0.522659,0.479407,0.368123,0.600394,0.442759,0.552713,0.279073
753,0,0.097031,0.564004,0.512023,0.451657,0.379373,0.437923,0.391319,0.370082,0.355621
754,1,0.626455,0.646061,0.559433,0.544651,0.434809,0.726777,0.582512,0.591754,0.512283
756,1,0.581270,0.593421,0.506919,0.586448,0.393476,0.699958,0.580983,0.579902,0.508075
757,1,0.335013,0.535547,0.522776,0.550832,0.391953,0.608392,0.528471,0.578855,0.536913
758,0,0.547276,0.533104,0.523261,0.529085,0.468992,0.541368,0.442793,0.530271,0.265411
759,0,0.603566,0.572750,0.503445,0.507647,0.424648,0.613314,0.489518,0.501714,0.306493
760,0,0.687164,0.622254,0.510773,0.500510,0.392166,0.683186,0.498404,0.548698,0.375658
761,0,0.581035,0.525707,0.513393,0.504275,0.369826,0.736990,0.569354,0.611128,0.636796
762,1,0.012248,0.385280,0.472388,0.512992,0.250238,0.230760,0.152461,0.336503,0.138916
764,0,0.599320,0.673891,0.548399,0.576851,0.510905,0.750365,0.570115,0.609515,0.339617
766,0,0.440691,0.646930,0.562080,0.552093,0.365614,0.705683,0.564422,0.562227,0.485544
767,1,0.579995,0.586926,0.545885,0.568688,0.432032,0.672088,0.612757,0.614339,0.563857
768,0,0.503161,0.480557,0.494184,0.512156,0.263927,0.479080,0.436097,0.517114,0.204826
769,1,0.624300,0.375355,0.425626,0.411957,0.182748,0.433816,0.368549,0.455571,0.272335
770,1,0.513979,0.468171,0.455862,0.461884,0.269855,0.594206,0.505775,0.575948,0.438424
771,0,0.577239,0.631246,0.562139,0.544446,0.384464,0.641224,0.514758,0.595944,0.373439
772,0,0.486742,0.570906,0.530169,0.522715,0.371283,0.582408,0.499456,0.524713,0.236370
773,0,0.598512,0.446796,0.476990,0.439839,0.262138,0.544460,0.476087,0.556331,0.260815
774,1,0.534675,0.657209,0.539564,0.551732,0.461845,0.727123,0.573844,0.606175,0.611764
775,1,0.194347,0.590467,0.529462,0.544291,0.436708,0.567866,0.471152,0.574114,0.206763
776,1,0.425671,0.517054,0.548605,0.546201,0.372108,0.549631,0.586403,0.631038,0.460398
777,1,0.632044,0.404181,0.459129,0.492808,0.333073,0.391752,0.418187,0.577023,0.185239
778,0,0.550574,0.569296,0.494490,0.428310,0.293526,0.716695,0.547945,0.570889,0.448826
779,0,0.719871,0.407632,0.445193,0.526055,0.161520,0.466326,0.406320,0.480184,0.201805
780,0,0.394593,0.566642,0.534649,0.561466,0.405824,0.559862,0.525647,0.523509,0.378218
781,1,0.102539,0.559646,0.532344,0.540026,0.385262,0.415073,0.459547,0.506270,0.315034
782,1,0.448775,0.406036,0.390732,0.349544,0.221307,0.477678,0.389155,0.392005,0.253496
783,1,0.559602,0.537211,0.501317,0.497526,0.351254,0.654097,0.557055,0.591039,0.532850
784,1,0.640900,0.473459,0.491516,0.491321,0.284008,0.527396,0.402647,0.486768,0.354480
786,0,0.251898,0.550246,0.522625,0.464893,0.509523,0.519166,0.465453,0.548747,0.294864
787,0,0.595845,0.623175,0.563224,0.579209,0.435185,0.706036,0.557720,0.610436,0.460918
788,0,0.693986,0.596135,0.569179,0.532770,0.418537,0.656260,0.571451,0.589807,0.591713
790,1,0.596773,0.452449,0.495654,0.511619,0.211644,0.463351,0.341105,0.530084,0.220667
792,1,0.674545,0.533344,0.502494,0.478349,0.311466,0.536071,0.450967,0.504602,0.454750
793,0,0.249653,0.416056,0.462987,0.417105,0.251074,0.450934,0.412885,0.517906,0.252337
794,1,0.665316,0.502474,0.512333,0.508378,0.439551,0.539649,0.480743,0.531693,0.432672
795,0,0.017367,0.558735,0.506745,0.515560,0.388786,0.335560,0.159152,0.350379,0.228569
796,0,0.545215,0.503871,0.425868,0.431795,0.347928,0.648671,0.533536,0.555344,0.601639
798,0,0.582399,0.529843,0.519548,0.546503,0.459188,0.656904,0.545053,0.602681,0.509302
799,0,0.550134,0.499697,0.468270,0.443245,0.363776,0.537952,0.451129,0.553534,0.290866
801,0,0.607413,0.500014,0.507044,0.514497,0.241810,0.562741,0.453293,0.606856,0.390442
802,1,0.688770,0.423426,0.499420,0.512137,0.352598,0.451116,0.511826,0.541859,0.442865
803,1,0.581035,0.560174,0.521262,0.482713,0.324515,0.600304,0.463827,0.503517,0.312167
805,0,0.241900,0.552156,0.545912,0.527828,0.369147,0.398657,0.435734,0.499575,0.289842
806,0,0.613964,0.566247,0.472307,0.443995,0.323427,0.538603,0.369488,0.497417,0.305075
808,0,0.389041,0.520094,0.547083,0.540873,0.391512,0.560737,0.569860,0.558321,0.488080
809,0,0.595474,0.671752,0.545710,0.536866,0.365486,0.758944,0.536495,0.630739,0.555035
811,1,0.540379,0.483957,0.488500,0.497476,0.305923,0.486401,0.409918,0.569252,0.339427
812,0,0.205046,0.489997,0.498426,0.493057,0.349910,0.378755,0.416835,0.461672,0.277646
813,0,0.725839,0.626341,0.513273,0.530585,0.445044,0.636862,0.454890,0.596326,0.328576
814,0,0.704608,0.520387,0.521379,0.487196,0.419376,0.557117,0.471172,0.535326,0.292602
815,0,0.405865,0.505383,0.464847,0.476359,0.293786,0.555765,0.397770,0.522180,0.455743
817,0,0.635357,0.426830,0.471992,0.436006,0.176385,0.463315,0.415354,0.507327,0.442257
818,0,0.628145,0.654247,0.539467,0.516214,0.485719,0.740721,0.605664,0.614082,0.560803
819,0,0.551125,0.523335,0.508510,0.530687,0.482240,0.592825,0.525720,0.579118,0.380438
822,1,0.591299,0.558124,0.512544,0.465744,0.331175,0.706266,0.513179,0.596322,0.367585
823,0,0.509222,0.580061,0.536035,0.522809,0.494300,0.594701,0.521172,0.578471,0.361934
825,0,0.707411,0.592562,0.547958,0.579837,0.278818,0.702798,0.541712,0.607328,0.440764
826,1,0.642427,0.620362,0.569245,0.557284,0.321822,0.613889,0.526730,0.598266,0.316460
827,1,0.512161,0.466347,0.497519,0.497644,0.303000,0.505283,0.473699,0.542707,0.271019
828,0,0.713387,0.546727,0.531558,0.546466,0.330558,0.608937,0.521053,0.633953,0.544729
830,0,0.558456,0.619945,0.557358,0.572495,0.396522,0.609835,0.606701,0.627100,0.489173
831,0,0.664554,0.481747,0.494045,0.496984,0.423432,0.494027,0.489305,0.570195,0.241824
833,0,0.671285,0.538484,0.541722,0.559751,0.421069,0.563887,0.573647,0.573719,0.419349
834,0,0.557323,0.566879,0.561555,0.545096,0.319587,0.616194,0.552083,0.613822,0.415655
835,0,0.629524,0.483929,0.520858,0.493363,0.288232,0.454500,0.451839,0.530298,0.434271
836,0,0.285574,0.512246,0.517261,0.499145,0.477739,0.434776,0.473479,0.515433,0.425693
837,0,0.544818,0.442763,0.478305,0.517416,0.480292,0.533094,0.473353,0.518470,0.357890
838,0,0.545786,0.634086,0.537564,0.558400,0.338866,0.682863,0.514589,0.477913,0.633835
840,1,0.516012,0.422519,0.493822,0.511759,0.298070,0.590167,0.535588,0.575785,0.381078
841,0,0.615595,0.561288,0.519095,0.525939,0.356291,0.623412,0.463580,0.592246,0.402410
842,0,0.693986,0.537442,0.530745,0.513283,0.373410,0.558142,0.519662,0.560577,0.344553
843,0,0.618904,0.553157,0.526581,0.522783,0.436810,0.651431,0.567883,0.560401,0.579087
844,0,0.542129,0.535791,0.542653,0.517304,0.483107,0.599684,0.563080,0.604339,0.349083
845,0,0.540385,0.595045,0.529934,0.505643,0.343680,0.659473,0.502240,0.526172,0.507801
846,1,0.604358,0.486705,0.538621,0.537937,0.304435,0.591325,0.523007,0.565743,0.402717
847,1,0.448775,0.441638,0.479849,0.413400,0.356646,0.516045,0.488503,0.540447,0.328863
848,0,0.544946,0.543024,0.520965,0.548269,0.406186,0.566968,0.508000,0.525946,0.442114
849,0,0.630994,0.526813,0.508288,0.462604,0.251875,0.682756,0.517213,0.571146,0.715293
850,0,0.490284,0.465759,0.493492,0.439902,0.373661,0.613449,0.574621,0.594279,0.467644
851,1,0.007826,0.447992,0.492436,0.457647,0.254059,0.194308,0.074501,0.106262,0.148368
852,1,0.433271,0.542856,0.530360,0.530506,0.411202,0.650712,0.537331,0.576714,0.537267
853,0,0.637394,0.502096,0.504437,0.517322,0.263908,0.566006,0.497722,0.560267,0.513114
854,1,0.565418,0.526981,0.508231,0.508345,0.294050,0.607855,0.432698,0.521198,0.336355
856,0,0.597473,0.484109,0.528237,0.518762,0.279158,0.542643,0.562618,0.602529,0.527031
857,0,0.294927,0.469217,0.508260,0.528450,0.362428,0.398306,0.491468,0.543318,0.370245
858,0,0.693986,0.488278,0.495164,0.474676,0.288024,0.532543,0.457401,0.517670,0.396449
860,0,0.376422,0.555082,0.563663,0.573287,0.437129,0.569581,0.571867,0.578654,0.413193
861,0,0.486742,0.619431,0.561852,0.563379,0.442649,0.568557,0.522361,0.545370,0.298747
863,0,0.681710,0.552160,0.535765,0.538155,0.412424,0.614075,0.517617,0.549183,0.404970
864,1,0.135004,0.623418,0.509673,0.527209,0.461322,0.527661,0.491626,0.473010,0.260523
866,0,0.711490,0.548652,0.536325,0.552373,0.383314,0.577016,0.524775,0.589399,0.355570
867,0,0.692343,0.538160,0.500133,0.500919,0.459550,0.677186,0.575719,0.601443,0.411189
868,0,0.594558,0.499600,0.536127,0.522975,0.315731,0.577979,0.507129,0.552203,0.391028
869,0,0.664554,0.572905,0.525029,0.607749,0.403462,0.665431,0.589891,0.592322,0.466712
870,1,0.701367,0.560583,0.493246,0.480797,0.356243,0.544429,0.456286,0.539805,0.420183
871,1,0.626194,0.567439,0.543613,0.531656,0.388655,0.532764,0.532684,0.592912,0.415900
873,1,0.553298,0.488338,0.509676,0.521345,0.335749,0.542831,0.518742,0.565353,0.501664
875,0,0.696993,0.585624,0.531649,0.539755,0.455095,0.566005,0.477391,0.574674,0.260658
876,0,0.556955,0.539212,0.540747,0.553838,0.396085,0.618606,0.528731,0.547052,0.450317
877,1,0.609170,0.521802,0.560118,0.591396,0.351454,0.602616,0.560137,0.580538,0.314585
878,0,0.429074,0.513544,0.489909,0.471331,0.262112,0.515001,0.458006,0.544079,0.257871
880,1,0.585491,0.520928,0.486637,0.521800,0.387423,0.580196,0.533205,0.557776,0.372205
881,0,0.726873,0.504634,0.535502,0.498428,0.434609,0.588698,0.538311,0.573115,0.288234
882,0,0.680885,0.525625,0.517245,0.526461,0.411969,0.580581,0.514686,0.592246,0.390543
883,0,0.676675,0.564995,0.537482,0.548987,0.428511,0.652772,0.547281,0.562215,0.328741
884,0,0.498585,0.494928,0.535485,0.596178,0.495421,0.577022,0.546365,0.578681,0.463605
885,0,0.588189,0.607157,0.520923,0.539493,0.385176,0.720369,0.619216,0.642058,0.584365
887,1,0.665098,0.505700,0.496471,0.476957,0.466496,0.581360,0.532329,0.575746,0.432460
889,1,0.390873,0.499641,0.503716,0.486585,0.247059,0.581653,0.510650,0.565253,0.414580
890,0,0.566366,0.505942,0.464719,0.412847,0.333212,0.586643,0.493111,0.552612,0.276312
891,0,0.667512,0.574125,0.531601,0.557653,0.398491,0.701305,0.586874,0.597374,0.412531
892,0,0.504259,0.523220,0.469425,0.538816,0.354931,0.545095,0.415914,0.540749,0.412172
894,0,0.495718,0.533434,0.481429,0.487571,0.315775,0.564792,0.419638,0.540802,0.277244
895,0,0.109026,0.479101,0.521531,0.563462,0.326424,0.292883,0.428536,0.519101,0.191023
898,1,0.742434,0.542401,0.526252,0.497761,0.369779,0.559524,0.448642,0.607710,0.323181
899,0,0.502911,0.527584,0.499774,0.425364,0.357078,0.597444,0.517939,0.551495,0.393844
900,1,0.173003,0.517651,0.514324,0.502571,0.347244,0.432080,0.478681,0.522605,0.352692
901,1,0.470939,0.517018,0.526520,0.531874,0.327252,0.653540,0.498122,0.569043,0.382687
902,1,0.442591,0.529838,0.471628,0.463514,0.401257,0.634701,0.441648,0.540853,0.380868
903,0,0.534294,0.601141,0.537611,0.522811,0.363253,0.578053,0.494732,0.549642,0.269565
904,1,0.248296,0.528178,0.523954,0.516875,0.366019,0.596610,0.644828,0.567158,0.425681
905,1,0.380757,0.516469,0.530319,0.536168,0.295175,0.580570,0.630980,0.548163,0.478076
906,0,0.543769,0.536107,0.505847,0.495324,0.417936,0.565607,0.553309,0.571627,0.335710
907,0,0.618066,0.521437,0.541568,0.485775,0.385044,0.587572,0.528752,0.578988,0.387708
908,0,0.556955,0.595754,0.492568,0.566908,0.377550,0.771719,0.471064,0.584329,0.443933
910,1,0.353005,0.486541,0.477063,0.529992,0.230008,0.562813,0.470184,0.505028,0.351199
911,0,0.005567,0.410992,0.471981,0.446870,0.220632,0.244453,0.155639,0.105735,0.115815
913,0,0.009666,0.565116,0.507364,0.535181,0.291271,0.410787,0.087688,0.225307,0.180292
914,0,0.188452,0.452359,0.494411,0.480571,0.285037,0.507182,0.392419,0.502948,0.221493
915,0,0.028163,0.499530,0.482191,0.425528,0.354589,0.332137,0.283678,0.381990,0.190287
917,0,0.486742,0.412618,0.445793,0.380825,0.203151,0.479383,0.392388,0.532405,0.343158
918,1,0.647275,0.674705,0.514275,0.518076,0.363916,0.749302,0.524173,0.644824,0.596877
919,0,0.112165,0.484116,0.489204,0.556534,0.381650,0.431227,0.348093,0.506740,0.365972
920,1,0.462045,0.488183,0.487386,0.503561,0.396962,0.596189,0.469983,0.581149,0.383101
921,1,0.557033,0.471092,0.502449,0.506210,0.198613,0.611934,0.494454,0.589475,0.395471
922,0,0.042234,0.639164,0.517368,0.543897,0.427909,0.445050,0.271998,0.338878,0.205348
923,1,0.612710,0.526235,0.538630,0.544011,0.334902,0.677793,0.663570,0.655942,0.678935
924,0,0.436244,0.549126,0.498799,0.544505,0.423561,0.642003,0.507178,0.621237,0.509356
925,0,0.525930,0.465477,0.528381,0.510600,0.287510,0.562363,0.550300,0.522143,0.484130
927,0,0.516012,0.580366,0.505213,0.522702,0.385277,0.727444,0.566768,0.593948,0.513413
928,0,0.472701,0.504069,0.493728,0.491377,0.312069,0.493449,0.464136,0.551382,0.562145
929,1,0.277920,0.582701,0.484778,0.435011,0.512203,0.566026,0.446617,0.526970,0.426112
930,0,0.735366,0.621015,0.542929,0.513332,0.387322,0.629150,0.502435,0.565199,0.282011
931,0,0.003444,0.639886,0.555532,0.547782,0.500437,0.376428,0.096049,0.115210,0.264719
932,0,0.612740,0.560849,0.502358,0.492641,0.486183,0.589861,0.475918,0.572963,0.403386
934,0,0.030718,0.554830,0.525287,0.467139,0.479793,0.364228,0.191186,0.382867,0.099177
935,0,0.003376,0.451863,0.438073,0.421449,0.292772,0.283692,0.062186,0.099346,0.110442
936,0,0.086455,0.504179,0.427478,0.420247,0.369574,0.463761,0.271313,0.406159,0.193449
937,1,0.436244,0.485142,0.488529,0.487250,0.362108,0.581751,0.496612,0.495375,0.433702
938,0,0.144365,0.489792,0.456552,0.437079,0.372957,0.425412,0.353557,0.470450,0.323528
940,0,0.319496,0.532947,0.483264,0.431550,0.425820,0.581639,0.489293,0.536002,0.460715
941,1,0.086880,0.505782,0.498283,0.469387,0.333956,0.464800,0.411751,0.443092,0.347656
942,0,0.543708,0.551649,0.528910,0.497280,0.375149,0.612511,0.550357,0.537620,0.504909
943,0,0.467920,0.487430,0.496352,0.499829,0.391046,0.617688,0.501260,0.631414,0.376309
944,1,0.155155,0.471429,0.483266,0.504558,0.332162,0.486104,0.448167,0.507670,0.296593
945,0,0.250782,0.522264,0.491408,0.425092,0.373743,0.571231,0.413058,0.534415,0.286908
947,0,0.034446,0.555703,0.498909,0.416141,0.366551,0.300217,0.263084,0.357030,0.237012
948,0,0.529906,0.508387,0.498344,0.537115,0.304138,0.592025,0.516065,0.555851,0.548228
949,1,0.599320,0.588506,0.558276,0.504751,0.416057,0.677970,0.631114,0.625947,0.529747
950,0,0.220717,0.496262,0.473464,0.471563,0.243562,0.552767,0.382573,0.516447,0.335721
951,0,0.063845,0.534638,0.488966,0.474355,0.401020,0.448849,0.276298,0.359710,0.336734
953,1,0.105822,0.467409,0.444129,0.459851,0.244410,0.402785,0.347265,0.467295,0.201378
954,0,0.428353,0.503764,0.483969,0.506018,0.297935,0.648446,0.507520,0.606612,0.368109
955,0,0.170642,0.490231,0.398748,0.435836,0.273492,0.406708,0.370747,0.502960,0.258654
956,0,0.014731,0.603907,0.520631,0.556916,0.434352,0.304585,0.189640,0.251529,0.211196
957,0,0.449431,0.443186,0.482785,0.458217,0.224586,0.568170,0.524904,0.579531,0.487001
958,0,0.416302,0.523713,0.509031,0.488099,0.376635,0.682329,0.520419,0.542517,0.478721
960,0,0.153180,0.510286,0.512644,0.543243,0.297496,0.491650,0.425967,0.528872,0.134212
963,0,0.017196,0.520883,0.493404,0.524522,0.390887,0.289908,0.226557,0.354628,0.184323
964,0,0.044726,0.579802,0.498042,0.538110,0.436977,0.425942,0.358207,0.424701,0.157716
965,1,0.551546,0.588168,0.524626,0.501220,0.456062,0.581110,0.534400,0.568402,0.301950
966,0,0.036325,0.438369,0.458262,0.448409,0.277992,0.306913,0.201400,0.360750,0.305031
967,1,0.054884,0.468259,0.499457,0.494062,0.337515,0.365987,0.222925,0.386378,0.151895
968,0,0.624484,0.603899,0.542031,0.539163,0.411032,0.739309,0.665785,0.660041,0.675550
969,0,0.069760,0.449887,0.469653,0.418326,0.332320,0.328399,0.255252,0.373956,0.107605
970,0,0.077756,0.503399,0.445571,0.477500,0.267409,0.434913,0.338003,0.491999,0.316763
971,0,0.001451,0.484290,0.485154,0.531725,0.321755,0.280105,0.101761,0.095221,0.289099
973,0,0.295846,0.501194,0.499026,0.455197,0.392142,0.529845,0.480517,0.532075,0.266941
974,0,0.088085,0.577960,0.512428,0.489332,0.421957,0.438609,0.357085,0.513814,0.196947
976,0,0.463056,0.550933,0.489458,0.527632,0.292336,0.750788,0.530244,0.572839,0.489821
977,1,0.472074,0.521256,0.504314,0.536042,0.386693,0.673543,0.511712,0.554408,0.410706
978,1,0.079759,0.460412,0.482755,0.508080,0.353477,0.373991,0.247613,0.391954,0.222006
979,0,0.501995,0.515698,0.476211,0.497854,0.321573,0.692600,0.511794,0.604386,0.596377
980,1,0.326321,0.328649,0.426477,0.449006,0.203788,0.320201,0.390057,0.516725,0.237947
981,0,0.194962,0.440373,0.459350,0.499005,0.183676,0.481910,0.398876,0.470987,0.215038
982,0,0.450341,0.577072,0.453782,0.429417,0.321728,0.703124,0.457176,0.585939,0.399812
985,0,0.543714,0.520910,0.459975,0.410401,0.372223,0.643870,0.547756,0.608020,0.359382
988,1,0.023476,0.540311,0.469934,0.528814,0.340580,0.403275,0.276071,0.396411,0.214188
989,0,0.175041,0.519734,0.500201,0.544658,0.311105,0.502494,0.498709,0.558791,0.253326
991,0,0.587484,0.487246,0.457461,0.467252,0.262069,0.634263,0.488059,0.597517,0.535890
992,1,0.381764,0.568437,0.482116,0.536723,0.428740,0.717887,0.417240,0.593841,0.316695
993,0,0.511335,0.515682,0.508684,0.536307,0.294954,0.539438,0.497499,0.559167,0.200112
994,0,0.010333,0.481039,0.417462,0.434208,0.205764,0.202077,0.218639,0.257347,0.038388
995,0,0.669344,0.511828,0.488216,0.542025,0.302829,0.608374,0.519692,0.606886,0.409565
996,0,0.206718,0.503682,0.477949,0.490161,0.385772,0.416702,0.303550,0.547530,0.452266
998,1,0.365267,0.595011,0.508340,0.572281,0.428927,0.606983,0.473700,0.579575,0.289234
999,1,0.039949,0.401006,0.400904,0.380391,0.238928,0.286478,0.167205,0.291043,0.261151
1000,0,0.539451,0.406878,0.489494,0.500253,0.260949,0.472615,0.466023,0.557099,0.337776
1002,0,0.208646,0.508975,0.525933,0.492786,0.331175,0.471109,0.524846,0.472202,0.250910
1003,0,0.442384,0.449356,0.406859,0.424860,0.253497,0.616392,0.321134,0.507274,0.259352
1004,1,0.431438,0.482290,0.523681,0.541162,0.264319,0.530809,0.614167,0.554594,0.379657
1005,0,0.424048,0.466395,0.483974,0.462521,0.269977,0.395448,0.378418,0.478279,0.227369
1009,1,0.406463,0.516160,0.536159,0.535605,0.453866,0.517280,0.503382,0.528635,0.443283
1010,0,0.491198,0.563129,0.505613,0.512220,0.285534,0.634175,0.477401,0.601921,0.358520
1011,0,0.588156,0.558217,0.514153,0.525124,0.326839,0.552887,0.465068,0.573403,0.287372
1012,1,0.000283,0.483065,0.491637,0.499066,0.387652,0.191085,0.057233,0.090372,0.102921
1013,1,0.445386,0.572155,0.514464,0.530982,0.306298,0.602485,0.535417,0.558731,0.668555
1014,0,0.205822,0.398228,0.435431,0.473886,0.337858,0.409996,0.368155,0.488686,0.202864
1015,1,0.621211,0.589852,0.545521,0.525921,0.293638,0.693256,0.577328,0.609742,0.442963
1016,1,0.431438,0.543821,0.540759,0.580835,0.475060,0.603226,0.627115,0.543116,0.335016
1017,0,0.624300,0.564980,0.507909,0.595316,0.361207,0.599091,0.491197,0.565615,0.269323
1019,0,0.682205,0.452306,0.451388,0.433880,0.213747,0.482309,0.375922,0.503758,0.261626
1020,1,0.449529,0.399886,0.500466,0.487994,0.365031,0.391914,0.461708,0.540621,0.299743
1022,0,0.372338,0.461486,0.427247,0.434493,0.441888,0.438319,0.364314,0.420484,0.244483
1023,0,0.518098,0.427250,0.507019,0.491219,0.200620,0.378107,0.404895,0.473596,0.350562
1024,1,0.470350,0.434949,0.486334,0.463816,0.275118,0.438357,0.471018,0.522998,0.372891
1025,0,0.601444,0.451889,0.484868,0.463974,0.346485,0.546193,0.423615,0.554113,0.412743
1026,1,0.600761,0.655101,0.547461,0.524050,0.461899,0.708811,0.608053,0.603332,0.449595
1028,0,0.635285,0.499479,0.427141,0.303563,0.359810,0.595757,0.532682,0.564778,0.552901
1029,0,0.494238,0.383049,0.389838,0.445506,0.239263,0.385875,0.265276,0.452481,0.165533
1030,0,0.111116,0.427767,0.482589,0.506112,0.210112,0.294726,0.255919,0.416797,0.188828
1031,1,0.152260,0.559097,0.546821,0.541387,0.412785,0.426108,0.516819,0.481038,0.302656
1032,1,0.672804,0.506699,0.481451,0.539892,0.362393,0.489229,0.409095,0.545549,0.290130
1034,0,0.607329,0.422510,0.478602,0.499840,0.293317,0.506839,0.476305,0.508831,0.349845
1036,1,0.405518,0.527193,0.454304,0.394483,0.428361,0.620521,0.435942,0.530611,0.506623
1037,1,0.624213,0.519174,0.486290,0.491501,0.283433,0.658559,0.587291,0.619373,0.564840
1038,1,0.373282,0.365999,0.433556,0.277201,0.155141,0.323691,0.332262,0.440559,0.365481
1040,1,0.466917,0.558136,0.512024,0.534689,0.503523,0.546944,0.443167,0.527300,0.395777
1041,0,0.601541,0.508235,0.475967,0.476763,0.310976,0.548598,0.466602,0.501997,0.290288
1042,1,0.673768,0.364372,0.421042,0.453286,0.239404,0.437298,0.433712,0.471497,0.280678
1043,1,0.638491,0.489031,0.511554,0.515908,0.300608,0.493786,0.602433,0.538324,0.223017
1044,0,0.701925,0.413773,0.489416,0.500011,0.307784,0.440611,0.395874,0.476598,0.296877
1045,0,0.586685,0.395877,0.471906,0.485036,0.206843,0.501690,0.463120,0.506358,0.316139
1047,0,0.374850,0.567826,0.518180,0.525309,0.312581,0.544584,0.462964,0.542271,0.383409
1048,0,0.610425,0.560200,0.500409,0.526351,0.426494,0.565045,0.465343,0.561699,0.373983
1049,0,0.654510,0.498506,0.491940,0.486896,0.395997,0.520665,0.452185,0.531280,0.376625
1050,0,0.677851,0.457033,0.505663,0.482253,0.337187,0.528875,0.480020,0.573624,0.302046
1051,0,0.442384,0.381173,0.364851,0.324826,0.264353,0.551221,0.297959,0.555869,0.331145
1052,0,0.006891,0.510245,0.488920,0.483006,0.352822,0.312895,0.075357,0.194886,0.115198
1054,1,0.566363,0.436731,0.493212,0.466747,0.259143,0.493667,0.525706,0.552638,0.417219
1055,1,0.643137,0.580507,0.530454,0.508533,0.573166,0.604359,0.477912,0.489336,0.477871
1056,0,0.584037,0.487925,0.502255,0.486387,0.307674,0.530337,0.439193,0.510616,0.408530
1057,1,0.676675,0.454812,0.509128,0.493826,0.352341,0.502563,0.556171,0.598435,0.440323
1058,0,0.494238,0.421560,0.441988,0.498076,0.128451,0.396375,0.255480,0.510884,0.244332
1059,0,0.208646,0.508975,0.525933,0.492786,0.331175,0.471109,0.524846,0.472202,0.250910
1060,0,0.009120,0.439861,0.458790,0.470783,0.276469,0.237073,0.182534,0.192229,0.171217
1061,0,0.621340,0.510408,0.474053,0.432220,0.312461,0.553998,0.436730,0.543957,0.459484
1062,1,0.477885,0.514104,0.519015,0.548402,0.299604,0.565227,0.576137,0.574684,0.323594
1063,1,0.282209,0.626760,0.554295,0.565011,0.468246,0.515591,0.501869,0.542655,0.340956
1064,1,0.066210,0.480268,0.485964,0.483819,0.399716,0.268063,0.254003,0.470285,0.134052
1066,0,0.495459,0.434555,0.472617,0.449620,0.285548,0.443163,0.436319,0.490020,0.367342
1067,0,0.568966,0.506496,0.517080,0.488141,0.429766,0.626279,0.516916,0.557384,0.298904
1068,0,0.116632,0.481430,0.497684,0.552064,0.312940,0.380473,0.438828,0.465512,0.228563
1069,0,0.565697,0.551254,0.523386,0.542379,0.359658,0.625148,0.471551,0.496081,0.339053
1070,0,0.478794,0.569396,0.519089,0.559534,0.281687,0.611797,0.459949,0.590734,0.417718
1072,0,0.577239,0.661872,0.546956,0.491982,0.504845,0.705180,0.528424,0.615626,0.511125
1076,0,0.111116,0.441084,0.445110,0.463814,0.312730,0.340294,0.274299,0.505701,0.161903
1077,0,0.360148,0.533302,0.471153,0.508567,0.346114,0.490666,0.454366,0.556871,0.196039
1078,0,0.649971,0.556660,0.514319,0.578218,0.450968,0.563091,0.459882,0.554197,0.349092
1079,0,0.581705,0.390881,0.487682,0.514763,0.271374,0.461617,0.474257,0.520901,0.253573
1080,0,0.319848,0.523034,0.528144,0.537362,0.466685,0.419713,0.430810,0.485555,0.296364
1081,1,0.583250,0.467768,0.525047,0.562441,0.275473,0.550555,0.575528,0.566739,0.284749
1082,0,0.449742,0.534839,0.466706,0.503017,0.332603,0.502244,0.349607,0.482004,0.240157
1083,0,0.568052,0.415078,0.450016,0.470383,0.276162,0.484301,0.289998,0.551154,0.336020
1084,0,0.576557,0.480247,0.479672,0.466069,0.351232,0.539094,0.473921,0.494519,0.545706
1086,1,0.641118,0.428715,0.488196,0.505964,0.254622,0.471395,0.407877,0.465760,0.277083
1087,0,0.568052,0.409088,0.453052,0.456408,0.273792,0.479539,0.314545,0.522565,0.359089
1088,1,0.638491,0.528123,0.527726,0.504772,0.347751,0.537209,0.619717,0.526332,0.202342
1089,1,0.433358,0.378489,0.430096,0.302673,0.154303,0.351771,0.315031,0.442481,0.385423
1090,0,0.672686,0.520129,0.470618,0.460503,0.421518,0.562508,0.463430,0.505488,0.352760
1091,1,0.673768,0.364372,0.421042,0.453286,0.239404,0.437298,0.433712,0.471497,0.280678
1092,0,0.639709,0.577815,0.543370,0.554711,0.347907,0.611183,0.532853,0.618768,0.362539
1093,1,0.618098,0.583064,0.494727,0.530998,0.406080,0.611996,0.475429,0.538387,0.389387
1094,1,0.405865,0.529853,0.513934,0.410031,0.397981,0.498108,0.445547,0.484538,0.396123
1095,0,0.650339,0.391531,0.482864,0.501995,0.355252,0.493335,0.489297,0.516852,0.227647
1096,0,0.599931,0.546503,0.475908,0.564557,0.240051,0.483108,0.363370,0.556582,0.217756
1099,1,0.499700,0.527871,0.523942,0.521743,0.299555,0.511603,0.554963,0.591449,0.568936
1100,1,0.653311,0.519974,0.463442,0.409567,0.362290,0.662325,0.504927,0.597779,0.680132
1101,0,0.618098,0.533083,0.476954,0.515788,0.430425,0.633958,0.430324,0.584066,0.361908
1102,1,0.471252,0.442502,0.446082,0.480290,0.347850,0.508366,0.410291,0.530707,0.267712
1103,0,0.039027,0.536099,0.473495,0.464329,0.353770,0.319801,0.235181,0.361157,0.375453
1106,0,0.610425,0.462497,0.468007,0.477891,0.297707,0.602544,0.449700,0.538221,0.417771
1107,0,0.004996,0.332504,0.427890,0.453032,0.258938,0.176097,0.047956,0.196116,0.111992
1108,0,0.024330,0.435907,0.458872,0.437669,0.219702,0.270649,0.199759,0.292342,0.158875
1109,0,0.076112,0.446409,0.409850,0.428800,0.389493,0.281274,0.212644,0.366531,0.097668
1110,0,0.006126,0.502615,0.520401,0.501175,0.223322,0.291030,0.103825,0.138343,0.058488
1112,0,0.371101,0.460878,0.471613,0.517697,0.405970,0.502043,0.496132,0.588417,0.358578
1114,0,0.004549,0.364920,0.442917,0.463262,0.194977,0.162085,0.045464,0.119823,0.046835
1115,0,0.000395,0.414723,0.471017,0.437590,0.262190,0.193496,0.035996,0.086447,0.136951
1117,0,0.017660,0.341944,0.446137,0.474645,0.252566,0.212986,0.210298,0.342753,0.073751
1119,0,0.308706,0.353510,0.398318,0.381252,0.231065,0.495487,0.402197,0.496675,0.211911
1120,0,0.183764,0.360239,0.472111,0.485908,0.241206,0.366840,0.454755,0.550481,0.209599
1122,0,0.722725,0.455935,0.425701,0.448683,0.191246,0.534169,0.279272,0.576740,0.200689
1124,0,0.077640,0.504568,0.474103,0.465893,0.295586,0.434968,0.313104,0.375873,0.262520
1125,0,0.004847,0.459141,0.427642,0.362041,0.259993,0.267510,0.054846,0.100534,0.202997
1126,0,0.189494,0.456683,0.476598,0.482056,0.351010,0.392512,0.357759,0.440776,0.170166
1127,0,0.248682,0.550948,0.509934,0.533360,0.358949,0.556387,0.458765,0.577993,0.432607
1128,1,0.059865,0.550976,0.553401,0.530752,0.446622,0.351614,0.298640,0.405880,0.211343
1129,0,0.547276,0.433966,0.456305,0.471864,0.313192,0.551700,0.436913,0.559971,0.383730
1130,1,0.010660,0.409679,0.467417,0.479475,0.346446,0.224830,0.131952,0.166748,0.103716
1131,1,0.526974,0.357163,0.273609,0.377494,0.248307,0.368622,0.280422,0.464834,0.181293
1132,1,0.648746,0.387955,0.416833,0.406674,0.269068,0.532104,0.407351,0.528029,0.412135
1133,0,0.004531,0.403913,0.471757,0.502956,0.286340,0.226826,0.092761,0.117592,0.090155
1134,0,0.031957,0.404497,0.453329,0.522821,0.249762,0.257612,0.204230,0.313135,0.160117
1135,0,0.048533,0.486110,0.414157,0.411142,0.399657,0.344191,0.197039,0.364338,0.134641
1136,0,0.021788,0.495498,0.498016,0.502609,0.317410,0.292288,0.191708,0.304964,0.182348
1137,1,0.017022,0.381291,0.448195,0.425306,0.216125,0.239820,0.227801,0.375484,0.112324
1139,0,0.000914,0.417741,0.435596,0.439553,0.197887,0.208940,0.041652,0.098109,0.172978
1140,0,0.395743,0.319016,0.358418,0.441450,0.119381,0.428779,0.355796,0.519195,0.375216
1141,0,0.015638,0.430229,0.429575,0.450154,0.387910,0.201640,0.159317,0.372671,0.142209
1143,0,0.000962,0.402008,0.422736,0.471477,0.228494,0.185538,0.064841,0.140816,0.098047
1144,0,0.653133,0.490339,0.489953,0.499868,0.399162,0.573828,0.437868,0.587989,0.544100
1145,0,0.169593,0.403827,0.439403,0.478962,0.212424,0.424263,0.382707,0.422327,0.241255
1146,0,0.005729,0.368774,0.410271,0.450986,0.170404,0.230702,0.059068,0.084567,0.139709
1147,0,0.019248,0.473115,0.478129,0.483568,0.360584,0.267297,0.212259,0.278305,0.133247
1148,0,0.004520,0.421090,0.442409,0.455288,0.355817,0.274885,0.042545,0.131834,0.169765
1149,1,0.578025,0.484762,0.430911,0.462781,0.399671,0.669584,0.463448,0.549570,0.469239
1151,0,0.621408,0.422939,0.447698,0.514608,0.216776,0.618978,0.557998,0.640319,0.403595
1153,0,0.561076,0.550478,0.498883,0.539556,0.420660,0.613632,0.475085,0.563435,0.329466
1154,0,0.078654,0.487172,0.542204,0.555267,0.254097,0.338956,0.396514,0.464094,0.196189
1155,0,0.092006,0.323775,0.431673,0.396898,0.144472,0.282213,0.370264,0.432495,0.103390
1156,0,0.004272,0.454674,0.480931,0.448076,0.294032,0.235592,0.037161,0.177293,0.185143
1157,0,0.024398,0.375616,0.480555,0.476296,0.326772,0.223160,0.183929,0.295833,0.186483
1158,1,0.216977,0.368585,0.450455,0.456899,0.219732,0.389275,0.466535,0.533029,0.271261
1159,0,0.000380,0.330697,0.436531,0.449847,0.292311,0.161625,0.024042,0.127883,0.069062
1161,1,0.011142,0.406145,0.481690,0.434700,0.293667,0.252002,0.128919,0.159300,0.121069
1162,0,0.560596,0.486222,0.495558,0.553780,0.368319,0.630932,0.561855,0.602379,0.410002
1163,0,0.112212,0.413260,0.435323,0.395677,0.173517,0.327746,0.391751,0.490522,0.229504
1165,1,0.548376,0.341621,0.392869,0.409444,0.235791,0.418548,0.420968,0.411991,0.226361
1166,0,0.439891,0.338723,0.358870,0.425121,0.184258,0.440107,0.414770,0.490998,0.317522
1167,1,0.596832,0.292799,0.414405,0.430078,0.211965,0.386730,0.450388,0.587355,0.396757
1168,0,0.018918,0.393166,0.433507,0.405847,0.208257,0.207605,0.184071,0.294772,0.127336
1170,0,0.719871,0.442301,0.485686,0.479546,0.244243,0.557396,0.384939,0.567590,0.300628
1171,0,0.284401,0.404713,0.412430,0.456486,0.223112,0.447093,0.444303,0.550788,0.431196
1172,0,0.007358,0.432730,0.467680,0.480026,0.295921,0.259926,0.025390,0.103485,0.089363
1173,0,0.148181,0.579373,0.482222,0.477008,0.370184,0.479152,0.418138,0.513977,0.404460
1174,0,0.002241,0.430504,0.436428,0.399919,0.266101,0.241870,0.077740,0.088105,0.082739
1175,1,0.408161,0.382056,0.453198,0.428450,0.311681,0.468412,0.473936,0.531003,0.316353
1176,0,0.149039,0.461339,0.430425,0.488629,0.308540,0.399197,0.413654,0.456229,0.193229
1177,1,0.015960,0.333956,0.356579,0.424259,0.165213,0.181830,0.195213,0.279790,0.084287
1178,0,0.444201,0.357561,0.437619,0.418054,0.217395,0.507346,0.511740,0.595192,0.472169
1179,0,0.328367,0.429371,0.520723,0.576460,0.299691,0.448948,0.567504,0.609690,0.308952
1180,0,0.004576,0.489987,0.486995,0.526745,0.208634,0.315715,0.099422,0.129857,0.174145
1182,0,0.033793,0.404699,0.455530,0.436291,0.201856,0.224185,0.202560,0.316367,0.122194
1183,1,0.524931,0.395271,0.456482,0.427043,0.202553,0.557077,0.528612,0.549276,0.487992
1185,0,0.025806,0.406897,0.448295,0.420039,0.256201,0.176800,0.202578,0.201374,0.084529
1187,0,0.098457,0.499034,0.478766,0.501030,0.296296,0.430023,0.375997,0.511954,0.227702
1188,0,0.172225,0.479772,0.513333,0.499695,0.352142,0.410502,0.468650,0.439284,0.258585
1190,0,0.329631,0.433145,0.453882,0.494074,0.317359,0.460776,0.421989,0.524225,0.398066
1191,0,0.006254,0.386862,0.463024,0.519166,0.176349,0.224830,0.076108,0.220455,0.159505
1192,0,0.471607,0.437383,0.486832,0.473700,0.245060,0.504300,0.523162,0.575393,0.359900
1194,0,0.676675,0.383309,0.472315,0.414782,0.319574,0.516172,0.533931,0.542695,0.548306
1196,0,0.009291,0.385684,0.419876,0.412121,0.309574,0.210107,0.052103,0.147359,0.088636
1197,0,0.288207,0.495647,0.464698,0.515723,0.348906,0.545888,0.471908,0.588436,0.233442
1198,0,0.005759,0.462591,0.443894,0.401061,0.301724,0.258901,0.040391,0.095388,0.132537
1200,0,0.338647,0.457244,0.486022,0.529986,0.280239,0.408829,0.455683,0.524306,0.264302
1201,0,0.318108,0.555324,0.539396,0.535813,0.466423,0.554156,0.552620,0.574082,0.319591
1202,0,0.013975,0.493055,0.425364,0.423478,0.273035,0.215451,0.148796,0.231773,0.174317
1204,0,0.284352,0.525940,0.499070,0.525313,0.294099,0.580666,0.473282,0.547596,0.280145
1206,0,0.133960,0.702560,0.557916,0.560980,0.491444,0.555708,0.472789,0.534085,0.481585
1208,0,0.494451,0.453256,0.461336,0.505558,0.300654,0.613308,0.503497,0.590766,0.358614
1209,1,0.057429,0.604733,0.499057,0.464240,0.400859,0.434804,0.217557,0.389938,0.208773
1210,0,0.191530,0.486009,0.483913,0.486345,0.244235,0.457321,0.371283,0.511362,0.300350
1211,1,0.384940,0.573804,0.500551,0.498144,0.477744,0.568821,0.464695,0.523477,0.461284
1212,0,0.162320,0.679230,0.559734,0.536270,0.531572,0.567186,0.519077,0.566175,0.399610
1213,0,0.388373,0.644694,0.521915,0.546728,0.480476,0.695983,0.540045,0.596961,0.491007
1214,0,0.366339,0.592676,0.571678,0.587402,0.623468,0.601002,0.587536,0.609421,0.584927
1216,0,0.467605,0.529633,0.509913,0.514433,0.421923,0.557521,0.522779,0.546064,0.296040
1217,1,0.621028,0.587754,0.518631,0.487588,0.443618,0.605890,0.457615,0.470929,0.444423
1218,1,0.472430,0.510523,0.500994,0.545967,0.490254,0.509059,0.564528,0.568694,0.433412
1219,0,0.473259,0.523539,0.486458,0.472253,0.400113,0.618411,0.558476,0.613014,0.445772
1220,1,0.274018,0.580673,0.488594,0.470646,0.395571,0.543616,0.499038,0.558859,0.509800
1221,1,0.425034,0.590084,0.545920,0.562660,0.419942,0.573284,0.534851,0.567928,0.219031
1222,0,0.227165,0.549604,0.435013,0.508586,0.357988,0.490317,0.339616,0.515987,0.325810
1223,1,0.256752,0.578032,0.480352,0.428697,0.424454,0.536164,0.410744,0.489003,0.481400
1225,0,0.141136,0.539207,0.513322,0.538000,0.397125,0.478415,0.510072,0.539726,0.255616
1227,0,0.055766,0.582540,0.531692,0.578326,0.428912,0.421654,0.286156,0.366573,0.214599
1228,0,0.019847,0.543344,0.456202,0.410261,0.322205,0.292075,0.200165,0.385925,0.208270
1229,1,0.119324,0.481955,0.402929,0.283852,0.387618,0.391892,0.352078,0.501309,0.154531
1230,1,0.671285,0.542990,0.487769,0.351559,0.395853,0.702132,0.550665,0.603568,0.303212
1231,1,0.559691,0.656627,0.566237,0.572262,0.559605,0.690907,0.594636,0.624518,0.562406
1232,0,0.262362,0.537608,0.491300,0.508068,0.345046,0.530954,0.495765,0.588436,0.479616
1233,0,0.163190,0.373161,0.375442,0.337889,0.245362,0.381507,0.355155,0.504728,0.218212
1234,0,0.430298,0.486404,0.437456,0.467449,0.296689,0.489238,0.469532,0.614472,0.335115
1237,0,0.246658,0.481095,0.468774,0.463390,0.368234,0.347389,0.396256,0.454764,0.209803
1239,0,0.508427,0.642803,0.519243,0.538499,0.501839,0.679251,0.570878,0.580348,0.468691
1240,1,0.283325,0.527491,0.460100,0.384503,0.357037,0.515692,0.403471,0.513306,0.369820
1241,0,0.004824,0.379157,0.451359,0.502196,0.387701,0.203243,0.047577,0.163353,0.175580
1243,1,0.641333,0.478432,0.492925,0.499650,0.347344,0.631916,0.535430,0.577868,0.454236
1244,1,0.338684,0.477970,0.497074,0.451860,0.381617,0.473748,0.479466,0.495538,0.322639
1245,1,0.506556,0.548410,0.512208,0.455472,0.403066,0.560335,0.453752,0.531812,0.434494
1246,0,0.024134,0.504292,0.488161,0.541676,0.260483,0.275816,0.234334,0.291694,0.347968
1247,0,0.494238,0.559198,0.488607,0.494734,0.349017,0.646746,0.565377,0.566337,0.344845
1248,1,0.545109,0.528502,0.482983,0.417503,0.328710,0.710960,0.548431,0.565899,0.354967
1249,0,0.002613,0.486042,0.480475,0.476324,0.369566,0.235185,0.037156,0.110917,0.065983
1250,1,0.578025,0.595297,0.506008,0.452554,0.417664,0.695289,0.570019,0.614951,0.436956
1251,1,0.413545,0.468117,0.465388,0.474894,0.302478,0.527637,0.506287,0.575729,0.376306
1252,0,0.268064,0.564643,0.532502,0.556570,0.354797,0.475227,0.513870,0.572819,0.285522
1254,1,0.536764,0.536246,0.514700,0.531138,0.384563,0.547049,0.494787,0.541852,0.618407
1255,0,0.016680,0.540663,0.512468,0.562684,0.356575,0.322254,0.282662,0.405272,0.346392
1256,0,0.171565,0.392687,0.403958,0.475351,0.273649,0.354257,0.297649,0.465361,0.251059
1257,1,0.273047,0.492860,0.484543,0.511500,0.344998,0.408110,0.394764,0.486498,0.217707
1258,0,0.001316,0.457088,0.426779,0.341656,0.304981,0.220652,0.043805,0.098380,0.186323
1259,0,0.008859,0.447783,0.472941,0.460290,0.228113,0.235127,0.111603,0.216912,0.053974
1261,0,0.002612,0.531369,0.513907,0.516958,0.274481,0.268771,0.058893,0.122820,0.083058
1262,0,0.185346,0.614954,0.550961,0.482449,0.554748,0.571259,0.539357,0.557668,0.435227
1264,0,0.337073,0.623399,0.504429,0.501409,0.242476,0.636068,0.404892,0.534559,0.277347
1265,0,0.662379,0.559681,0.517035,0.565174,0.348390,0.622487,0.465605,0.660208,0.304935
1266,1,0.290891,0.440547,0.374238,0.276702,0.254591,0.528704,0.399061,0.569549,0.293742
1267,0,0.044397,0.555764,0.467108,0.467000,0.382590,0.329311,0.170437,0.331064,0.225580
1268,1,0.566726,0.626056,0.536454,0.533826,0.432042,0.695046,0.528204,0.575629,0.531291
1269,0,0.139429,0.452977,0.455884,0.456772,0.345773,0.372249,0.349589,0.494224,0.349418
1270,0,0.165689,0.612667,0.514304,0.542301,0.439205,0.514503,0.450454,0.515505,0.352331
1271,0,0.453629,0.578500,0.494060,0.495092,0.348139,0.631748,0.524145,0.618591,0.498096
1272,0,0.598512,0.517623,0.502585,0.462793,0.305610,0.537522,0.475747,0.536522,0.293662
1274,0,0.333997,0.540270,0.449544,0.449543,0.267978,0.507148,0.361572,0.477647,0.402475
1275,0,0.317651,0.659899,0.539919,0.498820,0.577202,0.674945,0.563276,0.597375,0.438912
1277,1,0.550276,0.555975,0.503208,0.538495,0.435727,0.599496,0.507340,0.576987,0.421463
1278,0,0.411808,0.496686,0.496315,0.442521,0.312460,0.623300,0.499484,0.559687,0.416286
1281,0,0.635285,0.405018,0.452552,0.446487,0.331654,0.642021,0.529178,0.586723,0.602605
1282,0,0.002967,0.474187,0.425142,0.415203,0.372372,0.265754,0.079188,0.112253,0.143026
1283,1,0.560678,0.551235,0.504452,0.491996,0.420964,0.583148,0.515402,0.493994,0.339548
1285,1,0.340284,0.461882,0.460856,0.472462,0.255289,0.527469,0.476537,0.576659,0.361235
1286,0,0.543744,0.570778,0.516973,0.542572,0.350529,0.588734,0.495917,0.581166,0.326519
1289,0,0.110354,0.448069,0.462122,0.499170,0.300907,0.311961,0.327631,0.420338,0.113071
1291,1,0.601536,0.529689,0.504294,0.511722,0.447233,0.573844,0.531331,0.567557,0.383498
1292,0,0.491002,0.560791,0.527116,0.480105,0.352672,0.645882,0.532350,0.565525,0.347374
1293,1,0.018779,0.537791,0.491047,0.511484,0.324766,0.372687,0.155399,0.342547,0.248524
1295,0,0.025340,0.514165,0.534078,0.497640,0.356884,0.319155,0.265656,0.375808,0.217301
1296,0,0.257554,0.498389,0.490154,0.523531,0.339236,0.447258,0.430110,0.534363,0.340461
1297,0,0.385289,0.698710,0.575249,0.580529,0.592352,0.663230,0.576301,0.582146,0.588192
1298,0,0.599320,0.572500,0.535814,0.539772,0.424930,0.611778,0.452321,0.555634,0.566091
1299,1,0.413000,0.491513,0.462347,0.486423,0.345625,0.573787,0.506606,0.567419,0.408419
1300,0,0.353982,0.447527,0.483971,0.402800,0.271442,0.370995,0.409337,0.510783,0.345297
1301,1,0.507086,0.462158,0.481920,0.470402,0.351272,0.484041,0.541313,0.575996,0.422157
1302,0,0.244659,0.593116,0.487808,0.477505,0.522955,0.564993,0.472309,0.542161,0.371792
1304,1,0.269844,0.652860,0.580332,0.590183,0.457877,0.637498,0.573676,0.576086,0.478469
1306,0,0.001344,0.599345,0.505954,0.547570,0.433131,0.349591,0.052289,0.142450,0.146792
1307,0,0.040914,0.568608,0.529289,0.523087,0.369924,0.360723,0.197849,0.374067,0.144742
1308,0,0.507543,0.521004,0.482179,0.508724,0.286898,0.643123,0.439658,0.522855,0.533156
1310,1,0.604358,0.532363,0.460382,0.456734,0.441864,0.713691,0.515293,0.603165,0.531282
1311,1,0.496256,0.537048,0.467305,0.433428,0.463977,0.569381,0.457027,0.557235,0.367475
1312,1,0.677851,0.564789,0.544488,0.520600,0.391663,0.683655,0.572548,0.668273,0.594346
1313,0,0.525871,0.578715,0.518114,0.559370,0.406018,0.720482,0.581189,0.624139,0.484716
1314,0,0.551125,0.583913,0.495332,0.481120,0.424405,0.654924,0.543350,0.583545,0.359907
1316,1,0.487806,0.572280,0.530168,0.472744,0.402297,0.702499,0.583438,0.569243,0.611386
1317,1,0.244039,0.387625,0.443036,0.470690,0.274145,0.366254,0.405827,0.511057,0.294930
1318,1,0.527447,0.403139,0.487762,0.462029,0.264036,0.456582,0.415413,0.457525,0.215795
1320,0,0.370600,0.562849,0.550532,0.590648,0.438058,0.606199,0.606822,0.630812,0.386377
1322,1,0.495459,0.514982,0.538224,0.554006,0.416350,0.585480,0.595927,0.571893,0.387098
1324,0,0.132784,0.603629,0.555994,0.579344,0.433281,0.467069,0.457509,0.472333,0.272088
1325,1,0.452310,0.496332,0.466907,0.503294,0.335511,0.559321,0.434773,0.524698,0.370465
1326,0,0.318607,0.511770,0.504263,0.509794,0.399366,0.596267,0.547138,0.629032,0.458279
1328,0,0.032778,0.532657,0.479887,0.539735,0.394725,0.305673,0.148052,0.306783,0.182313
1329,1,0.547209,0.606568,0.500492,0.503508,0.528242,0.780164,0.623313,0.683035,0.609098
1330,1,0.356502,0.533816,0.502939,0.524282,0.400187,0.539734,0.475694,0.513547,0.282577
1331,0,0.514460,0.577488,0.527825,0.552904,0.432567,0.661281,0.537147,0.573907,0.467073
1332,0,0.201182,0.547169,0.508818,0.509034,0.362240,0.506807,0.485641,0.478240,0.233126
1333,1,0.259458,0.623641,0.498869,0.485534,0.441267,0.627284,0.513106,0.578460,0.355563
1336,1,0.299204,0.553855,0.527068,0.569931,0.447833,0.559077,0.502776,0.541898,0.360288
1337,0,0.514980,0.601805,0.540095,0.551478,0.415529,0.699346,0.646695,0.666068,0.563340
1338,0,0.528353,0.484645,0.516953,0.526506,0.306909,0.524741,0.499248,0.562805,0.404092
1339,1,0.359774,0.470504,0.473047,0.440754,0.232459,0.588853,0.526506,0.528318,0.385188
1341,1,0.536174,0.426347,0.424523,0.427636,0.302128,0.596370,0.509226,0.601999,0.503198
1342,1,0.457889,0.523354,0.529897,0.489313,0.394471,0.616216,0.552186,0.534311,0.499207
1343,1,0.459855,0.537498,0.512392,0.486187,0.431279,0.670123,0.544680,0.567201,0.662135
1344,1,0.480831,0.551088,0.508104,0.372293,0.402633,0.642846,0.595698,0.599643,0.447115
1345,1,0.489264,0.434019,0.463671,0.461924,0.367109,0.586140,0.529053,0.618506,0.405315
1347,1,0.565600,0.553294,0.490163,0.477879,0.268455,0.737327,0.591485,0.640470,0.743727
1348,1,0.529887,0.598624,0.550556,0.544884,0.457811,0.688411,0.550408,0.666910,0.562830
1349,0,0.007086,0.475284,0.481603,0.505399,0.306869,0.289888,0.074327,0.169741,0.079862
1350,0,0.525466,0.623395,0.504491,0.553307,0.441548,0.698649,0.481183,0.578634,0.461398
1351,0,0.618904,0.518431,0.533699,0.536644,0.361132,0.664506,0.551696,0.610383,0.335829
1352,0,0.003800,0.626596,0.533099,0.544402,0.356691,0.320858,0.115122,0.134128,0.157049
1353,0,0.212313,0.534352,0.490279,0.448945,0.300205,0.452260,0.416119,0.512919,0.122199
1354,0,0.545587,0.532243,0.533733,0.557891,0.299100,0.566884,0.502581,0.595389,0.507733
1355,1,0.538527,0.468783,0.503539,0.467798,0.293806,0.615082,0.627578,0.625727,0.509935
1357,0,0.260902,0.510395,0.498074,0.480328,0.302514,0.404789,0.411132,0.548321,0.125404
1359,0,0.350343,0.500872,0.483221,0.420554,0.274344,0.511812,0.418966,0.521279,0.288392
1360,0,0.484772,0.580048,0.527675,0.506309,0.433966,0.644889,0.552628,0.585506,0.415610
1361,0,0.553330,0.503860,0.501384,0.503958,0.446821,0.690647,0.539008,0.590350,0.580139
1363,1,0.556083,0.503109,0.528180,0.491284,0.355757,0.644524,0.572347,0.570064,0.502125
1364,1,0.053209,0.520565,0.461400,0.485524,0.365317,0.362169,0.218692,0.363228,0.225966
1367,1,0.301080,0.488963,0.474939,0.513505,0.319759,0.554634,0.388971,0.541178,0.455175
1370,1,0.647107,0.521034,0.501920,0.522650,0.381564,0.618840,0.531561,0.546718,0.377333
1372,0,0.365158,0.468507,0.517480,0.471069,0.355907,0.456660,0.508041,0.503623,0.346574
1374,0,0.466268,0.479014,0.509064,0.466743,0.425060,0.508876,0.480479,0.476862,0.360816
1375,1,0.168909,0.606283,0.501491,0.522064,0.426565,0.479727,0.462849,0.466250,0.287322
1376,0,0.188283,0.559541,0.506350,0.523931,0.368897,0.596549,0.530912,0.570881,0.299659
1378,0,0.066109,0.534963,0.536713,0.552685,0.368949,0.381193,0.225629,0.393941,0.185733
1381,0,0.522236,0.609913,0.542367,0.548811,0.466318,0.710910,0.580760,0.653511,0.540360
1382,0,0.439754,0.612103,0.543169,0.602199,0.427077,0.689547,0.549493,0.605211,0.462054
1383,0,0.464270,0.459964,0.535625,0.557486,0.383621,0.608492,0.590909,0.571086,0.374781
1384,1,0.659594,0.557685,0.518520,0.525320,0.601915,0.685894,0.566351,0.575324,0.624868
1385,0,0.469497,0.545095,0.511511,0.527785,0.342183,0.546128,0.503898,0.566246,0.429693
1386,0,0.351213,0.570008,0.526610,0.551765,0.337999,0.558954,0.530352,0.602015,0.418630
1387,1,0.582040,0.541999,0.520617,0.538304,0.373148,0.626528,0.510494,0.567156,0.353625
1388,1,0.576557,0.526940,0.501590,0.496632,0.324453,0.678580,0.559804,0.578408,0.602492
1389,1,0.327415,0.558274,0.579056,0.586124,0.411065,0.486163,0.541214,0.528464,0.346330
1390,0,0.413680,0.504724,0.551976,0.542427,0.307794,0.635052,0.547044,0.585800,0.324528
1391,1,0.446686,0.574766,0.505129,0.542222,0.397026,0.590295,0.480574,0.572225,0.376283
1392,0,0.653133,0.577388,0.487236,0.545168,0.349158,0.565812,0.455195,0.605552,0.420240
1393,1,0.572799,0.524803,0.510632,0.530861,0.342268,0.633235,0.557631,0.592116,0.590153
1394,1,0.503161,0.558663,0.514028,0.555349,0.497535,0.678664,0.564989,0.667025,0.522126
1395,0,0.538085,0.563819,0.496717,0.492064,0.502432,0.711985,0.551214,0.562909,0.540347
1396,0,0.588275,0.582590,0.556996,0.593501,0.496541,0.656223,0.587939,0.610038,0.360982
1402,1,0.696911,0.392457,0.442178,0.445632,0.295639,0.446951,0.392597,0.464537,0.150587
1404,0,0.457422,0.559971,0.503024,0.539516,0.394252,0.644257,0.479533,0.592964,0.295788
1405,0,0.665098,0.372411,0.437899,0.521337,0.200626,0.465020,0.447603,0.535710,0.350858
1406,0,0.426022,0.464886,0.493163,0.506227,0.335553,0.563521,0.607440,0.590238,0.419358
1407,1,0.650131,0.459138,0.441843,0.411866,0.361225,0.517180,0.437890,0.562844,0.297582
1408,0,0.621531,0.525679,0.520454,0.548830,0.423642,0.515134,0.485408,0.578061,0.291979
1409,1,0.569635,0.558700,0.536715,0.550220,0.392922,0.536865,0.535583,0.556471,0.304297
1410,0,0.009589,0.593568,0.491955,0.535045,0.300371,0.361011,0.150533,0.160605,0.241988
1411,1,0.419041,0.510897,0.491203,0.475320,0.443841,0.586650,0.583300,0.554083,0.458058
1412,1,0.509087,0.560277,0.523380,0.538165,0.442864,0.495713,0.472619,0.576545,0.239696
1413,1,0.267465,0.522619,0.476482,0.469788,0.322272,0.544453,0.484289,0.563988,0.425163
1414,0,0.261948,0.506800,0.472195,0.493795,0.261754,0.400411,0.387135,0.441120,0.147623
1415,0,0.141578,0.501438,0.466814,0.473685,0.350746,0.375639,0.329548,0.500058,0.203232
1416,0,0.016129,0.420331,0.452604,0.472598,0.305294,0.226005,0.152319,0.353715,0.134425
1417,1,0.204572,0.501666,0.489752,0.478580,0.385941,0.350216,0.381906,0.477691,0.350786
1418,1,0.622543,0.527237,0.467489,0.395713,0.329594,0.594093,0.466281,0.552726,0.367865
1419,0,0.525064,0.528984,0.511605,0.566062,0.476875,0.584624,0.547245,0.610274,0.379390
1420,0,0.009004,0.362498,0.464029,0.496296,0.329780,0.187053,0.053710,0.158718,0.082729
1421,1,0.442945,0.486015,0.434655,0.440660,0.284308,0.586481,0.483118,0.597490,0.242633
1423,0,0.009004,0.512163,0.459683,0.437567,0.298171,0.272660,0.092519,0.170568,0.140010
1424,1,0.533356,0.552859,0.496607,0.514050,0.349243,0.643229,0.560516,0.564454,0.602993
1425,0,0.682880,0.526569,0.519729,0.560604,0.413039,0.568819,0.525925,0.578551,0.358274
1426,1,0.461170,0.521433,0.485662,0.452585,0.457629,0.604295,0.598220,0.608361,0.437923
1427,0,0.004824,0.383520,0.382543,0.437321,0.240130,0.233457,0.079072,0.121715,0.122655
1428,0,0.584139,0.462533,0.455600,0.475438,0.254865,0.531888,0.471398,0.545586,0.472019
1429,0,0.430673,0.497891,0.475465,0.488651,0.356316,0.644125,0.557128,0.590038,0.469556
1430,0,0.406955,0.438495,0.468935,0.490592,0.312767,0.433412,0.390396,0.497519,0.221315
1431,0,0.043274,0.472953,0.508781,0.530046,0.305351,0.349893,0.272955,0.392154,0.299168
1432,0,0.056134,0.477336,0.440957,0.516337,0.180397,0.339384,0.210717,0.387427,0.046429
1433,0,0.010877,0.499272,0.509250,0.548476,0.399794,0.261260,0.177025,0.286720,0.140871
1434,0,0.480344,0.441045,0.454043,0.461835,0.342967,0.459285,0.529333,0.540405,0.382738
1435,0,0.185420,0.444705,0.480103,0.555416,0.257978,0.448189,0.458723,0.541220,0.223643
1436,0,0.112924,0.516607,0.455592,0.438691,0.351772,0.419269,0.415481,0.472210,0.223901
1437,0,0.000613,0.434846,0.474559,0.525877,0.257667,0.239679,0.047064,0.112463,0.161455
1439,1,0.106152,0.443891,0.482299,0.476645,0.229874,0.332176,0.420775,0.495083,0.193574
1440,0,0.290792,0.422549,0.459871,0.430343,0.266525,0.447159,0.454792,0.548839,0.323824
1441,0,0.454245,0.419697,0.463453,0.375643,0.317456,0.532481,0.460204,0.574382,0.188201
1442,0,0.498423,0.560285,0.483394,0.502824,0.179189,0.646742,0.472423,0.583152,0.474450
1443,0,0.472313,0.488875,0.418004,0.448595,0.380478,0.633540,0.458062,0.560621,0.382565
1444,0,0.560694,0.524297,0.479958,0.507930,0.355449,0.703797,0.519365,0.633720,0.491578
1446,0,0.133788,0.492724,0.482544,0.515789,0.396526,0.336016,0.327923,0.490347,0.156837
1447,0,0.493702,0.516892,0.493855,0.505219,0.373204,0.596515,0.573646,0.589269,0.386405
1448,0,0.093238,0.513307,0.448952,0.380659,0.267887,0.356792,0.314270,0.462926,0.155780
1449,0,0.001898,0.413504,0.455990,0.455420,0.282807,0.209978,0.066583,0.177542,0.096022
1450,0,0.471697,0.439475,0.471666,0.514102,0.291223,0.566183,0.516161,0.599395,0.502584
1451,0,0.701925,0.504718,0.493279,0.460612,0.320406,0.530272,0.444561,0.488872,0.329123
1453,0,0.277051,0.544801,0.548572,0.552825,0.416188,0.517983,0.551225,0.567858,0.538293
1454,0,0.343144,0.463025,0.468695,0.478822,0.351213,0.417221,0.434530,0.514786,0.218166
1455,0,0.247756,0.612603,0.521156,0.556173,0.450456,0.489105,0.504343,0.556406,0.282126
1456,0,0.256703,0.490182,0.492100,0.487789,0.289982,0.606434,0.517442,0.574903,0.480483
1457,0,0.028160,0.468274,0.481871,0.485883,0.322786,0.302633,0.236890,0.361801,0.116322
1458,0,0.270229,0.552608,0.490194,0.476353,0.346582,0.597497,0.474773,0.517785,0.098221
1459,0,0.009821,0.375241,0.465101,0.497711,0.222353,0.169639,0.099931,0.281336,0.137097
1460,0,0.379139,0.445901,0.486939,0.453048,0.299014,0.454390,0.467057,0.521127,0.295278
1461,0,0.493820,0.514492,0.504154,0.486304,0.391574,0.616632,0.542566,0.530959,0.433984
1462,0,0.443914,0.549134,0.501339,0.525280,0.182487,0.521442,0.404545,0.519261,0.320422
1463,1,0.011347,0.463059,0.446008,0.358718,0.300277,0.248200,0.211057,0.349420,0.214935
1464,0,0.289322,0.409273,0.429646,0.446819,0.264931,0.447052,0.415299,0.520380,0.385933
1465,0,0.443352,0.547326,0.483536,0.510181,0.310701,0.597765,0.523532,0.610928,0.483447
1466,0,0.003273,0.436229,0.447399,0.456680,0.363163,0.217489,0.064194,0.152507,0.291251
1467,0,0.578025,0.527100,0.455218,0.441974,0.357844,0.708384,0.482409,0.556708,0.577342
1468,0,0.007001,0.452811,0.419246,0.416774,0.223045,0.228550,0.058267,0.236960,0.307806
1469,0,0.517271,0.443004,0.461799,0.428839,0.283014,0.541569,0.487884,0.575035,0.329230
1470,1,0.242549,0.486199,0.461223,0.458128,0.320413,0.387479,0.363747,0.516429,0.181645
1471,0,0.058894,0.527650,0.478019,0.502491,0.310692,0.375844,0.195884,0.382099,0.201142
1472,0,0.582040,0.479243,0.492523,0.500385,0.341659,0.543834,0.476508,0.505164,0.305770
1473,0,0.371639,0.533720,0.471891,0.477052,0.305612,0.576085,0.442351,0.547757,0.239172
1474,0,0.051164,0.438683,0.474355,0.482437,0.377050,0.266921,0.210878,0.377402,0.201161
1475,1,0.147335,0.559052,0.523492,0.530506,0.479267,0.562036,0.551624,0.550261,0.382683
1476,0,0.502156,0.458732,0.499821,0.499370,0.294453,0.470566,0.452539,0.523305,0.281710
1481,1,0.726873,0.533675,0.531029,0.501685,0.326410,0.570721,0.480065,0.585151,0.221876
1483,0,0.008129,0.416543,0.504342,0.577490,0.334244,0.189950,0.156472,0.222474,0.052021
1484,1,0.517981,0.432061,0.429216,0.385810,0.273858,0.521884,0.457758,0.558153,0.490064
1487,0,0.032325,0.431126,0.467161,0.450633,0.289568,0.259029,0.210672,0.361684,0.163278
1488,1,0.493242,0.371093,0.419022,0.461885,0.297445,0.512064,0.519256,0.519499,0.283533
1489,0,0.016302,0.490737,0.484798,0.523680,0.255792,0.231387,0.246735,0.322339,0.154186
1490,0,0.050465,0.477896,0.479318,0.502177,0.298460,0.254799,0.198227,0.326199,0.098229
1491,0,0.603280,0.448014,0.436968,0.368199,0.249344,0.591847,0.515964,0.591455,0.522446
1492,0,0.015457,0.485440,0.500699,0.493525,0.270491,0.270237,0.256386,0.386593,0.133457
1493,0,0.587903,0.432657,0.479978,0.471527,0.371372,0.530824,0.530307,0.586826,0.385330
1494,1,0.423191,0.420265,0.447731,0.459390,0.279977,0.534694,0.504068,0.582074,0.343111
1495,0,0.559680,0.460740,0.457721,0.376624,0.293931,0.565735,0.569455,0.592425,0.275125
1496,0,0.457853,0.408940,0.483140,0.485324,0.257508,0.417120,0.438339,0.494202,0.191151
1497,0,0.343621,0.487991,0.493699,0.513615,0.303017,0.440783,0.485431,0.517026,0.421452
1498,0,0.275817,0.581455,0.468402,0.527554,0.289145,0.513828,0.443451,0.536220,0.259014
1500,1,0.423473,0.563243,0.523927,0.526956,0.418283,0.559981,0.485064,0.514347,0.453564
1502,1,0.595474,0.523884,0.456741,0.401327,0.362572,0.602492,0.499587,0.519891,0.468296
1503,1,0.533990,0.523193,0.516526,0.538661,0.437444,0.599295,0.505741,0.613067,0.389791
1504,0,0.131645,0.634624,0.560442,0.539525,0.408478,0.396890,0.466666,0.518270,0.240676
1505,0,0.525930,0.611367,0.534165,0.533226,0.405504,0.652282,0.504655,0.573109,0.518095
1506,1,0.605024,0.631101,0.540785,0.522212,0.442106,0.632069,0.540662,0.562554,0.380816
1508,0,0.490284,0.549135,0.482869,0.510851,0.398117,0.604526,0.468346,0.549048,0.257006
1510,0,0.451740,0.614129,0.537599,0.549204,0.521006,0.595291,0.545105,0.563497,0.328095
1511,1,0.477987,0.578910,0.542114,0.516073,0.401195,0.569993,0.503543,0.552556,0.413949
1512,1,0.354311,0.615983,0.558284,0.533927,0.312079,0.617322,0.480628,0.545632,0.434165
1513,0,0.025701,0.663732,0.559897,0.522405,0.418567,0.307714,0.201037,0.313514,0.255479
1515,1,0.570286,0.590643,0.503314,0.570525,0.400800,0.607074,0.502656,0.560825,0.253966
1517,0,0.179013,0.565824,0.450174,0.468542,0.411507,0.383341,0.377864,0.432807,0.338382
1518,0,0.623265,0.615751,0.535081,0.513282,0.391189,0.630383,0.564695,0.582198,0.417330
1519,0,0.264750,0.534384,0.515068,0.503162,0.412661,0.429143,0.479385,0.559935,0.371674
1520,0,0.581270,0.577035,0.524886,0.544087,0.448285,0.636407,0.568392,0.597914,0.359523
1522,1,0.659685,0.614336,0.540944,0.531910,0.455523,0.663292,0.577106,0.604760,0.498085
1523,0,0.655871,0.534094,0.532751,0.527445,0.443158,0.593094,0.573889,0.556877,0.384910
1524,1,0.609170,0.581394,0.506703,0.505782,0.399696,0.591355,0.485526,0.560386,0.331515
1526,0,0.561791,0.601650,0.567578,0.591332,0.521335,0.640544,0.596270,0.640406,0.412517
1527,0,0.597126,0.497388,0.500524,0.513539,0.402678,0.590932,0.552931,0.558226,0.360410
1528,0,0.403946,0.608234,0.565702,0.597060,0.416338,0.630457,0.559276,0.627792,0.378380
1529,0,0.429456,0.523842,0.537996,0.568336,0.350181,0.523863,0.561005,0.615342,0.386509
1530,0,0.626798,0.642423,0.543380,0.558725,0.452932,0.664591,0.531084,0.569474,0.407271
1533,0,0.577878,0.604956,0.519578,0.516380,0.372315,0.610901,0.506866,0.508290,0.348662
1534,1,0.600514,0.614769,0.548559,0.558077,0.487293,0.643594,0.574250,0.604662,0.411988
1535,0,0.493702,0.563513,0.517635,0.496885,0.399757,0.567113,0.536416,0.521010,0.442539
1536,1,0.614050,0.550929,0.536906,0.502946,0.408864,0.589809,0.548517,0.607362,0.407581
1537,1,0.534729,0.652674,0.538765,0.552349,0.573903,0.716997,0.586555,0.562356,0.519187
1539,1,0.677944,0.538147,0.531783,0.527276,0.278785,0.531201,0.469282,0.575470,0.255412
1541,1,0.581583,0.581317,0.523292,0.550478,0.422528,0.595875,0.575066,0.599392,0.400780
1542,0,0.396036,0.598217,0.533980,0.510348,0.325577,0.615579,0.521284,0.570254,0.472524
1544,1,0.507451,0.567771,0.556694,0.568431,0.375118,0.442551,0.505115,0.598547,0.304364
1545,0,0.628602,0.599809,0.552897,0.517468,0.550638,0.648125,0.552338,0.592817,0.506331
1546,0,0.520277,0.555809,0.515550,0.518172,0.505497,0.567771,0.550613,0.549055,0.566218
1547,1,0.563020,0.521232,0.489032,0.547663,0.349795,0.547308,0.504240,0.573549,0.582448
1548,0,0.515357,0.541846,0.518561,0.514323,0.391398,0.545021,0.541233,0.571703,0.385179
1549,0,0.594469,0.577783,0.529916,0.570187,0.352486,0.623448,0.561686,0.590123,0.297172
1550,1,0.052193,0.619127,0.545883,0.582228,0.397774,0.260131,0.243149,0.402908,0.326975
1551,1,0.380169,0.575365,0.526291,0.502474,0.405427,0.589602,0.472834,0.575223,0.359177
1552,0,0.301933,0.564609,0.539711,0.519267,0.498149,0.516951,0.504796,0.541047,0.342122
1553,1,0.709311,0.572925,0.523321,0.538130,0.380933,0.601569,0.469247,0.568225,0.301430
1554,0,0.455606,0.581814,0.533564,0.525690,0.332986,0.599010,0.491508,0.538975,0.449155
1556,0,0.475678,0.545264,0.518104,0.479675,0.334879,0.571020,0.475780,0.533554,0.499710
1557,0,0.461416,0.497326,0.506161,0.426781,0.344184,0.540506,0.487703,0.481537,0.339993
1559,1,0.511035,0.619160,0.555787,0.591182,0.391013,0.590189,0.564702,0.599553,0.531062
1560,1,0.662321,0.609078,0.533368,0.568550,0.460734,0.658978,0.470541,0.585233,0.307462
1561,0,0.403693,0.608149,0.540153,0.545777,0.461596,0.574190,0.542240,0.542996,0.471781
1562,0,0.622543,0.488187,0.532823,0.543735,0.252309,0.519426,0.543637,0.613242,0.358082
1564,1,0.607329,0.599470,0.528726,0.527197,0.415072,0.638495,0.555587,0.610845,0.485786
1565,1,0.032576,0.541601,0.543349,0.500409,0.432761,0.210142,0.196302,0.368494,0.235369
1566,1,0.618098,0.616883,0.563685,0.554687,0.492340,0.641907,0.584813,0.627695,0.423226
1567,0,0.363472,0.596072,0.534250,0.538758,0.423130,0.521891,0.511008,0.531122,0.447853
1569,0,0.649971,0.577602,0.516027,0.546041,0.311119,0.612535,0.599115,0.597018,0.429313
1570,0,0.601748,0.534647,0.540793,0.568954,0.447197,0.578529,0.543338,0.571296,0.331944
1572,0,0.417055,0.563183,0.529171,0.526103,0.396796,0.561083,0.487220,0.547488,0.383322
1573,0,0.664554,0.613873,0.517403,0.559926,0.420623,0.617721,0.551619,0.594925,0.518807
1577,0,0.575730,0.577605,0.538153,0.527827,0.478830,0.579228,0.574376,0.612294,0.511778
1578,0,0.464149,0.494300,0.471206,0.420548,0.326846,0.493680,0.346010,0.485263,0.254465
1579,1,0.569050,0.523025,0.528785,0.488587,0.322890,0.541302,0.494867,0.489945,0.599596
1580,0,0.502792,0.525032,0.519356,0.537541,0.522234,0.570964,0.517174,0.526794,0.330313
1582,1,0.526562,0.539837,0.517355,0.521881,0.279078,0.623183,0.517504,0.587459,0.358011
1586,0,0.457422,0.641290,0.554395,0.541035,0.472721,0.631901,0.547157,0.581598,0.380240
1587,1,0.570437,0.522581,0.497810,0.511337,0.298642,0.570439,0.485996,0.532331,0.325823
1588,0,0.671285,0.546704,0.532025,0.471359,0.324049,0.605083,0.499101,0.596914,0.273352
1589,0,0.179138,0.711773,0.594481,0.592429,0.508295,0.569592,0.455448,0.547847,0.432509
1590,0,0.363647,0.584720,0.523533,0.506071,0.465919,0.462184,0.420695,0.510383,0.391217
1591,0,0.393007,0.568302,0.536875,0.477848,0.436448,0.571195,0.534404,0.582940,0.396435
1592,0,0.001715,0.524342,0.480819,0.470702,0.357782,0.229065,0.059024,0.163221,0.207128
1594,0,0.424760,0.618585,0.537792,0.554309,0.494511,0.595837,0.565635,0.575178,0.369739
1595,0,0.463518,0.566179,0.525883,0.538879,0.459252,0.536205,0.469754,0.545370,0.246718
1596,0,0.299429,0.565486,0.544387,0.536327,0.396745,0.475205,0.500387,0.509312,0.343690
1597,0,0.579800,0.620583,0.547108,0.552060,0.433875,0.645511,0.558624,0.611339,0.490197
1599,0,0.622543,0.501260,0.505202,0.491331,0.390601,0.541570,0.437695,0.497613,0.409028
1600,1,0.323862,0.450819,0.427539,0.439187,0.378829,0.511778,0.420219,0.459362,0.463944
1601,0,0.624484,0.561888,0.537939,0.565228,0.431319,0.637644,0.573554,0.585332,0.522188
1602,0,0.625192,0.667142,0.529568,0.525105,0.375264,0.749585,0.465750,0.591108,0.351961
1603,1,0.621028,0.574823,0.538595,0.565228,0.442441,0.672741,0.578490,0.586567,0.556301
1604,0,0.331514,0.593061,0.525601,0.539744,0.483048,0.565145,0.490101,0.570796,0.373756
1605,1,0.479741,0.503833,0.467649,0.468930,0.344119,0.591064,0.429311,0.547478,0.330823
1606,1,0.617468,0.627385,0.548703,0.558163,0.391317,0.687869,0.555880,0.616910,0.367644
1607,0,0.624456,0.564146,0.457825,0.420457,0.210718,0.627758,0.425033,0.514828,0.409210
1609,1,0.578025,0.522699,0.487788,0.477087,0.349802,0.618659,0.480911,0.551230,0.366753
1610,0,0.540599,0.603501,0.393141,0.377377,0.235025,0.673125,0.259851,0.451605,0.286822
1611,1,0.522236,0.618639,0.520573,0.564217,0.313842,0.706531,0.487098,0.592463,0.316643
1612,1,0.587903,0.624833,0.540207,0.559339,0.379505,0.650811,0.529746,0.534222,0.418677
1613,1,0.515357,0.506421,0.502710,0.506595,0.179064,0.605255,0.452792,0.555999,0.362017
1614,0,0.503295,0.496915,0.499900,0.490432,0.261327,0.600789,0.460994,0.550347,0.531383
1615,1,0.632723,0.605699,0.471909,0.491155,0.233638,0.683439,0.385328,0.533703,0.316788
1616,0,0.612101,0.630419,0.535739,0.567243,0.367196,0.734548,0.515375,0.625964,0.620861
1617,1,0.620950,0.595555,0.546001,0.554521,0.391036,0.655654,0.566888,0.588623,0.541411
1618,0,0.663799,0.666714,0.452897,0.523404,0.398993,0.751880,0.316447,0.563176,0.360894
1619,1,0.722725,0.626852,0.560880,0.586839,0.394996,0.681816,0.556570,0.650677,0.566498
1620,0,0.571446,0.565873,0.493606,0.549034,0.295831,0.666092,0.491329,0.580948,0.352549
1621,1,0.551278,0.617192,0.534221,0.557511,0.332333,0.673841,0.539887,0.607008,0.400075
1622,1,0.617468,0.641882,0.550309,0.556589,0.339579,0.688983,0.535338,0.616210,0.429028
1623,0,0.519247,0.679212,0.516280,0.551765,0.433631,0.724132,0.455618,0.589703,0.391668
1626,0,0.395611,0.518273,0.446530,0.449500,0.304460,0.564207,0.400679,0.462578,0.313591
1627,0,0.190735,0.598577,0.550024,0.555147,0.361972,0.510752,0.452234,0.582150,0.392460
1629,0,0.669246,0.548661,0.472443,0.470559,0.264926,0.658071,0.329445,0.505411,0.351424
1630,0,0.325705,0.608923,0.536544,0.545851,0.469971,0.624339,0.527694,0.559350,0.503236
1631,1,0.316171,0.669722,0.548296,0.544911,0.371876,0.646092,0.527748,0.603324,0.329356
1632,1,0.688197,0.553001,0.499340,0.506664,0.305567,0.680317,0.566082,0.583382,0.699419
1633,0,0.653311,0.600704,0.539734,0.576271,0.407696,0.642520,0.554929,0.593858,0.718606
1635,0,0.552587,0.651154,0.523483,0.519832,0.399225,0.731564,0.451101,0.595507,0.390680
1636,0,0.598512,0.595722,0.514197,0.542754,0.323232,0.657155,0.465216,0.570185,0.355875
1637,1,0.556496,0.632877,0.530396,0.544653,0.372637,0.704093,0.519003,0.632001,0.371955
1638,0,0.185153,0.538060,0.487074,0.501028,0.290733,0.442378,0.488609,0.529791,0.214293
1639,1,0.669877,0.665977,0.523070,0.517058,0.482882,0.735944,0.440091,0.573593,0.476223
1640,0,0.577420,0.588708,0.486424,0.572096,0.258410,0.640864,0.405017,0.596825,0.280582
1641,0,0.595360,0.567710,0.526751,0.528878,0.333755,0.657621,0.521040,0.579183,0.560255
1642,1,0.517271,0.609264,0.550580,0.525162,0.363776,0.655593,0.582672,0.567799,0.423520
1643,0,0.693986,0.575478,0.510020,0.498081,0.404362,0.673766,0.546184,0.580654,0.474827
1644,0,0.539213,0.567508,0.530791,0.561858,0.378678,0.628475,0.530114,0.613063,0.476916
1646,1,0.620950,0.580972,0.437377,0.415225,0.267966,0.666716,0.258228,0.543645,0.469816
1648,0,0.671285,0.588778,0.443187,0.375556,0.417306,0.667611,0.414867,0.551168,0.472618
1650,0,0.522327,0.533221,0.507924,0.474412,0.325342,0.645002,0.495649,0.579310,0.458535
1652,0,0.638491,0.574470,0.531867,0.542618,0.353670,0.684272,0.621324,0.597523,0.717187
1653,1,0.381943,0.582989,0.540733,0.565835,0.320408,0.558521,0.517034,0.563262,0.237047
1655,1,0.258041,0.587238,0.514124,0.487839,0.349114,0.563714,0.475571,0.513652,0.402800
1657,0,0.605938,0.566658,0.513904,0.513761,0.322913,0.668698,0.509804,0.578579,0.424823
1658,0,0.681055,0.630833,0.550205,0.540437,0.494582,0.722234,0.540248,0.622076,0.473158
1660,0,0.347264,0.622580,0.540200,0.552428,0.451868,0.633410,0.536753,0.532984,0.485893
1661,1,0.692418,0.582008,0.508329,0.493755,0.243866,0.658604,0.401322,0.518062,0.228981
1662,0,0.607502,0.663279,0.570052,0.584110,0.350002,0.745195,0.556408,0.594773,0.495788
1663,0,0.647107,0.547668,0.508155,0.461748,0.350006,0.678940,0.472294,0.591735,0.462878
1664,0,0.595655,0.676786,0.518073,0.522056,0.400427,0.764315,0.458471,0.594878,0.413156
1665,1,0.609170,0.590286,0.541982,0.582196,0.244588,0.672571,0.535534,0.615719,0.361294
1666,0,0.551357,0.616209,0.507421,0.531448,0.381496,0.675349,0.379198,0.555782,0.404002
1667,0,0.659594,0.603549,0.491482,0.530282,0.330285,0.702683,0.417557,0.582515,0.297012
1669,1,0.591299,0.549183,0.477306,0.487912,0.325211,0.701833,0.523018,0.580413,0.517472
1672,1,0.653994,0.604341,0.430907,0.441796,0.278234,0.674267,0.273770,0.458316,0.463265
1673,0,0.529799,0.601983,0.513096,0.492145,0.306855,0.711119,0.460621,0.592463,0.307693
1674,1,0.502126,0.571851,0.542965,0.565228,0.437348,0.629181,0.596229,0.600229,0.502677
1675,0,0.625726,0.616995,0.498084,0.530282,0.347893,0.703127,0.393418,0.569518,0.285355
1676,0,0.253301,0.519868,0.488579,0.508619,0.447454,0.479676,0.438602,0.532033,0.446919
1679,0,0.688770,0.644103,0.576672,0.514826,0.342974,0.724915,0.582384,0.637681,0.561936
1680,0,0.558510,0.677481,0.490922,0.493568,0.453510,0.717606,0.372226,0.561334,0.299630
1681,0,0.525466,0.662363,0.507674,0.524122,0.392876,0.744411,0.389981,0.591718,0.416469
1682,0,0.602694,0.627728,0.489350,0.513588,0.409771,0.684770,0.434688,0.535583,0.486200
1683,0,0.412733,0.614548,0.514949,0.493280,0.385001,0.643596,0.513222,0.563860,0.580189
1684,0,0.647219,0.628645,0.503541,0.508799,0.324594,0.726123,0.364504,0.574280,0.249728
1685,1,0.158132,0.597287,0.497689,0.551750,0.331883,0.441553,0.441278,0.514662,0.403980
1686,0,0.628931,0.564066,0.530968,0.502021,0.317848,0.683719,0.511395,0.607592,0.216211
1687,0,0.567663,0.617941,0.509304,0.532071,0.317834,0.691323,0.408845,0.588309,0.369852
1688,0,0.526941,0.683966,0.512639,0.526924,0.379804,0.761377,0.435359,0.651910,0.444610
1690,0,0.280079,0.642964,0.544341,0.569476,0.421616,0.588757,0.533171,0.583621,0.444030
1691,0,0.666817,0.586886,0.536654,0.518334,0.327417,0.663535,0.461973,0.574236,0.356876
1693,0,0.503481,0.651734,0.564830,0.537285,0.448640,0.695083,0.570555,0.581271,0.361291
1694,0,0.458556,0.619525,0.549137,0.523972,0.388973,0.662113,0.547076,0.559185,0.487917
1695,0,0.584117,0.497129,0.444910,0.424404,0.289238,0.550249,0.390256,0.512674,0.292164
1697,0,0.589895,0.597840,0.446862,0.371609,0.429046,0.662112,0.389972,0.567849,0.466233
1698,0,0.582694,0.571797,0.505234,0.452817,0.302807,0.647332,0.381538,0.471519,0.307379
1699,0,0.277950,0.594404,0.521864,0.536885,0.361029,0.563960,0.527890,0.563394,0.482457
1700,0,0.525466,0.532153,0.476345,0.497661,0.409192,0.595484,0.382710,0.565281,0.384286
1701,1,0.543305,0.460369,0.515084,0.491552,0.446032,0.524442,0.489512,0.500001,0.379638
1702,0,0.533069,0.444671,0.437585,0.473055,0.288487,0.508522,0.404880,0.488770,0.224871
1703,0,0.109083,0.474612,0.474734,0.444520,0.319568,0.307419,0.412406,0.514569,0.232314
1704,0,0.556896,0.485197,0.511095,0.512001,0.392343,0.518545,0.557416,0.573188,0.373569
1705,0,0.027873,0.512388,0.450095,0.455706,0.328418,0.286333,0.174460,0.274167,0.088299
1706,0,0.630213,0.428709,0.466079,0.502164,0.238268,0.541768,0.433998,0.490303,0.378620
1707,0,0.717135,0.374241,0.439307,0.492755,0.246292,0.422284,0.377969,0.459410,0.242257
1708,0,0.621408,0.404845,0.369432,0.378618,0.284122,0.494935,0.253325,0.410917,0.121130
1709,0,0.647918,0.384885,0.416985,0.438309,0.289670,0.472649,0.369736,0.459309,0.303849
1710,0,0.646297,0.391290,0.460247,0.449395,0.230312,0.481835,0.427973,0.590833,0.386176
1711,0,0.647219,0.431745,0.461848,0.429071,0.256957,0.497831,0.364545,0.495296,0.396125
1712,0,0.692343,0.463843,0.438664,0.460822,0.263846,0.538799,0.339373,0.465415,0.347708
1713,0,0.521351,0.479079,0.426557,0.425825,0.297745,0.598288,0.516894,0.591838,0.324660
1714,1,0.571135,0.433287,0.421058,0.365925,0.248565,0.545157,0.318539,0.493447,0.364669
1716,0,0.685718,0.486993,0.423891,0.431224,0.314576,0.552861,0.353560,0.493208,0.226250
1717,0,0.654342,0.455104,0.449030,0.452989,0.270758,0.535800,0.400209,0.561036,0.314410
1719,1,0.653311,0.432426,0.401703,0.476148,0.340600,0.543266,0.374050,0.370551,0.227796
1720,0,0.671285,0.529656,0.430576,0.468072,0.356391,0.610678,0.369143,0.497869,0.373703
1722,1,0.648396,0.414064,0.371218,0.432209,0.190151,0.518469,0.270877,0.370027,0.138025
1723,0,0.544818,0.378700,0.440419,0.453642,0.302838,0.457931,0.411758,0.468105,0.305494
1724,1,0.659685,0.569998,0.491979,0.554429,0.382420,0.656485,0.461596,0.597746,0.507518
1725,0,0.621028,0.411615,0.441964,0.380739,0.187849,0.533412,0.420123,0.494839,0.487404
1728,0,0.631841,0.425372,0.437357,0.463846,0.234238,0.500647,0.303898,0.445571,0.335112
1729,1,0.657604,0.408255,0.427673,0.504246,0.181722,0.486616,0.369815,0.488428,0.285994
1730,0,0.668636,0.506008,0.473878,0.518865,0.325089,0.591513,0.459335,0.560528,0.435984
1731,1,0.610425,0.391744,0.392237,0.460941,0.267582,0.438745,0.292185,0.401822,0.099735
1732,0,0.657604,0.411242,0.483340,0.485270,0.211697,0.488352,0.430992,0.541480,0.325372
1734,0,0.692418,0.452679,0.498445,0.541728,0.249246,0.530076,0.441838,0.428347,0.172833
1736,0,0.283232,0.528265,0.505956,0.497207,0.369702,0.536228,0.523439,0.578517,0.375588
1739,0,0.611774,0.455362,0.469049,0.450277,0.348192,0.559010,0.445495,0.569174,0.232846
1740,0,0.533069,0.431100,0.447116,0.451909,0.224126,0.473872,0.370841,0.458857,0.274550
1741,1,0.680885,0.347905,0.405300,0.467716,0.157979,0.392376,0.283053,0.503081,0.152983
1742,0,0.529887,0.468423,0.429848,0.445390,0.345552,0.575982,0.478182,0.566364,0.209160
1744,0,0.219054,0.462479,0.498422,0.530801,0.300289,0.450306,0.438278,0.562391,0.331818
1745,0,0.633991,0.451072,0.401286,0.426227,0.331488,0.528331,0.390898,0.520019,0.401119
1747,1,0.650068,0.391671,0.469984,0.461541,0.171563,0.505979,0.415540,0.489968,0.409271
1748,0,0.696401,0.352928,0.406868,0.413848,0.200156,0.411355,0.261556,0.477617,0.243318
1749,0,0.681710,0.406204,0.473305,0.536912,0.275733,0.546453,0.428869,0.544012,0.248473
1751,0,0.683958,0.421610,0.440028,0.416887,0.226015,0.558899,0.484411,0.588199,0.431777
1753,0,0.607329,0.450621,0.443936,0.363888,0.336933,0.578299,0.437933,0.474979,0.373447
1754,1,0.605815,0.390153,0.448966,0.551348,0.264635,0.489057,0.355126,0.573667,0.492649
1755,0,0.385358,0.450536,0.385043,0.406561,0.258533,0.471547,0.257383,0.513948,0.147104
1757,1,0.572027,0.416708,0.357449,0.346537,0.214173,0.488887,0.274385,0.369487,0.172412
1758,0,0.444816,0.447230,0.391005,0.406663,0.294977,0.435861,0.387788,0.443851,0.178662
1759,0,0.510978,0.420902,0.435072,0.518898,0.204823,0.420365,0.326415,0.516574,0.184007
1760,0,0.631290,0.423330,0.489440,0.529975,0.308457,0.480496,0.451356,0.548863,0.209638
1763,0,0.677851,0.426472,0.470732,0.470081,0.186242,0.516285,0.434674,0.507525,0.319749
1765,0,0.442740,0.382549,0.368006,0.364811,0.383821,0.473542,0.349519,0.423196,0.218167
1773,0,0.639709,0.406814,0.379323,0.410361,0.300568,0.498544,0.311539,0.382967,0.178192
1775,0,0.631089,0.341674,0.442308,0.474450,0.226422,0.455292,0.395734,0.492364,0.259958
1776,0,0.569589,0.434611,0.420460,0.296932,0.229264,0.502966,0.348929,0.486338,0.256710
1777,0,0.564923,0.391183,0.447985,0.439300,0.266438,0.567660,0.515479,0.576111,0.311593
1779,1,0.463056,0.432145,0.444837,0.415717,0.229001,0.496729,0.358216,0.520985,0.229286
1780,0,0.264434,0.443915,0.373670,0.424387,0.355867,0.454459,0.388346,0.467993,0.149839
1781,0,0.488696,0.428064,0.394223,0.443542,0.289153,0.491376,0.345807,0.560964,0.254162
1782,0,0.462522,0.428286,0.473768,0.485978,0.308559,0.461430,0.386657,0.496475,0.293719
1784,1,0.558716,0.511715,0.488475,0.535510,0.288130,0.552248,0.474815,0.571261,0.257551
1786,0,0.597971,0.466403,0.415441,0.536874,0.252020,0.561126,0.319114,0.481258,0.273575
1788,0,0.332982,0.464870,0.439731,0.524541,0.358284,0.439071,0.369767,0.496386,0.248182
1789,0,0.551722,0.502571,0.447790,0.396975,0.355627,0.586115,0.494178,0.491099,0.385809
1790,0,0.480207,0.513560,0.462839,0.534674,0.428545,0.571817,0.469439,0.587722,0.183448
1792,0,0.675131,0.350561,0.394431,0.450285,0.183082,0.440192,0.293753,0.499812,0.207364
1793,0,0.611774,0.499968,0.484908,0.512634,0.421432,0.580265,0.423081,0.615230,0.377264
1794,0,0.611063,0.372916,0.378552,0.406151,0.158711,0.440162,0.298192,0.370551,0.134598
1795,0,0.591516,0.420434,0.431647,0.382710,0.315477,0.554491,0.366403,0.469049,0.323712
1796,0,0.004152,0.401619,0.415473,0.496681,0.243536,0.236634,0.048374,0.184212,0.063348
1797,1,0.442022,0.413004,0.445775,0.451168,0.273476,0.540571,0.429549,0.517298,0.454870
1798,0,0.500857,0.401204,0.471454,0.399584,0.175124,0.430143,0.416554,0.478466,0.204855
1799,0,0.631089,0.541261,0.514797,0.591734,0.437685,0.611479,0.477672,0.574373,0.368029
1800,0,0.033493,0.478054,0.452029,0.448428,0.372663,0.301664,0.234019,0.315737,0.184711
1802,1,0.015963,0.580062,0.530467,0.523453,0.391953,0.362301,0.144588,0.289075,0.270370
1803,0,0.199089,0.612902,0.497088,0.482275,0.444245,0.553866,0.456451,0.498896,0.462920
1804,0,0.001687,0.482089,0.474393,0.507957,0.258994,0.273376,0.038284,0.091696,0.100091
1807,0,0.429177,0.477337,0.477332,0.532618,0.340968,0.551000,0.522980,0.574706,0.281846
1808,0,0.137161,0.617240,0.547283,0.535313,0.373180,0.524795,0.516655,0.552496,0.292679
1809,0,0.092792,0.557304,0.435515,0.455810,0.315624,0.458320,0.376652,0.496974,0.231451
1810,0,0.156950,0.537948,0.504353,0.513320,0.421158,0.530981,0.518740,0.580224,0.294209
1811,0,0.439947,0.490713,0.518115,0.534430,0.239480,0.581442,0.564466,0.533852,0.570934
1812,1,0.224176,0.628934,0.551763,0.569326,0.504454,0.619658,0.511805,0.601265,0.350667
1813,0,0.048799,0.461049,0.505286,0.515749,0.311131,0.289118,0.196402,0.331892,0.208140
1815,0,0.167608,0.652836,0.558193,0.550059,0.391687,0.527725,0.499283,0.545209,0.369678
1816,0,0.015737,0.595058,0.502524,0.471668,0.350401,0.342010,0.199076,0.341889,0.132792
1817,0,0.001695,0.458596,0.498902,0.523031,0.153282,0.254805,0.068858,0.123731,0.202751
1818,0,0.003119,0.505408,0.512188,0.507068,0.364021,0.279923,0.110594,0.184959,0.161203
1819,1,0.399081,0.598879,0.503411,0.504621,0.436690,0.700827,0.513341,0.590437,0.549925
1820,1,0.208205,0.448577,0.456228,0.492732,0.191053,0.429657,0.372039,0.509655,0.316251
1821,0,0.015771,0.497619,0.486603,0.489917,0.394030,0.224279,0.152220,0.336555,0.161818
1823,0,0.221179,0.509141,0.522460,0.509657,0.323353,0.518025,0.531886,0.539991,0.315763
1824,0,0.492615,0.540078,0.507987,0.571309,0.347091,0.675031,0.559721,0.626379,0.334385
1825,0,0.487688,0.532047,0.476543,0.490443,0.367808,0.632289,0.528016,0.606203,0.395508
1826,1,0.081219,0.596971,0.518338,0.511837,0.435948,0.452757,0.288889,0.364338,0.165102
1827,0,0.498585,0.494162,0.493039,0.515283,0.169907,0.518249,0.436920,0.542583,0.320396
1828,0,0.005480,0.500816,0.474951,0.449211,0.349967,0.279593,0.044484,0.176282,0.099467
1829,1,0.309091,0.479015,0.462347,0.486257,0.206567,0.575077,0.517076,0.572730,0.324366
1832,1,0.553511,0.549152,0.462615,0.416987,0.343687,0.708545,0.477273,0.556174,0.570031
1834,1,0.369731,0.497521,0.438490,0.396083,0.208433,0.637416,0.470381,0.553090,0.499402
1835,0,0.019761,0.378911,0.412232,0.418713,0.135561,0.205623,0.152131,0.262254,0.144050
1836,1,0.502911,0.560644,0.488227,0.476205,0.387115,0.606771,0.474878,0.511670,0.433225
1837,0,0.002258,0.514147,0.480855,0.510537,0.312553,0.263797,0.087666,0.108992,0.113015
1838,1,0.480207,0.616015,0.505862,0.506806,0.364275,0.732085,0.521854,0.593481,0.700537
1839,1,0.205301,0.423095,0.443512,0.444704,0.289733,0.391274,0.339711,0.484762,0.285299
1841,1,0.064111,0.647974,0.526408,0.576144,0.342177,0.524123,0.314567,0.403638,0.409313
1842,0,0.005786,0.580129,0.496709,0.435330,0.312819,0.331245,0.073866,0.143803,0.199733
1843,0,0.522269,0.621519,0.534798,0.562916,0.473402,0.757769,0.638984,0.630633,0.468824
1844,0,0.143650,0.564870,0.484371,0.492184,0.249657,0.479278,0.365542,0.481940,0.311454
1846,0,0.168909,0.465689,0.446006,0.415552,0.371345,0.397059,0.443420,0.499148,0.188762
1847,0,0.018791,0.555353,0.503769,0.481884,0.408045,0.335425,0.230657,0.297731,0.201891
1848,1,0.484993,0.562698,0.543362,0.563597,0.396291,0.584924,0.566542,0.599163,0.403262
1849,1,0.431776,0.544198,0.485544,0.479105,0.302352,0.652872,0.488199,0.583881,0.619827
1851,0,0.369516,0.583255,0.528475,0.532549,0.239942,0.661472,0.573739,0.582339,0.338915
1852,0,0.009474,0.449147,0.478406,0.421101,0.239261,0.256928,0.090534,0.165539,0.086782
1853,1,0.018755,0.584102,0.512405,0.464067,0.374906,0.289238,0.204450,0.342820,0.250282
1855,1,0.023320,0.479806,0.455302,0.483747,0.441181,0.315230,0.143097,0.286234,0.176771
1856,0,0.471878,0.507292,0.482670,0.448806,0.272265,0.623479,0.467904,0.553246,0.494459
1857,1,0.423473,0.600877,0.510758,0.517667,0.357062,0.679114,0.499411,0.568124,0.391631
1859,1,0.495984,0.612486,0.552498,0.545626,0.511164,0.625070,0.599046,0.614492,0.402248
1862,0,0.022851,0.545527,0.496107,0.541232,0.348665,0.343045,0.148351,0.260251,0.106644
1863,0,0.015601,0.490840,0.519146,0.613771,0.220478,0.216269,0.303031,0.375666,0.161819
1864,0,0.402587,0.519968,0.510926,0.514836,0.356712,0.600801,0.512703,0.563630,0.552468
1865,1,0.434110,0.573840,0.524324,0.565725,0.405547,0.649380,0.529564,0.572486,0.564906
1867,0,0.177128,0.561679,0.481967,0.448613,0.275910,0.462619,0.423908,0.458503,0.184731
1868,0,0.090038,0.527480,0.448805,0.408282,0.290886,0.433723,0.296655,0.491432,0.164231
1869,0,0.014998,0.570249,0.506887,0.525788,0.371258,0.354977,0.200537,0.322063,0.156766
1870,0,0.006076,0.423070,0.482656,0.498300,0.252716,0.239661,0.074433,0.142902,0.123928
1871,1,0.591299,0.522948,0.423972,0.359613,0.381936,0.566951,0.342255,0.476099,0.425855
1873,0,0.007219,0.424598,0.396425,0.476023,0.215184,0.211559,0.116568,0.198935,0.138800
1874,1,0.338334,0.477442,0.440381,0.465251,0.323098,0.549419,0.453783,0.555207,0.255418
1875,0,0.311143,0.487625,0.504028,0.489750,0.382210,0.567976,0.539575,0.548636,0.335767
1876,0,0.151796,0.513543,0.504725,0.487091,0.415918,0.455368,0.432978,0.535553,0.343907
1877,0,0.084172,0.459258,0.475288,0.477215,0.265813,0.269433,0.316223,0.431954,0.148587
1878,0,0.192228,0.511510,0.518613,0.571520,0.453521,0.470645,0.420479,0.508190,0.392178
1879,1,0.439378,0.523285,0.446446,0.463939,0.366820,0.560492,0.488991,0.543858,0.337476
1880,0,0.303718,0.525894,0.514351,0.510699,0.410434,0.580617,0.509294,0.567593,0.419674
1881,1,0.098902,0.552426,0.500430,0.446340,0.438769,0.427786,0.357230,0.451313,0.196905
1882,0,0.011429,0.498790,0.498273,0.448679,0.320975,0.289277,0.184829,0.305979,0.209480
1883,0,0.057142,0.522678,0.512230,0.462724,0.331185,0.353743,0.305689,0.383132,0.429550
1884,1,0.166076,0.567345,0.485416,0.462797,0.392467,0.533027,0.515208,0.530228,0.270135
1885,1,0.232876,0.510222,0.487480,0.468277,0.291504,0.555726,0.385562,0.467411,0.329962
1886,0,0.168400,0.463683,0.475866,0.472541,0.293761,0.425538,0.452257,0.528858,0.169166
1888,0,0.072841,0.528441,0.512946,0.527563,0.448337,0.386682,0.307231,0.441260,0.197465
1890,0,0.289120,0.673476,0.553025,0.551318,0.504016,0.721616,0.560739,0.618444,0.506384
1891,1,0.194155,0.469697,0.506396,0.493081,0.261916,0.483068,0.493971,0.564525,0.490496
1892,0,0.009152,0.508828,0.433310,0.419722,0.222743,0.307037,0.206741,0.287759,0.238214
1893,0,0.119430,0.517757,0.487416,0.505834,0.285583,0.373371,0.423735,0.508269,0.218544
1894,0,0.589271,0.568193,0.486306,0.486411,0.280112,0.689802,0.503647,0.584774,0.505015
1895,1,0.043726,0.534428,0.483735,0.482671,0.358647,0.308150,0.234545,0.330271,0.191457
1897,1,0.522409,0.542069,0.513175,0.535365,0.353894,0.663217,0.487767,0.594379,0.596387
1898,0,0.265136,0.587881,0.533208,0.535137,0.499305,0.567428,0.470491,0.550565,0.495771
1899,0,0.184570,0.509314,0.464083,0.470449,0.417591,0.456618,0.413805,0.464341,0.240247
1900,0,0.624484,0.462803,0.481024,0.405349,0.307233,0.459596,0.338609,0.507604,0.222666
1901,0,0.517271,0.465602,0.487266,0.429536,0.224473,0.618152,0.574683,0.616702,0.452062
1902,0,0.006976,0.472512,0.469036,0.451453,0.241667,0.237779,0.127787,0.170482,0.074264
1903,1,0.347771,0.573154,0.530958,0.536561,0.417070,0.513430,0.481543,0.542157,0.330382
1904,0,0.448891,0.559715,0.486984,0.456336,0.384104,0.642757,0.453832,0.615248,0.525811
1905,0,0.009743,0.575560,0.508755,0.475439,0.380682,0.316175,0.145792,0.106043,0.215537
1906,1,0.332912,0.505486,0.520992,0.549529,0.313018,0.470991,0.439378,0.516445,0.345634
1907,1,0.529693,0.528103,0.454508,0.536817,0.383515,0.575028,0.451460,0.571523,0.303373
1908,0,0.669964,0.514924,0.511683,0.536293,0.391764,0.575233,0.461010,0.534745,0.419391
1909,0,0.484030,0.521915,0.484523,0.495015,0.372288,0.590311,0.497838,0.549193,0.352849
1910,1,0.650339,0.539920,0.510970,0.500733,0.367281,0.597787,0.503385,0.545522,0.335385
1911,0,0.304571,0.499136,0.474546,0.477459,0.349409,0.577255,0.448727,0.553142,0.276347
1912,0,0.003444,0.564472,0.467164,0.523301,0.399820,0.306084,0.059757,0.103650,0.195476
1913,1,0.421444,0.446911,0.447617,0.408185,0.343068,0.553612,0.482469,0.593015,0.316574
1914,0,0.108063,0.567792,0.518567,0.526393,0.440006,0.415147,0.456037,0.473272,0.290791
1915,0,0.339937,0.570598,0.491268,0.492669,0.273676,0.479284,0.366717,0.496225,0.252179
1917,0,0.676338,0.491578,0.493862,0.467322,0.264650,0.513416,0.508422,0.580363,0.432801
1918,0,0.058765,0.524359,0.494880,0.512700,0.413515,0.349237,0.227788,0.405036,0.232110
1919,0,0.035667,0.461350,0.479448,0.561527,0.381247,0.218326,0.227958,0.349085,0.170866
1920,0,0.566933,0.548225,0.519120,0.539929,0.373369,0.567658,0.535430,0.580362,0.461080
1921,0,0.002979,0.440266,0.455971,0.476468,0.315011,0.214987,0.087027,0.150605,0.179313
1922,1,0.608181,0.453377,0.514435,0.521691,0.367352,0.625134,0.535062,0.577167,0.368805
1924,0,0.046047,0.484394,0.492701,0.466174,0.334853,0.335621,0.255937,0.340579,0.255889
1925,0,0.520044,0.576247,0.549241,0.566693,0.430842,0.593250,0.522115,0.576982,0.419193
1926,0,0.595716,0.467619,0.512930,0.543876,0.324753,0.460708,0.391684,0.479471,0.324912
1927,0,0.616238,0.469988,0.520291,0.503141,0.379328,0.498160,0.472817,0.473672,0.342175
1929,0,0.451533,0.553323,0.511548,0.474503,0.388377,0.595395,0.524383,0.629869,0.481637
1930,0,0.236977,0.481800,0.513559,0.481925,0.343806,0.368961,0.414517,0.517747,0.206639
1931,1,0.464270,0.606137,0.531297,0.586189,0.465580,0.553463,0.514016,0.540714,0.444609
1932,1,0.514085,0.518976,0.509384,0.475032,0.317595,0.562684,0.446933,0.547059,0.364445
1933,1,0.500857,0.569153,0.485521,0.477700,0.335754,0.616169,0.426103,0.500848,0.450478
1934,0,0.726873,0.565545,0.515130,0.547184,0.387951,0.681712,0.501704,0.588478,0.300676
1935,1,0.674545,0.539342,0.509008,0.506452,0.443360,0.644101,0.522511,0.595897,0.405426
1936,0,0.611120,0.493678,0.492765,0.485787,0.300599,0.527596,0.490058,0.561297,0.436042
1937,1,0.310459,0.572453,0.493621,0.428043,0.485356,0.537122,0.485650,0.548716,0.436446
1938,0,0.467449,0.450386,0.432507,0.400405,0.223694,0.446151,0.320820,0.450034,0.269128
1939,0,0.685170,0.485676,0.512045,0.532058,0.301362,0.480846,0.506193,0.556482,0.345459
1940,0,0.408207,0.447886,0.473372,0.413271,0.300507,0.474040,0.458167,0.543634,0.267282
1942,0,0.510030,0.537008,0.491732,0.433151,0.313684,0.561372,0.396082,0.494298,0.258163
1943,0,0.429009,0.633543,0.518775,0.492878,0.396475,0.679067,0.562133,0.594761,0.420944
1945,1,0.665760,0.622703,0.560434,0.578866,0.407695,0.652809,0.541861,0.594949,0.438887
1946,1,0.100995,0.468094,0.500476,0.477627,0.334317,0.314294,0.350847,0.456049,0.167124
1947,0,0.594558,0.497735,0.537829,0.546477,0.475751,0.503953,0.507676,0.530985,0.461187
1948,1,0.675544,0.570976,0.505646,0.526962,0.333102,0.652943,0.513793,0.588214,0.378489
1949,1,0.239563,0.586066,0.499279,0.514730,0.403575,0.575801,0.409486,0.493091,0.249558
1950,1,0.677944,0.526261,0.525702,0.521009,0.349250,0.565169,0.504398,0.583569,0.306239
1951,0,0.494238,0.582063,0.516808,0.538252,0.342072,0.579927,0.444695,0.584783,0.392525
1952,1,0.347423,0.519001,0.488329,0.515341,0.385084,0.464467,0.440215,0.545746,0.298208
1953,0,0.425249,0.516103,0.492650,0.527218,0.301783,0.661380,0.496704,0.593465,0.577075
1954,1,0.528605,0.560265,0.498382,0.457655,0.423421,0.673615,0.544696,0.589186,0.519763
1955,1,0.172386,0.593051,0.514113,0.498132,0.385017,0.534607,0.511068,0.529445,0.305557
1956,0,0.643137,0.476688,0.479964,0.475879,0.260230,0.608191,0.429732,0.585741,0.204301
1958,0,0.404562,0.504445,0.516229,0.473220,0.326778,0.466492,0.479467,0.518749,0.329261
1959,0,0.578181,0.604126,0.543652,0.564272,0.498919,0.632028,0.591107,0.604436,0.643325
1960,0,0.561004,0.600012,0.506868,0.508425,0.420767,0.649013,0.515327,0.553629,0.266563
1961,0,0.005962,0.567299,0.522100,0.502457,0.446379,0.274678,0.074708,0.125171,0.133021
1962,1,0.701367,0.471211,0.455616,0.487699,0.319774,0.536348,0.364479,0.494414,0.378087
1963,1,0.118610,0.493608,0.536382,0.515363,0.384298,0.308128,0.438216,0.505790,0.282664
1964,0,0.540379,0.563659,0.502937,0.421382,0.337359,0.615026,0.479672,0.596345,0.372506
1965,0,0.611879,0.537043,0.495923,0.478127,0.368087,0.625242,0.461121,0.550561,0.291833
1966,1,0.281790,0.539025,0.520066,0.532907,0.270537,0.506122,0.491217,0.583739,0.292395
1967,0,0.454829,0.413071,0.472640,0.456195,0.349681,0.560445,0.461044,0.527953,0.526351
1968,0,0.533069,0.556091,0.466533,0.497255,0.265746,0.568379,0.350232,0.544983,0.366689
1969,1,0.498585,0.595619,0.474297,0.489616,0.307452,0.636832,0.442954,0.564893,0.398765
1973,0,0.169650,0.547448,0.484492,0.499650,0.328909,0.494643,0.383368,0.522753,0.102952
1974,1,0.558789,0.435695,0.455479,0.485513,0.260552,0.563867,0.458895,0.579256,0.490690
1975,1,0.504987,0.493620,0.529880,0.537031,0.285094,0.506649,0.417146,0.521137,0.347310
1976,0,0.362645,0.516478,0.516091,0.507002,0.386752,0.453871,0.505370,0.573364,0.213681
1977,1,0.277755,0.532685,0.518270,0.506719,0.372007,0.468695,0.484666,0.516971,0.434347
1980,0,0.569403,0.483131,0.523617,0.498557,0.414999,0.503497,0.436238,0.521662,0.363922
1984,0,0.422968,0.523514,0.471523,0.437184,0.329877,0.513540,0.397163,0.470687,0.366508
1985,0,0.373168,0.551597,0.514857,0.552596,0.260345,0.532450,0.509760,0.544828,0.425460
1987,0,0.509216,0.565864,0.509356,0.499854,0.421999,0.623592,0.512227,0.587913,0.379080
1988,0,0.618182,0.438162,0.499371,0.494258,0.313387,0.420094,0.389936,0.512230,0.267964
1989,1,0.355860,0.492607,0.426476,0.448729,0.275137,0.573407,0.414274,0.499674,0.307650
1990,0,0.612452,0.476224,0.477921,0.456813,0.209692,0.545283,0.433873,0.612165,0.296797
1991,0,0.001149,0.549975,0.503322,0.478038,0.419011,0.274766,0.057607,0.139682,0.202783
1992,1,0.379562,0.479162,0.467405,0.414229,0.428305,0.390499,0.379547,0.432393,0.329763
1993,0,0.389063,0.545335,0.524167,0.586881,0.359097,0.607939,0.560741,0.582929,0.303722
1995,1,0.538170,0.566865,0.493659,0.456240,0.423856,0.582651,0.403592,0.481178,0.217349
1996,0,0.448775,0.537817,0.524262,0.519394,0.445883,0.654622,0.575731,0.533994,0.427935
1997,0,0.457853,0.531183,0.477165,0.477477,0.296242,0.646950,0.430038,0.551032,0.369484
1998,0,0.674545,0.511530,0.456972,0.476022,0.421161,0.547981,0.355209,0.489924,0.351845
1999,0,0.643296,0.450307,0.481019,0.502126,0.270056,0.540925,0.452549,0.539927,0.358269
2000,0,0.385001,0.558119,0.516282,0.511933,0.388964,0.525032,0.511313,0.533910,0.434512
2001,1,0.249154,0.553838,0.518158,0.529461,0.415830,0.516904,0.535946,0.528005,0.362253
2002,1,0.218736,0.378981,0.406812,0.447935,0.286734,0.408405,0.353100,0.486503,0.249552
2003,1,0.328290,0.475459,0.479500,0.429076,0.354035,0.557587,0.492534,0.510100,0.385111
2006,0,0.611063,0.527056,0.437161,0.438142,0.420619,0.581765,0.502300,0.586642,0.333473
2007,1,0.565224,0.623908,0.562952,0.547814,0.447648,0.697221,0.628515,0.643274,0.625487
2008,1,0.030439,0.610262,0.562266,0.541551,0.414760,0.360237,0.253765,0.338281,0.170133
2009,0,0.512573,0.624436,0.550169,0.576370,0.537437,0.672965,0.655578,0.617932,0.659027
2011,0,0.397047,0.470478,0.510885,0.510295,0.244431,0.509797,0.529009,0.623685,0.297270
2012,1,0.542901,0.603816,0.565162,0.592481,0.444674,0.570625,0.584778,0.602297,0.387378
2013,0,0.101709,0.533286,0.488821,0.458495,0.308557,0.404856,0.382989,0.459364,0.220877
2014,0,0.005984,0.511822,0.505156,0.509239,0.366923,0.314229,0.076789,0.233685,0.206345
2015,0,0.003145,0.554044,0.495892,0.524381,0.357655,0.267086,0.050773,0.093578,0.233438
2016,1,0.516162,0.635872,0.565173,0.573293,0.458765,0.629000,0.519450,0.596662,0.281485
2017,0,0.006531,0.516975,0.474193,0.492871,0.385289,0.269120,0.037421,0.099384,0.121842
2018,0,0.006771,0.550388,0.515983,0.534446,0.277267,0.284647,0.048121,0.130686,0.061891
2019,0,0.000993,0.379448,0.419383,0.438466,0.171220,0.229537,0.049364,0.091587,0.091499
2020,0,0.464270,0.600398,0.499689,0.509296,0.352400,0.701972,0.496078,0.541866,0.489258
2021,1,0.332867,0.631131,0.567593,0.597259,0.401577,0.649937,0.606896,0.567446,0.743797
2022,0,0.030602,0.610297,0.506418,0.534001,0.238756,0.377575,0.282550,0.347690,0.266406
2024,0,0.676338,0.614505,0.560246,0.574305,0.385962,0.638197,0.538610,0.664547,0.439311
2025,0,0.486742,0.485013,0.487786,0.426656,0.338531,0.569591,0.500815,0.527729,0.408394
2028,0,0.618066,0.555794,0.547316,0.517777,0.419974,0.600121,0.559426,0.609006,0.367579
2029,0,0.506405,0.617519,0.542264,0.531483,0.288368,0.671364,0.613192,0.597891,0.584052
2030,1,0.153621,0.583897,0.529766,0.522442,0.448337,0.424443,0.444823,0.526884,0.197119
2032,0,0.507590,0.637054,0.571885,0.577439,0.355472,0.635638,0.576179,0.603675,0.491983
2033,1,0.134784,0.326324,0.331763,0.419170,0.131399,0.313159,0.317403,0.470164,0.136339
2034,0,0.010521,0.583158,0.532365,0.547512,0.428842,0.293219,0.140683,0.317446,0.142661
2035,0,0.305712,0.549021,0.543795,0.541576,0.409993,0.511191,0.564805,0.530826,0.540577
2036,0,0.677944,0.533987,0.528817,0.514065,0.344944,0.547088,0.559751,0.548727,0.427786
2037,0,0.003434,0.594923,0.548476,0.531339,0.543559,0.277172,0.122961,0.141317,0.302794
2038,0,0.608318,0.527653,0.527541,0.521347,0.414980,0.568819,0.486888,0.593898,0.382847
2039,1,0.397406,0.518299,0.493790,0.480810,0.338859,0.632529,0.514198,0.571341,0.348376
2040,0,0.003973,0.510959,0.511086,0.525457,0.333283,0.236884,0.050662,0.095908,0.134404
2041,1,0.426725,0.535552,0.514606,0.524178,0.408486,0.578707,0.449692,0.544615,0.405887
2042,0,0.594469,0.587074,0.514026,0.504651,0.277066,0.554609,0.417029,0.555061,0.361119
2043,1,0.532063,0.556157,0.521759,0.527253,0.261153,0.577588,0.502015,0.575126,0.351420
2044,0,0.009564,0.522774,0.498463,0.510305,0.381194,0.295429,0.098741,0.164282,0.109853
2046,1,0.245757,0.442993,0.513650,0.531482,0.349965,0.404354,0.445908,0.536106,0.338146
2048,0,0.125210,0.523590,0.489501,0.421817,0.285622,0.409387,0.380422,0.431913,0.176027
2049,1,0.284912,0.507300,0.514157,0.467796,0.349498,0.503612,0.524122,0.585409,0.323827
2050,0,0.341944,0.495946,0.430599,0.444655,0.440726,0.579104,0.435734,0.506141,0.380236
2051,0,0.000845,0.597524,0.515650,0.556885,0.382461,0.325636,0.100408,0.146925,0.245700
2052,0,0.078995,0.490783,0.447745,0.378769,0.333313,0.263731,0.272435,0.357624,0.118313
2053,1,0.081510,0.475058,0.474453,0.446189,0.351214,0.345743,0.290564,0.346426,0.260963
2054,1,0.650339,0.588920,0.511994,0.500246,0.403364,0.583526,0.468604,0.551905,0.367630
2055,0,0.004582,0.401603,0.402366,0.326804,0.258315,0.228451,0.021341,0.096044,0.122154
2056,1,0.442591,0.552712,0.539689,0.568100,0.419253,0.526878,0.529477,0.543614,0.361807
2057,0,0.003283,0.544575,0.503821,0.527432,0.359684,0.308408,0.032794,0.131160,0.112287
2059,0,0.260409,0.560287,0.539804,0.543674,0.409027,0.487973,0.581475,0.572513,0.497835
2060,1,0.597473,0.571810,0.530017,0.556514,0.410958,0.627509,0.529451,0.600478,0.407357
2062,0,0.635285,0.573855,0.505742,0.474379,0.373141,0.562872,0.442937,0.568244,0.363922
2064,0,0.254203,0.349737,0.429176,0.420271,0.313884,0.363570,0.398574,0.476897,0.173873
2065,1,0.579546,0.596681,0.486122,0.457339,0.380758,0.662907,0.553387,0.587709,0.315342
2066,0,0.367919,0.624871,0.499935,0.476198,0.368485,0.658784,0.428572,0.558693,0.276001
2067,0,0.655214,0.558646,0.538631,0.531935,0.265949,0.620733,0.535508,0.614051,0.408098
2068,1,0.630994,0.568685,0.492975,0.494937,0.495700,0.635028,0.415924,0.541175,0.404936
2069,0,0.504545,0.649342,0.545004,0.510410,0.431795,0.562958,0.519236,0.586139,0.222177
2070,0,0.328083,0.545682,0.537499,0.515524,0.407408,0.496659,0.559677,0.556563,0.438659
2072,1,0.549080,0.548862,0.538426,0.619293,0.378526,0.649158,0.632212,0.578371,0.370352
2074,0,0.529020,0.603288,0.550864,0.543139,0.380822,0.640831,0.578471,0.613461,0.570569
2075,0,0.703398,0.639123,0.552508,0.523471,0.413075,0.626073,0.495216,0.624614,0.370186
2076,1,0.365158,0.577853,0.539186,0.558137,0.436200,0.563853,0.535266,0.542556,0.585562
2077,0,0.513996,0.541617,0.481846,0.485650,0.403311,0.570627,0.511688,0.571690,0.552414
2078,1,0.641118,0.504807,0.488324,0.483676,0.364031,0.553711,0.482014,0.532088,0.277052
2079,1,0.193880,0.492437,0.502368,0.534097,0.464467,0.470168,0.434798,0.480320,0.324755
2080,0,0.086551,0.625961,0.577721,0.560353,0.357243,0.415073,0.441719,0.493008,0.387390
2081,0,0.493951,0.480907,0.491623,0.510310,0.351886,0.429635,0.442946,0.495309,0.134357
2082,0,0.070459,0.470721,0.415240,0.485289,0.384998,0.317373,0.245580,0.373585,0.282930
2083,0,0.536174,0.505063,0.519635,0.489135,0.386746,0.621256,0.567043,0.562762,0.506311
2084,1,0.103372,0.424900,0.448437,0.480369,0.330512,0.326443,0.356941,0.497826,0.230687
2085,0,0.030630,0.389826,0.421724,0.436793,0.198286,0.230543,0.226723,0.326759,0.124316
2087,1,0.445551,0.618459,0.522583,0.518586,0.355050,0.613820,0.573227,0.582089,0.404987
2088,1,0.657604,0.608317,0.568042,0.564555,0.505619,0.712511,0.643632,0.633140,0.689725
2089,0,0.326615,0.561112,0.517149,0.482383,0.409425,0.622107,0.546902,0.567446,0.459732
2092,1,0.595360,0.492802,0.495738,0.507395,0.347512,0.633057,0.527400,0.571002,0.470845
2093,0,0.653049,0.542423,0.544167,0.492363,0.387274,0.695266,0.596993,0.621768,0.569418
2094,1,0.432694,0.574082,0.499705,0.515788,0.321044,0.645095,0.542842,0.561206,0.397959
2096,0,0.510424,0.449875,0.465361,0.471066,0.203238,0.637593,0.510241,0.599887,0.380493
2098,0,0.005285,0.464825,0.451914,0.395709,0.286771,0.253767,0.029436,0.093360,0.161429
2099,0,0.007351,0.341564,0.368156,0.419062,0.219484,0.170339,0.043252,0.128075,0.035240
2100,0,0.090130,0.424328,0.443256,0.423959,0.210133,0.382483,0.378641,0.577728,0.184267
2101,0,0.476918,0.536337,0.456669,0.466624,0.321749,0.624161,0.485372,0.601725,0.253557
2102,0,0.313395,0.506759,0.499785,0.501287,0.428271,0.555897,0.544561,0.547356,0.447851
2103,0,0.207817,0.544198,0.470871,0.443937,0.365629,0.517257,0.374126,0.523516,0.324420
2105,0,0.323863,0.599454,0.534088,0.549202,0.289202,0.667971,0.652902,0.582242,0.465674
2106,0,0.085382,0.515168,0.440434,0.564165,0.206259,0.331489,0.352598,0.421055,0.084614
2107,0,0.003426,0.453714,0.509037,0.480420,0.280400,0.227608,0.173302,0.153392,0.122925
2108,0,0.163085,0.533956,0.441548,0.549859,0.288124,0.476414,0.328629,0.492527,0.336889
2109,0,0.042671,0.493366,0.482129,0.472574,0.250658,0.271826,0.172848,0.376723,0.122568
2110,0,0.523821,0.397950,0.427666,0.423852,0.255302,0.567223,0.476234,0.563250,0.417254
2111,0,0.002613,0.514412,0.454827,0.481622,0.294573,0.258176,0.083945,0.216567,0.138973
2112,0,0.210484,0.605274,0.569329,0.572410,0.493763,0.542145,0.642320,0.622717,0.312856
2113,0,0.105771,0.597201,0.534088,0.549202,0.291926,0.464721,0.660253,0.454929,0.407009
2114,0,0.157639,0.488061,0.431748,0.413869,0.315258,0.408767,0.409321,0.426342,0.423126
2115,0,0.050327,0.426632,0.480714,0.546192,0.307312,0.288119,0.198914,0.320160,0.159034
2116,1,0.627620,0.419026,0.451046,0.469123,0.343725,0.531598,0.512224,0.642052,0.393558
2117,1,0.038968,0.547092,0.472967,0.490497,0.385619,0.347116,0.232654,0.363200,0.227077
2118,1,0.698256,0.562598,0.497312,0.484022,0.347239,0.693374,0.450352,0.616663,0.442887
2119,0,0.090613,0.566576,0.502298,0.503769,0.395817,0.431067,0.321197,0.367278,0.232356
2121,0,0.036390,0.523297,0.459765,0.482253,0.329093,0.297729,0.226566,0.248046,0.061219
2124,1,0.388576,0.455023,0.441064,0.488255,0.268121,0.577324,0.485702,0.576896,0.449356
2125,0,0.054390,0.483724,0.446923,0.449261,0.373379,0.310308,0.169968,0.339038,0.221484
2126,0,0.361550,0.442488,0.421271,0.429555,0.295591,0.530708,0.412598,0.530939,0.213041
2127,0,0.014344,0.556281,0.481686,0.500228,0.299906,0.269713,0.219139,0.364406,0.087427
2128,0,0.362952,0.530439,0.483977,0.471103,0.309490,0.622261,0.489807,0.546456,0.339527
2129,1,0.353662,0.390629,0.417101,0.435876,0.209892,0.418027,0.264206,0.500735,0.314024
2130,0,0.511143,0.393250,0.439939,0.446952,0.262192,0.516554,0.493947,0.580388,0.385632
2132,0,0.210714,0.471683,0.484695,0.557771,0.355074,0.453938,0.606453,0.549807,0.175549
2133,1,0.204353,0.512775,0.411607,0.429692,0.218295,0.488011,0.387822,0.514475,0.349714
2134,1,0.506994,0.426800,0.456500,0.470417,0.290257,0.564190,0.537479,0.602497,0.165639
2135,1,0.098933,0.443871,0.449250,0.489795,0.249838,0.326019,0.350264,0.444984,0.186830
2137,0,0.669877,0.449656,0.445060,0.481770,0.269062,0.588114,0.543444,0.582854,0.353044
2138,1,0.436430,0.497461,0.469664,0.491879,0.235115,0.537788,0.438964,0.570636,0.247501
2139,1,0.273293,0.474649,0.458425,0.344248,0.303289,0.522235,0.459524,0.564504,0.437386
2140,0,0.031965,0.478626,0.478984,0.480105,0.365051,0.225749,0.162136,0.284317,0.173692
2141,1,0.302799,0.544437,0.470353,0.441000,0.337015,0.560657,0.404813,0.562762,0.344711
2142,0,0.375501,0.373671,0.448798,0.486219,0.299006,0.426442,0.507375,0.541711,0.391674
2144,0,0.094797,0.574471,0.457621,0.451363,0.340981,0.400421,0.290403,0.524516,0.206542
2145,0,0.636788,0.407374,0.509040,0.577400,0.291544,0.529796,0.657510,0.627619,0.307126
2146,0,0.133236,0.359811,0.384109,0.410173,0.273250,0.305618,0.310993,0.422737,0.223973
2147,0,0.280716,0.495453,0.480923,0.472574,0.247763,0.451933,0.608391,0.488508,0.232688
2148,0,0.002350,0.445260,0.482167,0.526146,0.261895,0.227059,0.077783,0.117810,0.118753
2149,0,0.278615,0.534880,0.516340,0.541481,0.364143,0.490302,0.502052,0.595563,0.247386
2150,0,0.063350,0.402200,0.445867,0.469123,0.330220,0.220752,0.250594,0.495094,0.215783
2153,0,0.014765,0.522945,0.465279,0.439504,0.332126,0.268845,0.200520,0.401563,0.172683
2154,0,0.013387,0.458193,0.476871,0.557366,0.321233,0.244917,0.201227,0.352355,0.137703
2155,1,0.345632,0.381939,0.391969,0.295875,0.199516,0.457793,0.373714,0.572434,0.413394
2156,0,0.011825,0.531274,0.428733,0.437212,0.255912,0.259637,0.198575,0.340983,0.159459
2157,0,0.106112,0.407186,0.394043,0.289972,0.132435,0.280599,0.333045,0.463878,0.087429
2158,0,0.376491,0.376422,0.464668,0.486505,0.262861,0.507155,0.534340,0.576087,0.417072
2159,1,0.328907,0.517389,0.505540,0.542758,0.382933,0.515187,0.530633,0.527548,0.390426
2162,1,0.047255,0.413155,0.466015,0.469439,0.240574,0.292814,0.223529,0.418256,0.173703
2163,1,0.419384,0.555887,0.448843,0.488291,0.317199,0.565476,0.435996,0.507304,0.399341
2164,0,0.006943,0.412362,0.462577,0.474487,0.231998,0.187734,0.130900,0.268606,0.094335
2165,1,0.115707,0.507783,0.417505,0.404440,0.272265,0.386576,0.225994,0.490425,0.313224
2166,0,0.037404,0.533492,0.441548,0.549859,0.289816,0.329474,0.217897,0.307175,0.251584
2167,1,0.087065,0.475021,0.491358,0.501351,0.308364,0.330316,0.425873,0.554213,0.185281
2168,0,0.057486,0.412066,0.486209,0.508561,0.303348,0.242640,0.298649,0.356632,0.198538
2169,1,0.629011,0.500987,0.436016,0.472422,0.322668,0.641943,0.498017,0.572074,0.561224
2170,0,0.004873,0.477348,0.484279,0.480105,0.371562,0.189826,0.029844,0.090222,0.163405
2172,0,0.225469,0.373749,0.373629,0.391636,0.346277,0.385091,0.337780,0.431721,0.222805
2173,0,0.628145,0.521607,0.450850,0.476699,0.272013,0.666856,0.461533,0.524498,0.363378
2174,0,0.007182,0.452786,0.437349,0.505794,0.290306,0.193302,0.107833,0.184938,0.102350
2175,0,0.392855,0.406856,0.394043,0.289972,0.133404,0.476280,0.381262,0.506255,0.146516
2176,1,0.053346,0.449079,0.475335,0.486543,0.258025,0.268407,0.232991,0.419717,0.175332
2179,0,0.026629,0.477743,0.434881,0.426198,0.309272,0.280124,0.253438,0.386393,0.142467
2180,0,0.276284,0.495185,0.446022,0.461906,0.320905,0.530044,0.444657,0.550349,0.330208
2181,1,0.218929,0.556114,0.448843,0.488291,0.315539,0.500549,0.436292,0.502960,0.357068
2182,1,0.541990,0.466234,0.444125,0.487270,0.244611,0.605487,0.505544,0.603432,0.269535
2183,0,0.041874,0.438274,0.405504,0.253791,0.179960,0.243972,0.167505,0.268904,0.130927
2184,1,0.340898,0.585983,0.511343,0.544328,0.341004,0.603759,0.531018,0.601835,0.574652
2185,1,0.556705,0.365167,0.442968,0.422439,0.340346,0.500428,0.563710,0.563829,0.441395
2186,0,0.275482,0.498737,0.442207,0.469939,0.364144,0.512370,0.448552,0.546774,0.309063
2187,1,0.163023,0.398591,0.417129,0.423341,0.283610,0.328665,0.288768,0.528577,0.143406
2188,0,0.287310,0.524033,0.510952,0.537785,0.370914,0.471661,0.485326,0.598563,0.210320
2189,0,0.087116,0.526744,0.506133,0.554682,0.372787,0.366617,0.434866,0.497206,0.353524
2190,0,0.182257,0.520065,0.450850,0.476699,0.271956,0.483344,0.402772,0.512824,0.207947
2191,0,0.358009,0.417887,0.449627,0.455015,0.232034,0.368584,0.415318,0.482633,0.283699
2192,0,0.515357,0.466020,0.421557,0.432971,0.315064,0.596987,0.433854,0.557120,0.513391
2194,0,0.504134,0.534158,0.522283,0.547562,0.375603,0.476998,0.559963,0.560209,0.373672
2195,1,0.245934,0.387283,0.328476,0.278662,0.157566,0.349427,0.217744,0.378427,0.289558
2196,0,0.368046,0.385036,0.406232,0.428034,0.242106,0.520450,0.379628,0.561857,0.263163
2197,0,0.437438,0.445725,0.458245,0.522855,0.247002,0.574657,0.455384,0.566604,0.314067
2201,0,0.022648,0.495768,0.445481,0.412807,0.234912,0.301722,0.179230,0.298167,0.235714
2202,0,0.095663,0.427979,0.422883,0.405758,0.299528,0.301076,0.294437,0.377722,0.221221
2204,0,0.482846,0.515652,0.467391,0.524587,0.327795,0.665264,0.494893,0.609171,0.571898
2205,1,0.076787,0.563888,0.485832,0.533884,0.337165,0.452369,0.378893,0.463265,0.210212
2207,1,0.331080,0.479339,0.472312,0.516164,0.279945,0.656470,0.494657,0.598759,0.641481
2208,0,0.439348,0.480841,0.445377,0.453463,0.402391,0.557612,0.481746,0.487854,0.474649
2209,1,0.577959,0.480143,0.443239,0.402813,0.325862,0.680694,0.546860,0.614737,0.538746
2210,0,0.120289,0.559949,0.501627,0.485584,0.404582,0.457657,0.454251,0.447833,0.296088
2211,0,0.020413,0.549914,0.504982,0.565991,0.303834,0.401055,0.259129,0.493771,0.205774
2212,0,0.001954,0.512438,0.471821,0.510542,0.413409,0.298105,0.111207,0.137399,0.128906
2213,0,0.009821,0.479702,0.487996,0.504485,0.357906,0.309987,0.086141,0.159225,0.092773
2214,0,0.100821,0.525185,0.517998,0.552171,0.272120,0.436485,0.365293,0.472420,0.189329
2215,0,0.435444,0.488943,0.434165,0.305333,0.343949,0.600157,0.441551,0.599505,0.211965
2216,0,0.261994,0.424729,0.460473,0.466458,0.260327,0.506468,0.477802,0.564555,0.331274
2217,0,0.554655,0.388275,0.430344,0.493229,0.400958,0.544880,0.532335,0.604677,0.462092
2218,1,0.197754,0.553750,0.500237,0.466901,0.294963,0.543207,0.452613,0.506269,0.346654
2219,1,0.257590,0.474700,0.409286,0.287821,0.307607,0.485634,0.331814,0.373512,0.155450
2220,0,0.101738,0.539063,0.497278,0.540275,0.414736,0.478734,0.464716,0.595564,0.365795
2221,1,0.016946,0.428529,0.466407,0.504092,0.357868,0.254596,0.279113,0.333600,0.145468
2223,0,0.605938,0.465372,0.472322,0.463573,0.361571,0.606117,0.564389,0.657159,0.479564
2224,1,0.347771,0.458273,0.475648,0.479683,0.282445,0.566747,0.539680,0.557977,0.599122
2225,1,0.147281,0.473901,0.507404,0.549815,0.295763,0.373832,0.379539,0.531951,0.284209
2226,0,0.011174,0.472949,0.472354,0.463106,0.237174,0.292070,0.152571,0.240940,0.152927
2227,1,0.476293,0.448747,0.441617,0.464226,0.265429,0.597061,0.523270,0.587939,0.290919
2228,1,0.133828,0.430826,0.456354,0.522140,0.180080,0.297257,0.427342,0.489298,0.142494
2229,0,0.520198,0.460499,0.428828,0.466470,0.214052,0.626150,0.483223,0.613889,0.482182
2230,0,0.616632,0.513449,0.487748,0.491211,0.362626,0.679878,0.616470,0.623118,0.671674
2231,0,0.025071,0.474292,0.423336,0.402453,0.378168,0.301372,0.233101,0.328941,0.098158
2232,1,0.068777,0.410780,0.424892,0.437146,0.248760,0.292213,0.256831,0.372921,0.199923
2233,0,0.547056,0.450967,0.410988,0.457745,0.357891,0.663397,0.505139,0.591640,0.583978
2234,0,0.310403,0.474504,0.411354,0.418350,0.382705,0.578652,0.413722,0.558241,0.320266
2235,0,0.331572,0.516401,0.481028,0.398716,0.316311,0.610673,0.536985,0.587670,0.404537
2236,1,0.199892,0.524255,0.453758,0.393839,0.345075,0.502156,0.391087,0.518272,0.108245
2237,0,0.017919,0.530260,0.449852,0.440221,0.313398,0.305570,0.211497,0.340934,0.152234
2238,0,0.099653,0.420012,0.468310,0.458559,0.288072,0.343114,0.431947,0.495879,0.152499
2239,0,0.081814,0.455703,0.416968,0.466264,0.195809,0.349519,0.318729,0.496709,0.105400
2240,0,0.429599,0.480577,0.456850,0.480602,0.299629,0.600731,0.511316,0.583918,0.516544
2241,1,0.156158,0.610975,0.486789,0.438710,0.431323,0.566109,0.450041,0.500665,0.382318
2242,0,0.132226,0.456475,0.450189,0.372276,0.264861,0.400111,0.356862,0.485623,0.185401
2243,1,0.158200,0.457600,0.445179,0.472962,0.373287,0.515069,0.429544,0.530555,0.275276
2244,1,0.512604,0.461936,0.469809,0.479468,0.296744,0.617002,0.528567,0.585544,0.463299
2245,0,0.603671,0.517473,0.502780,0.558517,0.264198,0.709960,0.620639,0.660420,0.653305
2247,0,0.373495,0.435979,0.490113,0.375627,0.350474,0.498856,0.491593,0.616519,0.244957
2248,1,0.094279,0.484164,0.455743,0.449327,0.333632,0.370187,0.295877,0.323674,0.370841
2249,1,0.234722,0.513981,0.420275,0.360903,0.315669,0.511875,0.357747,0.361548,0.261458
2250,0,0.405967,0.407154,0.427206,0.386139,0.363531,0.564177,0.455018,0.544844,0.276033
2251,0,0.581813,0.505075,0.493844,0.515647,0.374195,0.683048,0.540158,0.597246,0.561279
2252,0,0.005512,0.449558,0.444637,0.381867,0.254986,0.258623,0.078777,0.100133,0.174056
2253,0,0.002930,0.386903,0.412593,0.469321,0.197302,0.229620,0.045754,0.092257,0.060052
2254,0,0.301067,0.513828,0.462335,0.482909,0.342988,0.515330,0.511793,0.556957,0.348278
2255,1,0.017776,0.494375,0.442714,0.329339,0.305276,0.325435,0.179876,0.341595,0.124152
2256,1,0.346572,0.499677,0.439368,0.431034,0.247849,0.615283,0.388943,0.535853,0.256460
2257,1,0.279946,0.510295,0.520941,0.575685,0.430074,0.558960,0.548948,0.604386,0.548351
2258,1,0.227616,0.568882,0.472870,0.476434,0.382085,0.572492,0.436003,0.493001,0.230852
2259,0,0.123073,0.557487,0.525981,0.576707,0.371469,0.539703,0.480231,0.461233,0.505696
2262,1,0.293075,0.515448,0.434596,0.480078,0.347703,0.610731,0.484923,0.566228,0.306776
2263,1,0.213449,0.439858,0.419693,0.461605,0.245282,0.437038,0.365147,0.404235,0.297800
2264,0,0.059554,0.502677,0.417281,0.448399,0.203942,0.283413,0.194088,0.371078,0.094252
2265,0,0.063845,0.559591,0.503156,0.527839,0.449916,0.384722,0.354805,0.461893,0.239884
2267,0,0.016242,0.517248,0.463830,0.416714,0.257534,0.300959,0.193679,0.281034,0.121594
2271,0,0.170360,0.386789,0.421646,0.443098,0.186002,0.342424,0.400840,0.506539,0.163931
2272,1,0.015230,0.415236,0.417970,0.428578,0.246636,0.256992,0.158117,0.251213,0.086829
2273,0,0.007745,0.472559,0.416653,0.410106,0.522981,0.298554,0.104260,0.170758,0.151211
2274,0,0.064864,0.477210,0.430116,0.461967,0.420989,0.364383,0.273254,0.459707,0.222110
2275,0,0.179660,0.469071,0.380737,0.403314,0.199302,0.504611,0.354957,0.415841,0.261226
2276,0,0.009941,0.449534,0.380367,0.370644,0.275918,0.305980,0.118752,0.292024,0.182705
2277,1,0.626812,0.458494,0.453030,0.511749,0.278237,0.561817,0.464752,0.566073,0.606677
2278,0,0.096493,0.362956,0.370814,0.377247,0.259354,0.356520,0.253631,0.495315,0.101153
2280,1,0.359400,0.445843,0.460670,0.463981,0.249282,0.469146,0.425421,0.495143,0.284220
2281,1,0.260347,0.502467,0.413401,0.417014,0.399677,0.542695,0.426256,0.593812,0.334831
2282,0,0.000163,0.430580,0.427800,0.526287,0.235762,0.290092,0.083435,0.114335,0.169894
2283,0,0.002231,0.454056,0.444605,0.478241,0.232675,0.256450,0.086171,0.095096,0.193491
2288,0,0.018686,0.445005,0.423789,0.333822,0.281353,0.294951,0.123740,0.284083,0.122809
2289,0,0.120111,0.454553,0.445095,0.488406,0.322404,0.383572,0.382440,0.520766,0.189118
2290,1,0.490284,0.419312,0.430031,0.461012,0.471111,0.568677,0.520327,0.564516,0.487551
2291,0,0.189103,0.546945,0.557604,0.566600,0.453491,0.500201,0.445722,0.544089,0.369246
2293,0,0.024838,0.485130,0.471177,0.528524,0.367645,0.304358,0.144779,0.278913,0.202246
2294,0,0.055735,0.477537,0.474104,0.495834,0.368496,0.334427,0.153523,0.352356,0.148141
2295,0,0.002291,0.484808,0.405152,0.451879,0.253624,0.278028,0.117603,0.123543,0.135382
2297,0,0.573117,0.476202,0.437724,0.472858,0.259268,0.683778,0.592190,0.649325,0.670306
2298,0,0.321104,0.515090,0.449299,0.476161,0.211699,0.532483,0.464926,0.543937,0.466193
2299,0,0.000901,0.525092,0.500040,0.530902,0.371521,0.301166,0.051781,0.198583,0.111069
2300,1,0.370600,0.511905,0.492804,0.522706,0.353082,0.637194,0.538825,0.555718,0.372396
2302,0,0.411109,0.502057,0.472891,0.490251,0.285019,0.595923,0.508798,0.601815,0.514254
2303,0,0.099265,0.590266,0.503949,0.539230,0.468257,0.465496,0.479938,0.472145,0.236111
2304,0,0.406684,0.584023,0.523482,0.548579,0.523271,0.630007,0.590466,0.590574,0.474110
2305,0,0.001557,0.540693,0.502153,0.543718,0.362765,0.293334,0.070263,0.118405,0.136109
2306,0,0.220278,0.625687,0.562381,0.594574,0.292541,0.568636,0.488145,0.556899,0.441832
2307,0,0.000397,0.526547,0.454031,0.460350,0.195225,0.310290,0.072775,0.143759,0.201921
2308,0,0.006780,0.398879,0.446642,0.490047,0.274349,0.227843,0.086027,0.146021,0.196099
2311,1,0.631290,0.441472,0.471720,0.479870,0.311602,0.624535,0.477551,0.588734,0.378161
2312,1,0.481876,0.628984,0.530773,0.530024,0.551717,0.671250,0.622354,0.618437,0.578817
2314,0,0.009497,0.554386,0.470854,0.453377,0.274707,0.310710,0.109784,0.200208,0.261042
2315,0,0.187989,0.495793,0.514938,0.539797,0.305927,0.475952,0.501218,0.576138,0.291436
2317,1,0.484854,0.685354,0.572087,0.602284,0.520229,0.784337,0.642953,0.665348,0.556249
2319,1,0.016425,0.502454,0.461189,0.467191,0.365334,0.311188,0.168265,0.303954,0.185928
2320,0,0.000328,0.567225,0.514374,0.529309,0.316966,0.297171,0.129305,0.207236,0.158457
2322,1,0.511143,0.609999,0.501774,0.558648,0.519411,0.697385,0.580087,0.650364,0.354953
2323,1,0.219499,0.470536,0.424714,0.459310,0.228190,0.515869,0.432742,0.516208,0.275145
2324,0,0.032966,0.582535,0.506601,0.574221,0.376138,0.395948,0.214662,0.342790,0.325151
2325,1,0.223774,0.573088,0.482938,0.521489,0.462114,0.566044,0.522525,0.565166,0.472594
2326,0,0.001918,0.403862,0.462287,0.480807,0.240988,0.209771,0.052907,0.098300,0.228072
2327,1,0.341751,0.623288,0.548162,0.572318,0.313149,0.616705,0.567059,0.586412,0.498235
2328,0,0.056516,0.414271,0.439804,0.418228,0.244632,0.283888,0.252310,0.383041,0.237541
2329,1,0.596450,0.516018,0.475597,0.452429,0.265243,0.674502,0.468949,0.535028,0.552145
2330,0,0.002070,0.558094,0.493021,0.411824,0.272874,0.291163,0.055872,0.098061,0.272538
2334,0,0.170558,0.353998,0.441989,0.482306,0.330034,0.385170,0.472260,0.519682,0.186302
2335,0,0.112212,0.528403,0.502644,0.560089,0.317880,0.421871,0.438094,0.582820,0.323586
2336,0,0.087578,0.465898,0.421596,0.437201,0.142774,0.410322,0.296926,0.465830,0.266301
2337,0,0.284850,0.464767,0.477810,0.513893,0.264757,0.518539,0.459358,0.538544,0.293709
2339,0,0.384933,0.396937,0.401362,0.438306,0.147687,0.517896,0.369717,0.558082,0.500226
2340,0,0.001765,0.452676,0.432877,0.534502,0.235124,0.271456,0.059500,0.101372,0.124527
2341,1,0.177653,0.554489,0.519565,0.580458,0.388663,0.484530,0.478021,0.581591,0.361867
2342,0,0.220130,0.489032,0.441421,0.467359,0.323334,0.488568,0.400520,0.529345,0.491437
2343,1,0.330516,0.572750,0.517774,0.509614,0.373356,0.639785,0.618509,0.639069,0.468502
2344,0,0.000237,0.465302,0.438475,0.440595,0.338089,0.287689,0.081428,0.116640,0.181284
2345,1,0.010626,0.506390,0.448415,0.435824,0.170720,0.288747,0.168911,0.274277,0.099487
2346,1,0.408311,0.564819,0.506265,0.537654,0.422560,0.687731,0.560490,0.585981,0.549326
2347,1,0.221927,0.599303,0.513443,0.589451,0.432972,0.558025,0.502293,0.488050,0.334272
2348,0,0.014778,0.518354,0.442121,0.408282,0.335571,0.275947,0.147236,0.265555,0.165795
2349,1,0.528353,0.556983,0.514063,0.573601,0.317758,0.687859,0.620764,0.607826,0.447624
2351,1,0.615468,0.599131,0.511600,0.581131,0.477647,0.730011,0.581234,0.618096,0.411891
2352,0,0.016313,0.545316,0.495977,0.502707,0.387150,0.380307,0.193896,0.356633,0.303731
2354,0,0.106315,0.524213,0.494310,0.547425,0.462988,0.466604,0.461372,0.504094,0.279689
2355,1,0.677944,0.514538,0.478614,0.482234,0.276255,0.709619,0.587469,0.615497,0.425971
2356,0,0.517594,0.439436,0.475978,0.478835,0.399731,0.564046,0.481173,0.507515,0.358743
2357,0,0.001073,0.452877,0.453054,0.483082,0.275129,0.239902,0.069987,0.149649,0.189006
2358,0,0.618258,0.520318,0.491682,0.536220,0.403440,0.678234,0.559164,0.568210,0.276422
2359,1,0.382240,0.569930,0.467425,0.535034,0.464133,0.664611,0.532461,0.567755,0.512260
2360,0,0.532063,0.507244,0.440991,0.446495,0.301426,0.725877,0.564980,0.631302,0.405472
2362,1,0.319589,0.547621,0.486308,0.518017,0.413470,0.628522,0.521088,0.556256,0.395168
2363,1,0.164779,0.439816,0.468489,0.516564,0.297395,0.475547,0.529605,0.507432,0.439458
2364,1,0.108436,0.350453,0.417987,0.472493,0.240347,0.262832,0.368330,0.447182,0.212609
2365,0,0.043726,0.562280,0.494771,0.553650,0.329634,0.344607,0.225586,0.395354,0.173852
2366,1,0.060574,0.632758,0.547149,0.543724,0.453737,0.459912,0.329989,0.419974,0.379460
2367,1,0.581963,0.520255,0.479143,0.500275,0.387184,0.685861,0.575629,0.655377,0.370339
2368,0,0.344422,0.461870,0.450309,0.421694,0.249477,0.604857,0.481889,0.588585,0.286978
2369,0,0.011491,0.514470,0.472985,0.490833,0.428588,0.301147,0.172243,0.348456,0.206836
2370,0,0.007805,0.619342,0.482542,0.539419,0.322010,0.365364,0.102037,0.245700,0.221067
2371,0,0.021984,0.555113,0.469831,0.505263,0.364377,0.369303,0.146284,0.316986,0.224279
2372,1,0.094939,0.507792,0.491780,0.530091,0.260973,0.322323,0.297804,0.417079,0.184393
2373,0,0.001097,0.486811,0.485305,0.516528,0.341897,0.228637,0.032018,0.117439,0.119500
2374,0,0.005366,0.555146,0.450640,0.541036,0.444547,0.333614,0.032102,0.110072,0.223743
2375,1,0.548032,0.505600,0.490596,0.463026,0.438333,0.602353,0.563497,0.626386,0.587645
2376,1,0.527897,0.538491,0.503518,0.454535,0.343315,0.598791,0.554855,0.619346,0.270244
2377,1,0.145395,0.564617,0.478529,0.490582,0.301735,0.436690,0.390271,0.530335,0.267960
2378,1,0.354780,0.573021,0.512499,0.504214,0.502310,0.567745,0.525253,0.574608,0.487271
2379,0,0.050465,0.512477,0.476468,0.470717,0.362993,0.320013,0.239997,0.374538,0.184925
2381,0,0.044360,0.476680,0.478742,0.501527,0.210260,0.331801,0.223465,0.376771,0.170762
2382,0,0.004782,0.482720,0.500079,0.509782,0.460499,0.284951,0.058365,0.113574,0.292663
2383,0,0.018805,0.433918,0.440504,0.498114,0.189081,0.279659,0.133046,0.305990,0.167781
2385,1,0.603334,0.570377,0.522211,0.532592,0.608752,0.685399,0.525969,0.550880,0.410689
2386,1,0.321417,0.396703,0.472441,0.493078,0.207046,0.414781,0.430113,0.531621,0.233913
2387,0,0.256935,0.516960,0.491359,0.458453,0.478497,0.532636,0.499010,0.557976,0.385941
2388,1,0.100461,0.512726,0.482230,0.523472,0.365428,0.370469,0.398205,0.500978,0.286436
2389,1,0.236724,0.571781,0.467482,0.475126,0.307556,0.579426,0.507104,0.596404,0.337307
2390,1,0.323364,0.581232,0.490900,0.490570,0.450302,0.679582,0.544411,0.603427,0.652986
2391,0,0.344219,0.497947,0.464028,0.487052,0.322295,0.617320,0.513608,0.585099,0.385482
2392,1,0.489712,0.536284,0.470003,0.460027,0.317405,0.649604,0.525859,0.593325,0.576294
2393,1,0.144133,0.499734,0.481285,0.524493,0.339074,0.457661,0.493055,0.587887,0.414431
2394,0,0.013450,0.496996,0.481888,0.443157,0.288578,0.282627,0.122059,0.302903,0.214057
2396,0,0.051105,0.499599,0.470956,0.499176,0.329164,0.367027,0.326737,0.282772,0.215785
2397,0,0.068460,0.413902,0.467197,0.460263,0.319941,0.310019,0.366138,0.424605,0.207835
2398,0,0.000768,0.574500,0.520988,0.583261,0.409004,0.269801,0.030938,0.091482,0.195827
2399,0,0.009925,0.470538,0.444966,0.429818,0.353201,0.313762,0.054253,0.171180,0.115987
2400,1,0.546391,0.516769,0.481287,0.520624,0.350843,0.670282,0.476564,0.560141,0.375428
2401,0,0.004985,0.479293,0.521885,0.613226,0.399459,0.241275,0.098089,0.107059,0.155894
2403,1,0.601311,0.589394,0.532815,0.543582,0.413647,0.627380,0.565494,0.603073,0.471788
2404,0,0.498119,0.544577,0.484031,0.468345,0.466250,0.640652,0.571737,0.629753,0.519987
2407,0,0.027734,0.570228,0.492129,0.488124,0.319335,0.377567,0.208486,0.337898,0.176926
2408,0,0.401986,0.618293,0.533630,0.546014,0.379549,0.708190,0.491947,0.565814,0.461415
2409,0,0.526669,0.517053,0.495668,0.526078,0.424276,0.618222,0.524090,0.626750,0.483609
2411,0,0.223327,0.623370,0.541095,0.551765,0.502952,0.623914,0.543155,0.614044,0.524566
2412,0,0.086618,0.617942,0.559044,0.620277,0.440569,0.352317,0.403374,0.493216,0.282215
2413,1,0.185316,0.549677,0.531729,0.586408,0.299839,0.460023,0.413726,0.556419,0.152678
2414,1,0.703667,0.558376,0.562697,0.526179,0.482053,0.693225,0.606315,0.680536,0.573341
2415,1,0.609170,0.585119,0.534956,0.561524,0.430059,0.697793,0.559946,0.625768,0.631188
2416,0,0.053636,0.580853,0.530239,0.560883,0.477349,0.386922,0.274754,0.356947,0.162859
2417,0,0.544724,0.556240,0.572192,0.550749,0.541430,0.691581,0.659974,0.639096,0.617258
2419,1,0.603569,0.573488,0.495184,0.498088,0.519736,0.600576,0.542217,0.574263,0.516343
2420,0,0.191036,0.550515,0.531912,0.560666,0.378983,0.482946,0.454948,0.461113,0.345782
2421,0,0.576362,0.589489,0.517479,0.555572,0.312715,0.706840,0.625866,0.622654,0.746494
2422,1,0.502126,0.534233,0.506455,0.469121,0.491162,0.634086,0.544000,0.555593,0.479509
2423,0,0.596023,0.665185,0.569769,0.532943,0.581917,0.752483,0.575717,0.618944,0.616273
2424,1,0.222034,0.524080,0.481661,0.480592,0.274942,0.451946,0.414347,0.495188,0.238191
2425,1,0.194183,0.619849,0.597452,0.639150,0.428696,0.517009,0.413246,0.527160,0.274154
2426,0,0.001587,0.455295,0.407592,0.415549,0.414786,0.270388,0.045113,0.109269,0.076233
2427,0,0.198400,0.450136,0.442849,0.503147,0.415637,0.435786,0.433256,0.527566,0.234746
2429,1,0.665760,0.541685,0.512061,0.529489,0.534532,0.724753,0.557129,0.570029,0.458662
2431,0,0.691106,0.504059,0.481165,0.461781,0.398278,0.645847,0.474945,0.628591,0.452900
2432,1,0.371148,0.612995,0.472689,0.477730,0.424949,0.624355,0.482010,0.559384,0.378756
2433,1,0.322703,0.463518,0.450072,0.515504,0.380564,0.461098,0.422705,0.519319,0.290308
2434,0,0.423886,0.536446,0.474886,0.364253,0.374400,0.571622,0.536132,0.609625,0.416085
2436,0,0.554902,0.483667,0.459983,0.486633,0.426111,0.565522,0.440866,0.567523,0.385623
2438,0,0.180898,0.567130,0.463315,0.433132,0.477039,0.479450,0.449621,0.508524,0.239303
2439,0,0.621340,0.519236,0.497273,0.468350,0.316566,0.687544,0.593836,0.607337,0.529882
2440,0,0.002784,0.583066,0.542181,0.563154,0.378284,0.288015,0.067546,0.162322,0.137123
2441,1,0.545215,0.608701,0.550540,0.599579,0.476960,0.695224,0.568003,0.635471,0.632788
2442,0,0.476673,0.551874,0.518640,0.541911,0.378666,0.604191,0.533335,0.591142,0.574270
2443,0,0.002963,0.465104,0.390703,0.313240,0.307218,0.243621,0.039212,0.105802,0.122238
2444,1,0.230726,0.639050,0.582102,0.593778,0.441044,0.606296,0.603739,0.588291,0.422119
2446,1,0.431632,0.614361,0.522651,0.526940,0.401266,0.731341,0.589572,0.604715,0.624088
2447,0,0.017376,0.472631,0.467656,0.333624,0.311139,0.217225,0.168409,0.302977,0.131345
2448,1,0.372140,0.649234,0.544527,0.605974,0.456237,0.681223,0.598517,0.637559,0.464291
2449,1,0.572207,0.575968,0.535067,0.559418,0.373536,0.638000,0.495048,0.585028,0.519781
2451,1,0.007860,0.584974,0.569134,0.571654,0.380584,0.312356,0.112461,0.200594,0.195353
2452,1,0.287144,0.651051,0.572804,0.615834,0.458932,0.652141,0.553749,0.600873,0.403439
2453,1,0.020401,0.370401,0.341560,0.413827,0.266413,0.171793,0.116617,0.273709,0.163715
2454,0,0.453733,0.587245,0.488964,0.513625,0.372677,0.753057,0.575452,0.597084,0.688609
2455,1,0.681710,0.527721,0.491801,0.473928,0.447522,0.670584,0.511665,0.581793,0.390742
2456,1,0.401477,0.601249,0.488855,0.496712,0.427072,0.664431,0.493854,0.589780,0.342073
2457,1,0.487167,0.522294,0.515661,0.548032,0.440578,0.601842,0.570297,0.659351,0.515790
2458,1,0.533321,0.625127,0.544525,0.588820,0.450100,0.670513,0.597633,0.633256,0.506572
2460,0,0.523821,0.581185,0.593173,0.593525,0.418122,0.695072,0.598656,0.623392,0.716321
2461,0,0.252245,0.555473,0.493001,0.544695,0.533654,0.550047,0.506193,0.587954,0.317590
2462,1,0.104559,0.620380,0.557818,0.524242,0.457375,0.448142,0.405559,0.471265,0.228797
2464,1,0.569050,0.551248,0.478137,0.508061,0.367348,0.664649,0.490255,0.586851,0.360599
2465,0,0.413024,0.549177,0.511929,0.479934,0.304980,0.563377,0.508324,0.572089,0.314045
2466,1,0.054625,0.534959,0.371344,0.290294,0.402066,0.375865,0.219623,0.327018,0.177284
2467,1,0.339451,0.629896,0.520877,0.567607,0.505641,0.655957,0.534835,0.591367,0.399617
2468,0,0.001402,0.401444,0.450780,0.451011,0.375901,0.223183,0.040849,0.137308,0.167829
2470,1,0.378619,0.542734,0.502741,0.556323,0.297331,0.602672,0.507280,0.566630,0.455188
2471,0,0.469266,0.576947,0.518301,0.538987,0.405483,0.676957,0.615093,0.577523,0.506912
2472,0,0.476122,0.633205,0.533994,0.542363,0.422556,0.626643,0.589053,0.571246,0.416046
2473,0,0.495371,0.602357,0.548953,0.558103,0.500533,0.706365,0.614512,0.630735,0.594925
2474,1,0.290670,0.597691,0.543857,0.565073,0.472188,0.646331,0.551020,0.615701,0.449671
2475,0,0.007450,0.475343,0.485854,0.462812,0.380026,0.239884,0.123872,0.185248,0.193699
2477,0,0.494986,0.464617,0.477132,0.446176,0.336532,0.512586,0.500244,0.576376,0.299399
2478,0,0.015013,0.589092,0.512643,0.494075,0.381973,0.327929,0.190852,0.350521,0.138808
2480,0,0.476918,0.511577,0.540595,0.553784,0.343529,0.564304,0.539763,0.567242,0.376265
2481,0,0.341026,0.577191,0.547117,0.602492,0.434014,0.599234,0.528834,0.652039,0.261091
2482,1,0.475326,0.433168,0.445310,0.450070,0.332674,0.598776,0.550963,0.571598,0.570020
2483,0,0.022116,0.600080,0.512548,0.544928,0.340854,0.399151,0.251296,0.390984,0.213727
2484,0,0.001998,0.549518,0.556053,0.622496,0.372347,0.265085,0.193528,0.138528,0.101012
2485,0,0.464165,0.540047,0.521161,0.588153,0.410095,0.630038,0.549295,0.694173,0.386528
2487,1,0.560782,0.656260,0.567484,0.543139,0.448477,0.774333,0.638845,0.665348,0.704089
2489,1,0.567589,0.585251,0.528209,0.586073,0.450397,0.741611,0.566254,0.680132,0.545645
2490,0,0.349079,0.422544,0.372473,0.427222,0.315193,0.554191,0.379072,0.550424,0.163785
2491,1,0.416302,0.533219,0.466914,0.539013,0.247873,0.595593,0.536102,0.627824,0.356894
2492,0,0.465063,0.580214,0.476479,0.543783,0.318861,0.649587,0.593742,0.667872,0.633501
2493,0,0.346347,0.564884,0.587750,0.588359,0.539431,0.582962,0.596251,0.625651,0.487802
2495,0,0.011847,0.577843,0.539601,0.601407,0.494860,0.307313,0.274629,0.314436,0.139393
2496,0,0.582399,0.620657,0.485133,0.492673,0.395798,0.750066,0.517990,0.604192,0.466890
2497,0,0.570314,0.607047,0.524692,0.566579,0.283471,0.757712,0.611691,0.707859,0.693667
2498,0,0.254353,0.425364,0.464677,0.483959,0.213975,0.485814,0.518857,0.581194,0.339781
2499,1,0.439756,0.469274,0.421510,0.448327,0.277256,0.589672,0.466391,0.592379,0.488121
2500,0,0.440574,0.571204,0.531844,0.493151,0.338896,0.525984,0.484600,0.546438,0.330070
2501,1,0.627136,0.465724,0.486773,0.460201,0.308681,0.558117,0.419671,0.515503,0.316817
2502,0,0.458111,0.580869,0.541272,0.496795,0.383798,0.603030,0.515123,0.562227,0.523116
2503,0,0.445264,0.496595,0.506362,0.535132,0.314993,0.526298,0.525731,0.559374,0.484476
2504,1,0.630091,0.522978,0.508908,0.526220,0.488338,0.583912,0.455016,0.533107,0.451488
2505,1,0.506556,0.591223,0.555473,0.612301,0.395720,0.623122,0.572246,0.581369,0.325046
2506,1,0.664554,0.452805,0.500600,0.475256,0.305803,0.536753,0.469765,0.540192,0.385703
2508,1,0.709311,0.614398,0.546670,0.524153,0.408089,0.638889,0.493506,0.553991,0.468604
2509,1,0.722725,0.507119,0.492847,0.510724,0.269220,0.546698,0.412708,0.535319,0.353351
2512,1,0.420748,0.517495,0.485803,0.557001,0.338810,0.505110,0.437618,0.534098,0.428954
2513,0,0.572955,0.570781,0.553910,0.557737,0.414512,0.631342,0.566145,0.625690,0.393590
2514,0,0.674545,0.540433,0.515972,0.508495,0.349996,0.583488,0.510840,0.513609,0.365120
2515,0,0.485959,0.654106,0.569762,0.507753,0.545111,0.683584,0.608941,0.636484,0.482086
2516,1,0.459838,0.565375,0.549623,0.512964,0.291405,0.547410,0.502241,0.556073,0.428797
2518,1,0.682880,0.612642,0.543977,0.557428,0.506584,0.612624,0.486558,0.530227,0.474682
2519,0,0.609170,0.496238,0.533148,0.496054,0.249610,0.564528,0.450120,0.490387,0.277648
2520,1,0.597126,0.527700,0.517093,0.477458,0.410970,0.608935,0.554118,0.626804,0.399694
2521,1,0.719871,0.571883,0.526625,0.545870,0.386151,0.671296,0.494833,0.601871,0.451869
2522,1,0.548305,0.630127,0.544863,0.567647,0.306848,0.655773,0.531651,0.590155,0.474233
2523,1,0.453001,0.570227,0.535503,0.530066,0.386019,0.603617,0.492864,0.562891,0.376766
2526,1,0.261994,0.556888,0.549166,0.511631,0.366403,0.498539,0.502111,0.565623,0.357697
2528,1,0.630213,0.476480,0.481624,0.529166,0.303617,0.521590,0.460180,0.577705,0.365393
2529,1,0.427721,0.530088,0.522274,0.544904,0.414502,0.541383,0.521889,0.573483,0.448220
2530,0,0.648396,0.541011,0.513678,0.475589,0.380818,0.620338,0.548268,0.540266,0.367142
2531,1,0.626455,0.584643,0.554039,0.584731,0.513858,0.585470,0.587050,0.634068,0.352513
2532,0,0.620064,0.572296,0.562997,0.539363,0.459708,0.651692,0.604154,0.621927,0.462337
2534,1,0.691823,0.621217,0.506784,0.526167,0.481876,0.617350,0.455745,0.562621,0.422314
2535,1,0.603224,0.503664,0.520760,0.504421,0.319109,0.596293,0.463467,0.572793,0.335316
2538,0,0.448661,0.577185,0.535084,0.567812,0.378633,0.625449,0.556713,0.569958,0.402245
2540,1,0.608181,0.568872,0.536826,0.551361,0.434496,0.624182,0.519390,0.629681,0.625498
2541,0,0.506066,0.546329,0.535562,0.555051,0.485035,0.582377,0.540492,0.598574,0.425361
2542,1,0.497386,0.546020,0.541859,0.506139,0.435402,0.587024,0.533524,0.561668,0.456574
2543,1,0.538085,0.530728,0.514589,0.555750,0.430114,0.594836,0.517293,0.556464,0.267500
2544,1,0.658841,0.523488,0.512701,0.517296,0.423454,0.577843,0.573924,0.614099,0.446079
2545,0,0.689687,0.563092,0.563922,0.553866,0.447089,0.634280,0.611319,0.648384,0.451083
2546,0,0.609170,0.519606,0.523616,0.540645,0.345652,0.558004,0.417312,0.543025,0.362520
2547,1,0.655545,0.476697,0.494985,0.500409,0.296834,0.567175,0.479698,0.584902,0.422030
2548,0,0.446924,0.552568,0.506192,0.517638,0.316089,0.565493,0.442310,0.438358,0.346862
2549,1,0.490284,0.485678,0.496171,0.511690,0.346111,0.555068,0.528102,0.603178,0.526592
2551,1,0.659685,0.557998,0.508917,0.481077,0.406463,0.619474,0.517470,0.610827,0.451876
2552,0,0.420665,0.568840,0.533723,0.537762,0.303229,0.609941,0.507799,0.556419,0.439390
2553,0,0.666817,0.549572,0.515512,0.562658,0.328159,0.633035,0.519574,0.580057,0.362337
2554,0,0.594558,0.594774,0.540336,0.564917,0.428995,0.620563,0.501289,0.579089,0.362135
2555,0,0.556955,0.548269,0.494318,0.459216,0.396784,0.556140,0.406491,0.560265,0.279167
2558,0,0.734395,0.546143,0.518619,0.550763,0.354804,0.580626,0.501994,0.571787,0.370783
2559,0,0.527447,0.522823,0.518013,0.496979,0.288911,0.562078,0.473415,0.531511,0.345955
2560,0,0.676956,0.556330,0.534687,0.474019,0.363026,0.638125,0.580475,0.605714,0.342298
2561,0,0.527447,0.621622,0.563285,0.536582,0.457002,0.666673,0.619910,0.566231,0.583512
2562,0,0.631089,0.527258,0.505856,0.528142,0.291121,0.596164,0.500293,0.559440,0.605773
2563,0,0.517199,0.557951,0.520721,0.496724,0.452333,0.611011,0.540598,0.556234,0.400624
2564,1,0.507905,0.557875,0.525098,0.520585,0.377131,0.543083,0.557472,0.600810,0.353039
2565,0,0.713387,0.501174,0.480939,0.415421,0.362652,0.603581,0.476362,0.570468,0.251490
2566,0,0.435319,0.510249,0.445758,0.453090,0.353274,0.467531,0.423008,0.493545,0.308900
2567,1,0.467275,0.571087,0.519179,0.526988,0.371448,0.602850,0.489470,0.547835,0.390407
2568,0,0.692418,0.483579,0.496925,0.474506,0.302680,0.533304,0.495481,0.504681,0.307608
2569,0,0.577239,0.534620,0.503591,0.514052,0.293271,0.605953,0.447155,0.563342,0.464514
2570,0,0.632830,0.533152,0.515908,0.526425,0.323053,0.621481,0.476923,0.590825,0.454306
2572,0,0.683958,0.516883,0.503034,0.492982,0.415491,0.601013,0.441202,0.528221,0.437323
2575,1,0.674545,0.510131,0.491207,0.425494,0.419671,0.605205,0.481035,0.563789,0.410395
2576,1,0.583949,0.458695,0.496645,0.489246,0.278633,0.501824,0.470698,0.524347,0.241329
2577,0,0.463056,0.542206,0.546163,0.522871,0.482488,0.578729,0.531781,0.561239,0.492307
2578,1,0.683958,0.555679,0.547615,0.564875,0.420666,0.599527,0.519064,0.592313,0.353754
2579,1,0.477049,0.641556,0.540591,0.555857,0.398909,0.627589,0.487686,0.548954,0.348375
2580,0,0.369120,0.567793,0.525194,0.467948,0.333718,0.517332,0.485132,0.514859,0.322490
2581,1,0.696993,0.476618,0.504773,0.471884,0.375608,0.562591,0.513046,0.590772,0.318118
2582,0,0.653994,0.508272,0.495056,0.516509,0.334516,0.543704,0.435284,0.568309,0.297954
2583,1,0.687164,0.557655,0.527135,0.535160,0.429839,0.623747,0.505189,0.569469,0.370810
2584,0,0.646528,0.523767,0.507561,0.460379,0.360160,0.559176,0.438958,0.550834,0.349986
2586,0,0.637394,0.500610,0.526506,0.531096,0.415821,0.590004,0.511385,0.537412,0.372951
2587,1,0.521519,0.604459,0.536324,0.554924,0.461359,0.598580,0.534549,0.554762,0.433041
2588,0,0.629524,0.508211,0.501474,0.492235,0.377870,0.565566,0.503040,0.571838,0.289765
2589,0,0.436326,0.563916,0.510960,0.463472,0.315463,0.545904,0.379293,0.498938,0.287000
2590,0,0.409228,0.559574,0.499191,0.539522,0.344931,0.543474,0.478306,0.521558,0.300522
2591,1,0.536174,0.645170,0.526187,0.489082,0.507894,0.717995,0.552717,0.577227,0.456252
2592,0,0.582494,0.494356,0.516652,0.528451,0.357225,0.566182,0.531850,0.546852,0.346809
2593,0,0.625080,0.506922,0.538286,0.576830,0.308023,0.579888,0.564270,0.623716,0.467346
2594,0,0.566933,0.472563,0.502571,0.582253,0.353634,0.527597,0.487206,0.557126,0.415508
2595,1,0.659594,0.468931,0.516875,0.525581,0.320647,0.526568,0.527868,0.579830,0.465125
2597,0,0.554868,0.639614,0.527683,0.460628,0.380578,0.612434,0.423244,0.542683,0.363429
2598,1,0.636142,0.565671,0.507265,0.480013,0.424841,0.548815,0.472633,0.547051,0.388896
2599,1,0.376211,0.532445,0.520125,0.536562,0.357886,0.531243,0.456833,0.565724,0.293819
2602,1,0.270474,0.532869,0.533330,0.517116,0.311549,0.483612,0.442761,0.488669,0.443673
2604,1,0.346337,0.345694,0.493241,0.480063,0.181683,0.474402,0.482904,0.612916,0.330968
2605,1,0.257340,0.524612,0.506213,0.516556,0.318101,0.536673,0.515595,0.601374,0.373565
2607,0,0.112182,0.590977,0.651552,0.709464,0.453796,0.421547,0.492613,0.565787,0.244887
2608,1,0.423473,0.467265,0.455594,0.354182,0.249382,0.598483,0.504091,0.562479,0.505717
2609,1,0.569403,0.630007,0.523003,0.516750,0.478330,0.748643,0.615767,0.629389,0.690677
2611,1,0.651788,0.418653,0.478008,0.446001,0.252569,0.520066,0.573561,0.623955,0.511516
2613,1,0.137877,0.650258,0.602575,0.587070,0.517076,0.522807,0.452552,0.471468,0.317061
2615,0,0.299445,0.479748,0.561185,0.548850,0.404418,0.448878,0.453970,0.437802,0.319110
2619,1,0.509404,0.554242,0.520040,0.523401,0.378125,0.697547,0.667893,0.620528,0.595234
2620,1,0.110343,0.551544,0.473707,0.542289,0.342713,0.423137,0.404999,0.504566,0.192273
2621,0,0.322333,0.517718,0.495067,0.467420,0.328568,0.562278,0.497315,0.502289,0.453061
2622,1,0.347852,0.570035,0.507160,0.535516,0.406291,0.513510,0.513647,0.547791,0.483851
2623,0,0.002996,0.612532,0.546984,0.575924,0.403911,0.349311,0.067895,0.100674,0.223602
2624,1,0.260347,0.702246,0.574812,0.584543,0.523061,0.733860,0.563954,0.615179,0.552703
2625,0,0.219749,0.543501,0.488033,0.570977,0.321545,0.581747,0.451681,0.589983,0.258868
2626,1,0.661261,0.560425,0.578686,0.619723,0.335525,0.732402,0.639229,0.737603,0.796347
2627,0,0.357064,0.484678,0.506061,0.463036,0.367199,0.572944,0.531400,0.548074,0.435905
2628,1,0.476683,0.633531,0.508074,0.569384,0.336884,0.719287,0.605019,0.672106,0.729863
2629,0,0.486145,0.560713,0.537633,0.559953,0.507126,0.610231,0.554220,0.600058,0.548217
2631,1,0.585639,0.523186,0.528929,0.540280,0.392705,0.629639,0.586631,0.624566,0.618289
2632,1,0.079477,0.492131,0.592388,0.604702,0.407674,0.303043,0.406953,0.446306,0.251586
2633,1,0.556496,0.578763,0.544261,0.549983,0.360643,0.683353,0.587641,0.615660,0.569597
2634,1,0.582663,0.628446,0.618382,0.632759,0.444233,0.739439,0.690177,0.700313,0.705312
2635,1,0.338005,0.607064,0.624035,0.638543,0.460075,0.645060,0.570043,0.617767,0.396577
2637,1,0.041546,0.530807,0.456397,0.469105,0.387912,0.401577,0.210459,0.337763,0.098094
2639,0,0.327181,0.545597,0.596666,0.578862,0.398810,0.560389,0.641135,0.558287,0.476733
2644,0,0.000728,0.501207,0.426445,0.506403,0.506620,0.272230,0.096045,0.162151,0.131153
2646,0,0.040178,0.536122,0.468121,0.444030,0.391430,0.428953,0.156591,0.336676,0.108467
2647,0,0.187506,0.540064,0.526877,0.560312,0.405196,0.474540,0.513667,0.545267,0.412093
2648,1,0.325917,0.510365,0.540645,0.610761,0.370478,0.533159,0.443359,0.510040,0.395014
2649,0,0.083947,0.552963,0.495218,0.488432,0.337799,0.473080,0.335076,0.458705,0.205867
2650,0,0.078255,0.547768,0.559881,0.617326,0.382592,0.379187,0.403143,0.399208,0.204832
2651,1,0.556922,0.468689,0.446668,0.416118,0.270695,0.584651,0.428721,0.578971,0.574306
2652,0,0.358897,0.577671,0.564676,0.563833,0.519842,0.654861,0.599513,0.640148,0.512676
2653,1,0.092031,0.618466,0.590329,0.596529,0.406782,0.479006,0.433727,0.522422,0.314362
2654,1,0.460260,0.620048,0.553476,0.554383,0.389670,0.677058,0.653135,0.636835,0.630034
2655,1,0.290458,0.525655,0.485500,0.478256,0.375757,0.608726,0.511086,0.579716,0.385871
2658,0,0.417263,0.536574,0.591645,0.618259,0.448601,0.518938,0.483360,0.462402,0.460642
2659,1,0.094702,0.558407,0.559874,0.605112,0.425239,0.459606,0.400744,0.536351,0.251375
2660,1,0.401477,0.413959,0.504323,0.506187,0.316125,0.525616,0.491927,0.598188,0.379831
2661,1,0.120029,0.512114,0.496031,0.578138,0.405631,0.426130,0.382874,0.516584,0.350733
2662,1,0.630213,0.522973,0.514651,0.525024,0.405111,0.664698,0.531436,0.626353,0.469956
2664,1,0.593494,0.488022,0.518574,0.570924,0.319181,0.653682,0.468861,0.651269,0.625510
2665,0,0.006055,0.431606,0.435202,0.399336,0.201604,0.261889,0.080529,0.108419,0.155082
2666,0,0.138207,0.597402,0.454189,0.452639,0.428389,0.591545,0.468194,0.479931,0.426319
2667,1,0.311143,0.458306,0.420378,0.439811,0.231494,0.524500,0.399316,0.582125,0.348077
2668,0,0.230719,0.613677,0.528706,0.486475,0.356549,0.454057,0.457745,0.519587,0.202212
2669,0,0.081804,0.581295,0.605218,0.520919,0.503626,0.396362,0.383288,0.522377,0.212353
2670,0,0.140015,0.585180,0.531341,0.589860,0.300548,0.529265,0.433235,0.566840,0.426422
2671,0,0.396569,0.621939,0.592667,0.577392,0.388515,0.718254,0.543706,0.624157,0.637867
2672,0,0.266965,0.376724,0.514954,0.509115,0.260620,0.441470,0.437859,0.437642,0.236482
2673,1,0.374489,0.483585,0.583510,0.609179,0.286594,0.586189,0.620574,0.628312,0.455036
2675,0,0.003435,0.474364,0.410871,0.455588,0.357450,0.290078,0.055197,0.142854,0.127317
2676,0,0.179867,0.536668,0.506439,0.545513,0.447829,0.459923,0.476239,0.544845,0.364411
2677,0,0.429002,0.439870,0.517809,0.525556,0.374802,0.557765,0.524839,0.607094,0.415341
2678,1,0.254198,0.656767,0.570746,0.598653,0.386021,0.643541,0.519772,0.635752,0.587912
2679,0,0.503295,0.610688,0.559889,0.503434,0.547291,0.708760,0.564543,0.629753,0.558966
2681,1,0.503481,0.614726,0.561969,0.589931,0.426546,0.717003,0.602024,0.641326,0.621951
2682,1,0.568966,0.658931,0.577877,0.565031,0.459294,0.801248,0.616733,0.662740,0.688424
2683,1,0.276429,0.535797,0.502762,0.558889,0.476925,0.587352,0.552403,0.603167,0.512898
2684,1,0.669344,0.596610,0.520941,0.545901,0.419609,0.657956,0.492119,0.643205,0.382766
2685,0,0.665342,0.659161,0.582091,0.602522,0.492575,0.780281,0.627269,0.673760,0.703567
2686,0,0.158514,0.556620,0.449647,0.501590,0.449971,0.488880,0.428996,0.524645,0.384370
2688,0,0.157993,0.494742,0.490290,0.526809,0.440674,0.370355,0.417071,0.506707,0.324519
2689,0,0.410390,0.578918,0.514872,0.548753,0.439387,0.692559,0.533556,0.614669,0.502861
2690,0,0.005803,0.557056,0.521288,0.559744,0.344974,0.310399,0.071915,0.160604,0.132834
2691,0,0.539576,0.656445,0.596715,0.609293,0.333124,0.636504,0.593479,0.680571,0.347127
2692,1,0.374314,0.580538,0.484896,0.477471,0.283258,0.674534,0.511335,0.589048,0.633511
2693,0,0.298894,0.498729,0.537733,0.476963,0.380853,0.495632,0.526439,0.548572,0.335928
2694,1,0.428985,0.547755,0.565839,0.572459,0.424932,0.642216,0.562022,0.596409,0.626688
2695,0,0.214951,0.476658,0.471204,0.485596,0.297707,0.477291,0.516273,0.535490,0.296312
2696,0,0.165883,0.600534,0.547096,0.569497,0.426250,0.467197,0.487762,0.543741,0.285084
2697,1,0.077328,0.411686,0.487809,0.479329,0.362538,0.267046,0.347405,0.421125,0.204427
2698,1,0.660764,0.589957,0.541285,0.541262,0.339273,0.579199,0.480532,0.521189,0.428511
2699,1,0.292208,0.532640,0.485439,0.479344,0.293944,0.542726,0.490913,0.562204,0.369623
2700,0,0.414021,0.469135,0.494794,0.491455,0.393213,0.569493,0.472423,0.554149,0.284660
2701,0,0.597971,0.604160,0.497258,0.513622,0.417256,0.677674,0.464842,0.581939,0.384273
2702,0,0.526684,0.614228,0.537683,0.543029,0.359921,0.659443,0.522300,0.593952,0.236146
2705,0,0.415228,0.609412,0.549535,0.574508,0.515855,0.650467,0.554813,0.584298,0.384213
2706,1,0.548998,0.611396,0.508881,0.537907,0.511327,0.624741,0.484316,0.584908,0.385498
2707,0,0.376211,0.525155,0.527138,0.542046,0.308093,0.479788,0.442255,0.541634,0.327675
2708,1,0.669877,0.580411,0.512909,0.459344,0.368182,0.584670,0.493368,0.570428,0.350968
2709,0,0.541188,0.492379,0.494015,0.495679,0.388418,0.518427,0.424910,0.511384,0.304342
2710,0,0.491427,0.467512,0.433996,0.437672,0.161359,0.404658,0.307460,0.433949,0.347496
2711,0,0.137295,0.632477,0.562110,0.586927,0.370122,0.530909,0.536749,0.566223,0.315151
2712,0,0.535815,0.430487,0.479192,0.444435,0.305152,0.467447,0.405445,0.532768,0.262568
2713,1,0.710337,0.501438,0.492949,0.495095,0.281346,0.477847,0.398914,0.473391,0.356910
2714,0,0.611655,0.521617,0.453347,0.469794,0.236927,0.497679,0.308941,0.535673,0.236937
2715,0,0.065424,0.514176,0.521879,0.506032,0.411202,0.387345,0.315887,0.429622,0.189216
2716,0,0.632208,0.597685,0.514050,0.503808,0.350157,0.582169,0.473837,0.555146,0.324956
2717,0,0.565224,0.610860,0.527825,0.502505,0.438732,0.695376,0.527639,0.625061,0.469745
2718,0,0.274916,0.560367,0.531099,0.535912,0.373573,0.506345,0.492693,0.557218,0.427154
2719,1,0.692976,0.547292,0.545807,0.545539,0.386002,0.661406,0.560317,0.650397,0.429512
2720,0,0.600514,0.642968,0.547159,0.583624,0.483889,0.749609,0.612515,0.626670,0.649961
2721,0,0.518406,0.638894,0.537932,0.586540,0.487005,0.656804,0.540231,0.615883,0.635249
2722,1,0.241675,0.546036,0.519759,0.507731,0.357087,0.483766,0.488449,0.529718,0.334705
2723,1,0.599931,0.443498,0.503117,0.520097,0.256460,0.526084,0.495812,0.499877,0.338921
2724,0,0.534108,0.549036,0.496954,0.504301,0.300873,0.533670,0.419144,0.528015,0.269601
2725,0,0.108196,0.533475,0.501599,0.516076,0.381347,0.467549,0.445845,0.555139,0.209002
2726,0,0.304419,0.597818,0.507162,0.454583,0.347414,0.650656,0.495022,0.592253,0.615139
2729,0,0.272762,0.554037,0.486485,0.437673,0.380704,0.573013,0.473996,0.590566,0.449622
2730,1,0.209090,0.631324,0.535257,0.570449,0.401794,0.602595,0.435861,0.505616,0.256449
2731,1,0.536689,0.551047,0.519496,0.497512,0.340848,0.618381,0.530432,0.530825,0.448677
2732,0,0.356422,0.601245,0.515006,0.467459,0.399570,0.533734,0.434507,0.507260,0.353041
2734,1,0.252137,0.620220,0.570058,0.644271,0.392841,0.453571,0.529720,0.554704,0.369502
2735,1,0.579108,0.626926,0.512549,0.542922,0.492950,0.740039,0.549822,0.599588,0.577509
2736,0,0.707411,0.520606,0.525150,0.524647,0.367293,0.575022,0.515544,0.541172,0.392021
2737,0,0.542243,0.550396,0.532562,0.483519,0.337215,0.580100,0.465967,0.536142,0.509559
2738,0,0.603334,0.560010,0.531439,0.514443,0.283106,0.599513,0.500817,0.579185,0.474811
2743,0,0.132528,0.611416,0.590308,0.627994,0.425480,0.465468,0.492196,0.544889,0.177019
2744,1,0.525466,0.627148,0.549166,0.618354,0.389288,0.732962,0.639741,0.634778,0.490734
2745,0,0.499051,0.560894,0.526149,0.549459,0.436563,0.600521,0.578952,0.599956,0.393000
2746,1,0.489485,0.544904,0.528449,0.525202,0.445068,0.602390,0.577425,0.587135,0.546564
2747,1,0.207754,0.488082,0.503303,0.541793,0.423160,0.422407,0.452273,0.517453,0.385355
2748,1,0.061898,0.496487,0.426292,0.500760,0.277540,0.303092,0.224806,0.291934,0.077240
2749,0,0.581963,0.640004,0.542845,0.630628,0.441145,0.744514,0.587285,0.612095,0.388713
2750,0,0.526596,0.566543,0.514081,0.527290,0.393212,0.573678,0.439832,0.490701,0.296424
2751,0,0.290385,0.554132,0.538912,0.542194,0.469696,0.513220,0.518976,0.575037,0.391210
2752,0,0.481103,0.500304,0.475016,0.490202,0.366009,0.524398,0.451511,0.514149,0.279912
2753,0,0.066832,0.581001,0.518567,0.538070,0.379138,0.310576,0.302230,0.389256,0.234635
2754,1,0.626194,0.552819,0.505447,0.565041,0.323571,0.563644,0.481133,0.597827,0.256868
2755,1,0.555966,0.602504,0.548852,0.499536,0.446415,0.677239,0.553843,0.551098,0.461662
2756,0,0.665176,0.613976,0.546049,0.555262,0.519118,0.670930,0.579192,0.625817,0.534819
2758,0,0.451740,0.610131,0.539830,0.550238,0.480213,0.671024,0.563417,0.597776,0.383354
2759,0,0.601541,0.536849,0.521096,0.462733,0.324645,0.495750,0.437636,0.432534,0.291236
2760,0,0.088581,0.472703,0.465372,0.508073,0.301846,0.311186,0.323192,0.439900,0.146087
2761,0,0.687076,0.578278,0.481801,0.489767,0.314286,0.581647,0.413086,0.485729,0.201123
2764,1,0.644594,0.583821,0.514888,0.588047,0.355100,0.647679,0.499226,0.549755,0.267598
2765,0,0.396717,0.502766,0.457583,0.482636,0.286595,0.490851,0.389633,0.477882,0.213603
2766,1,0.352633,0.600387,0.528058,0.609754,0.471956,0.615432,0.511745,0.595524,0.297315
2767,1,0.392002,0.613565,0.548591,0.555609,0.445377,0.573098,0.465913,0.526195,0.471158
2768,0,0.538716,0.498477,0.505348,0.508405,0.277193,0.558789,0.435651,0.531850,0.457088
2770,0,0.565697,0.578372,0.530391,0.502530,0.505550,0.687816,0.614595,0.595887,0.577996
2771,0,0.635285,0.561625,0.461959,0.387467,0.374413,0.588219,0.486286,0.553337,0.285833
2772,1,0.339358,0.612596,0.504427,0.497752,0.306599,0.504773,0.402161,0.526874,0.388140
2773,1,0.516012,0.507076,0.506492,0.507498,0.330189,0.625066,0.502634,0.563397,0.441769
2774,0,0.477981,0.523644,0.498099,0.483409,0.342551,0.594099,0.522675,0.556825,0.478031
2775,1,0.635357,0.544402,0.519871,0.487210,0.413433,0.619993,0.513338,0.601262,0.407031
2776,0,0.408311,0.645714,0.542804,0.557079,0.418142,0.575473,0.515532,0.579561,0.212598
2777,0,0.200401,0.675834,0.556682,0.597417,0.513627,0.620342,0.488451,0.609690,0.417881
2780,0,0.718912,0.546667,0.516672,0.496698,0.375059,0.579069,0.447938,0.514135,0.232785
2781,0,0.408161,0.651452,0.544139,0.522655,0.384450,0.700732,0.524677,0.558399,0.448238
2783,1,0.366558,0.522960,0.507990,0.468225,0.264494,0.591886,0.537603,0.548109,0.348071
2784,0,0.462522,0.633748,0.546793,0.547975,0.444429,0.584016,0.542266,0.564878,0.420751
2785,1,0.568052,0.508597,0.452193,0.450771,0.294216,0.555548,0.508511,0.569152,0.284012
2787,0,0.159628,0.616417,0.505914,0.500685,0.463691,0.511924,0.447158,0.482514,0.306472
2788,1,0.395786,0.468556,0.510257,0.515319,0.305733,0.438892,0.501378,0.543504,0.294986
2789,0,0.238298,0.522179,0.530416,0.490392,0.475001,0.482464,0.548449,0.553209,0.352545
2790,1,0.558510,0.492814,0.488787,0.390214,0.377273,0.555872,0.511707,0.554841,0.328410
2791,0,0.645720,0.485882,0.450284,0.431338,0.377768,0.530589,0.426805,0.508207,0.566257
2792,0,0.067304,0.535666,0.506089,0.500810,0.366805,0.294706,0.269785,0.398552,0.308013
2793,1,0.587542,0.555138,0.528932,0.543569,0.434402,0.628209,0.545286,0.598072,0.402475
2794,0,0.461416,0.619773,0.478072,0.480291,0.378523,0.647031,0.480248,0.561103,0.302019
2795,0,0.600514,0.462437,0.471217,0.495513,0.259827,0.433826,0.303640,0.400096,0.255235
2796,1,0.489816,0.596082,0.514546,0.520645,0.512427,0.658816,0.511043,0.580022,0.307674
2797,1,0.585622,0.605990,0.534385,0.518300,0.356739,0.653365,0.571415,0.611902,0.466169
2799,0,0.553763,0.621148,0.554339,0.523142,0.457090,0.676574,0.513519,0.641156,0.583027
2801,0,0.065720,0.473513,0.492339,0.510816,0.356614,0.344553,0.253317,0.395833,0.293238
2802,1,0.526009,0.642681,0.556554,0.546027,0.410328,0.726316,0.609080,0.593731,0.638051
2803,0,0.100227,0.502081,0.458063,0.395894,0.304127,0.407053,0.370963,0.474116,0.239174
2805,1,0.451343,0.554915,0.505891,0.514150,0.443942,0.727517,0.594356,0.582645,0.558725
2806,0,0.395000,0.586196,0.479308,0.490336,0.309230,0.694136,0.520786,0.552578,0.438259
2807,0,0.385233,0.404592,0.470388,0.425211,0.222968,0.598417,0.528782,0.589761,0.340307
2810,0,0.306052,0.593742,0.521603,0.513315,0.422944,0.650394,0.520378,0.573981,0.408926
2811,1,0.042223,0.485233,0.442376,0.492229,0.311637,0.399346,0.231383,0.401842,0.250195
2812,0,0.461386,0.640582,0.558154,0.598375,0.458147,0.707882,0.585892,0.586082,0.608532
2813,0,0.109159,0.500392,0.469654,0.489885,0.333260,0.443528,0.392087,0.449150,0.382472
2815,0,0.003257,0.455959,0.469088,0.490934,0.334970,0.245879,0.061180,0.111003,0.102209
2816,0,0.383746,0.612679,0.558818,0.577181,0.423188,0.708915,0.665692,0.630731,0.664373
2817,0,0.298548,0.581805,0.468685,0.570320,0.237573,0.641129,0.457826,0.567206,0.529138
2819,0,0.464149,0.580586,0.524183,0.527982,0.298871,0.717563,0.536516,0.606288,0.513252
2820,0,0.004988,0.498697,0.462184,0.529731,0.263207,0.274019,0.041549,0.103731,0.082321
2821,0,0.003664,0.510627,0.473711,0.509267,0.295077,0.246270,0.039453,0.108968,0.081360
2822,0,0.005143,0.508649,0.486573,0.477155,0.243053,0.265180,0.094381,0.152725,0.156091
2823,0,0.000225,0.571416,0.515094,0.560715,0.296571,0.322508,0.129347,0.165077,0.219450
2825,1,0.038154,0.434517,0.455071,0.485285,0.283504,0.323408,0.231842,0.367889,0.377142
2826,1,0.222044,0.462044,0.473805,0.533833,0.302679,0.406931,0.354058,0.526219,0.304670
2827,0,0.239483,0.607180,0.487947,0.476326,0.267712,0.595352,0.493521,0.563732,0.364750
2828,1,0.527524,0.549236,0.508051,0.502690,0.384117,0.644911,0.702657,0.606631,0.564919
2829,0,0.034901,0.471340,0.452896,0.442948,0.281990,0.346041,0.228593,0.367193,0.102403
2830,1,0.486842,0.423283,0.451174,0.469048,0.271545,0.514574,0.489172,0.615509,0.479864
2831,1,0.527524,0.541226,0.522112,0.526173,0.484505,0.646734,0.702023,0.604019,0.563525
2832,1,0.135201,0.584721,0.522778,0.562072,0.512264,0.483790,0.409326,0.512305,0.376274
2834,1,0.611879,0.571023,0.541742,0.542581,0.375907,0.669661,0.600056,0.656112,0.487281
2835,0,0.223192,0.459857,0.413742,0.405420,0.266397,0.493899,0.383445,0.465770,0.268422
2838,0,0.021368,0.436705,0.404566,0.467057,0.287104,0.313923,0.208300,0.313622,0.165354
2840,0,0.038131,0.511114,0.518779,0.533527,0.338795,0.340518,0.244170,0.354130,0.427602
2841,0,0.331906,0.443672,0.446578,0.408957,0.311337,0.597040,0.494025,0.583412,0.345500
2842,0,0.076099,0.560927,0.496482,0.532122,0.341916,0.448696,0.293906,0.373686,0.190770
2844,0,0.189515,0.590139,0.509749,0.524969,0.323244,0.571028,0.470701,0.584450,0.274280
2845,0,0.382078,0.524293,0.515613,0.547840,0.322681,0.615349,0.586000,0.558335,0.504513
2847,0,0.306378,0.425715,0.450009,0.488014,0.297462,0.499237,0.504646,0.566386,0.345894
2848,0,0.049119,0.423596,0.472520,0.489461,0.377908,0.294158,0.264100,0.373259,0.124562
2849,0,0.021973,0.432106,0.491242,0.500609,0.343019,0.246469,0.180190,0.326141,0.124532
2850,1,0.633055,0.562688,0.517061,0.515684,0.322972,0.744741,0.631311,0.654875,0.660565
2851,1,0.152494,0.494377,0.462969,0.490807,0.351403,0.426383,0.385667,0.537096,0.166275
2852,0,0.027076,0.608667,0.469251,0.503060,0.419795,0.391409,0.211603,0.349510,0.320513
2853,1,0.390614,0.493550,0.488769,0.508518,0.281922,0.610705,0.433642,0.577680,0.448165
2854,1,0.564298,0.671339,0.520357,0.449526,0.419205,0.789253,0.537396,0.543785,0.542453
2855,0,0.640382,0.533769,0.439757,0.492190,0.323351,0.672050,0.484624,0.610109,0.381555
2856,1,0.137227,0.557935,0.540352,0.530406,0.335039,0.461264,0.515159,0.557575,0.253802
2857,0,0.004362,0.514688,0.477018,0.474906,0.234187,0.267833,0.072052,0.174359,0.181524
2858,0,0.007444,0.546365,0.458730,0.469639,0.348140,0.313428,0.112204,0.207842,0.263401
2859,0,0.526256,0.543898,0.481366,0.487727,0.290977,0.718770,0.672298,0.678481,0.606989
2860,0,0.000894,0.407080,0.470392,0.465594,0.291601,0.215879,0.074862,0.130101,0.138091
2861,0,0.297398,0.549571,0.491259,0.465109,0.406777,0.612531,0.463681,0.506335,0.548408
2862,0,0.053035,0.475068,0.464820,0.493489,0.406857,0.298439,0.177879,0.267580,0.166277
2864,0,0.006427,0.499804,0.477699,0.467383,0.374617,0.298271,0.074384,0.191520,0.149841
2865,1,0.304764,0.564212,0.472032,0.502917,0.438325,0.549562,0.433989,0.531004,0.349642
2866,1,0.457810,0.442591,0.464728,0.531625,0.263823,0.649699,0.553456,0.650235,0.560640
2868,1,0.475813,0.506269,0.490362,0.524525,0.399125,0.579507,0.550732,0.588398,0.358173
2869,0,0.530266,0.512204,0.444099,0.384661,0.245949,0.604048,0.468961,0.514431,0.476427
2870,0,0.460461,0.592607,0.501113,0.585570,0.415341,0.583450,0.506600,0.561496,0.370942
2871,0,0.485371,0.605616,0.513847,0.524583,0.430031,0.752632,0.620419,0.633458,0.710845
2872,0,0.048374,0.494393,0.495313,0.500897,0.427471,0.346069,0.231513,0.305601,0.082938
2873,1,0.020821,0.437737,0.449269,0.469144,0.322285,0.284847,0.155789,0.355265,0.099520
2874,1,0.600640,0.544752,0.436027,0.463459,0.296977,0.726473,0.476387,0.505519,0.596130
2875,0,0.001742,0.460663,0.460903,0.429328,0.229880,0.208529,0.059027,0.128243,0.137132
2876,0,0.169683,0.443242,0.450588,0.453390,0.257702,0.424539,0.357527,0.499567,0.132721
2878,0,0.191530,0.494347,0.489066,0.488486,0.179138,0.419653,0.420110,0.553318,0.410491
2879,0,0.161147,0.581798,0.532101,0.537817,0.448874,0.544999,0.532529,0.538517,0.349540
2880,1,0.505492,0.402974,0.433505,0.418747,0.309758,0.572397,0.534573,0.604591,0.390909
2881,0,0.177133,0.536258,0.497032,0.511835,0.462330,0.521133,0.471584,0.479918,0.430175
2883,0,0.008617,0.491393,0.459135,0.472592,0.435391,0.315130,0.088594,0.111592,0.217053
2884,0,0.295545,0.481735,0.424711,0.452617,0.257540,0.569445,0.407653,0.504906,0.436278
2886,1,0.187146,0.587605,0.495791,0.459458,0.450137,0.570939,0.468374,0.482345,0.434097
2887,0,0.030028,0.533070,0.512769,0.586733,0.418583,0.359505,0.262686,0.308523,0.143799
2888,0,0.061423,0.438088,0.424861,0.422133,0.335571,0.326026,0.261547,0.375038,0.176470
2889,0,0.104718,0.536815,0.472134,0.452049,0.310352,0.468224,0.353960,0.471892,0.324701
2890,0,0.024864,0.432842,0.440657,0.358736,0.209668,0.282628,0.230132,0.289408,0.134486
2891,1,0.505607,0.497777,0.486465,0.482930,0.307202,0.645124,0.565833,0.628954,0.340574
2892,0,0.478030,0.464802,0.437403,0.432715,0.342216,0.551720,0.513446,0.578088,0.497547
2893,0,0.022220,0.490104,0.490288,0.546711,0.290633,0.251108,0.264108,0.405733,0.169708
2895,0,0.013047,0.530288,0.486415,0.506671,0.242089,0.318226,0.223063,0.320246,0.221978
2896,0,0.005875,0.483368,0.458081,0.455031,0.384220,0.261261,0.094039,0.186735,0.119227
2897,0,0.494644,0.551635,0.455827,0.514733,0.361641,0.751721,0.545487,0.567880,0.458761
2898,0,0.570999,0.518474,0.500142,0.468438,0.311055,0.632759,0.560580,0.599248,0.453979
2899,0,0.013234,0.403588,0.455893,0.353151,0.230380,0.219821,0.215593,0.336084,0.119934
2900,0,0.618182,0.621149,0.540309,0.498811,0.464573,0.610283,0.484326,0.579772,0.325328
2901,0,0.703667,0.542180,0.518359,0.524249,0.442295,0.557386,0.497290,0.578934,0.419189
2902,0,0.032974,0.497999,0.523033,0.539863,0.393667,0.299254,0.222909,0.324885,0.150884
2903,1,0.527447,0.523654,0.596299,0.638260,0.339303,0.566079,0.620862,0.676670,0.500828
2904,0,0.023486,0.487430,0.510986,0.530147,0.282536,0.217732,0.138544,0.272270,0.069225
2905,0,0.277920,0.497569,0.510453,0.482325,0.350575,0.553595,0.479244,0.609311,0.434546
2906,1,0.019846,0.539776,0.551078,0.580536,0.467417,0.296656,0.191369,0.301025,0.154525
2907,0,0.436652,0.505832,0.451188,0.438417,0.283465,0.485946,0.357560,0.515000,0.246089
2908,1,0.291089,0.545183,0.539815,0.559471,0.511772,0.510139,0.565680,0.591409,0.219844
2909,1,0.575891,0.566351,0.551119,0.516557,0.394678,0.547528,0.544717,0.510208,0.349411
2910,0,0.666817,0.528965,0.526228,0.499659,0.357601,0.552492,0.467383,0.620721,0.414697
2911,0,0.498653,0.510561,0.518619,0.569312,0.345957,0.569217,0.544234,0.585596,0.396372
2912,1,0.617468,0.506432,0.521638,0.504845,0.358980,0.593814,0.487644,0.569214,0.199435
2913,1,0.325705,0.555503,0.504165,0.514677,0.349208,0.503384,0.458704,0.545746,0.341069
2914,1,0.184296,0.583718,0.585737,0.604749,0.336687,0.531284,0.509468,0.509098,0.284013
2915,1,0.618182,0.516029,0.499618,0.403289,0.306426,0.498152,0.468999,0.506198,0.532766
2916,0,0.487337,0.587969,0.536326,0.508055,0.446631,0.601750,0.585162,0.611750,0.438734
2917,1,0.414021,0.544210,0.534993,0.541995,0.346769,0.510409,0.504947,0.552225,0.332240
2919,0,0.288207,0.460071,0.492355,0.506733,0.217510,0.481511,0.528715,0.537727,0.213124
2920,0,0.232322,0.536002,0.512047,0.485779,0.410324,0.429888,0.438743,0.507951,0.400071
2921,0,0.003894,0.482786,0.494318,0.496464,0.398566,0.263235,0.034972,0.093133,0.123190
2923,0,0.019699,0.468944,0.504551,0.516294,0.278378,0.256844,0.256151,0.350170,0.159719
2924,1,0.430675,0.571560,0.524911,0.533607,0.449901,0.508474,0.502058,0.574370,0.471923
2925,0,0.493820,0.505601,0.524903,0.510493,0.467838,0.518363,0.483195,0.509291,0.483033
2927,1,0.496060,0.538075,0.537320,0.566517,0.478028,0.568049,0.595092,0.608259,0.498176
2928,1,0.493922,0.543869,0.499907,0.531127,0.369198,0.559251,0.483090,0.526485,0.423825
2931,1,0.291631,0.565835,0.508079,0.510691,0.518809,0.566643,0.493496,0.570444,0.351334
2932,1,0.397568,0.487332,0.503238,0.514052,0.411563,0.498244,0.494728,0.580776,0.303564
2933,0,0.369256,0.547078,0.570971,0.548988,0.344206,0.558588,0.559540,0.575853,0.399808
2934,0,0.484030,0.420429,0.499570,0.497321,0.280516,0.421632,0.445978,0.498830,0.441851
2935,0,0.425100,0.539134,0.525959,0.505363,0.451704,0.639434,0.548966,0.569371,0.438647
2937,0,0.442740,0.608000,0.555803,0.554783,0.388839,0.602086,0.562648,0.557612,0.363452
2938,1,0.553298,0.523972,0.535216,0.543078,0.493611,0.623778,0.522155,0.614471,0.509880
2939,0,0.645720,0.566059,0.528238,0.494748,0.408418,0.678950,0.547775,0.611085,0.457174
2940,1,0.488570,0.534444,0.568294,0.599183,0.381166,0.628248,0.621540,0.617926,0.684701
2942,1,0.676956,0.489198,0.471687,0.509895,0.213188,0.524158,0.348377,0.480269,0.346387
2943,1,0.534491,0.434929,0.515597,0.518409,0.305225,0.502763,0.523103,0.579214,0.365309
2944,1,0.590207,0.523593,0.498249,0.499438,0.392613,0.624045,0.514998,0.593550,0.504569
2945,0,0.626798,0.444754,0.486355,0.454157,0.287668,0.475991,0.419431,0.530757,0.240756
2947,1,0.534318,0.450348,0.504278,0.518505,0.309989,0.548600,0.458398,0.561266,0.361863
2948,0,0.586378,0.530400,0.508981,0.544431,0.348402,0.716452,0.590088,0.678120,0.398606
2949,0,0.247756,0.574016,0.506146,0.526674,0.390993,0.484326,0.419801,0.558381,0.335295
2950,1,0.586378,0.554301,0.532992,0.506430,0.297993,0.570949,0.510497,0.553922,0.469149
2951,1,0.624213,0.433636,0.464371,0.462743,0.243918,0.439416,0.425378,0.512115,0.255202
2952,1,0.324867,0.587550,0.558848,0.558944,0.408714,0.602191,0.557292,0.569395,0.489076
2954,0,0.306909,0.496380,0.507512,0.461991,0.240692,0.409331,0.412441,0.549770,0.292478
2955,0,0.402623,0.540764,0.528619,0.539425,0.376426,0.620491,0.543961,0.596170,0.436559
2956,0,0.573067,0.520801,0.483484,0.501108,0.488054,0.559350,0.475292,0.525690,0.355821
2958,1,0.477021,0.564599,0.565104,0.572034,0.442371,0.587305,0.575575,0.547798,0.373816
2959,0,0.168909,0.494795,0.481377,0.437199,0.351053,0.396543,0.412596,0.518526,0.436841
2960,0,0.385358,0.519648,0.489653,0.501662,0.323133,0.467140,0.441465,0.518950,0.310649
2961,1,0.373999,0.535688,0.513056,0.500732,0.410374,0.532997,0.426986,0.484254,0.341328
2962,1,0.323700,0.634390,0.528954,0.527159,0.482823,0.605273,0.508640,0.538606,0.423315
2963,0,0.649971,0.501632,0.508692,0.511424,0.348524,0.522980,0.466785,0.509152,0.349398
2966,0,0.127751,0.544878,0.509958,0.526026,0.411359,0.416448,0.382853,0.546657,0.280578
2968,1,0.487303,0.562060,0.517994,0.502916,0.356769,0.523704,0.558143,0.559053,0.282007
2969,0,0.564923,0.547465,0.511913,0.532885,0.486189,0.662826,0.617530,0.658623,0.559310
2971,0,0.567663,0.504558,0.538793,0.528596,0.405070,0.510958,0.516565,0.547101,0.215506
2973,0,0.143844,0.449010,0.504166,0.516811,0.199152,0.385830,0.423281,0.515587,0.211815
2974,1,0.086731,0.578729,0.489691,0.447028,0.383548,0.459397,0.363316,0.556950,0.289695
2975,0,0.628602,0.567418,0.515183,0.542602,0.432203,0.585414,0.483209,0.512252,0.315933
2976,1,0.460306,0.499101,0.545005,0.536098,0.343830,0.437725,0.476063,0.551588,0.331926
2978,0,0.144347,0.499081,0.514150,0.536953,0.364173,0.344516,0.366842,0.453101,0.262590
2979,0,0.474278,0.471885,0.475047,0.498347,0.232243,0.405814,0.372539,0.538250,0.291665
2981,0,0.456799,0.560283,0.564401,0.563593,0.335450,0.540182,0.599318,0.578557,0.432800
2982,1,0.482574,0.463494,0.505994,0.479200,0.304146,0.493366,0.475111,0.541264,0.276580
2983,0,0.519488,0.489970,0.492883,0.441299,0.360271,0.508635,0.432191,0.489982,0.309979
2984,0,0.544946,0.544528,0.512259,0.520971,0.347404,0.570034,0.498298,0.560141,0.314061
2985,0,0.255395,0.485546,0.499526,0.525869,0.167565,0.317910,0.362884,0.518569,0.275789
2987,0,0.523821,0.438484,0.483733,0.465175,0.290207,0.602422,0.503500,0.565122,0.528800
2988,1,0.419130,0.577540,0.538677,0.502124,0.448544,0.563306,0.493999,0.545495,0.270766
2989,0,0.584037,0.438607,0.472973,0.409748,0.284560,0.496307,0.436105,0.523000,0.444835
2990,0,0.635357,0.428776,0.459506,0.511912,0.305905,0.486442,0.441640,0.563322,0.316624
2992,0,0.311048,0.572491,0.514641,0.500989,0.434020,0.600012,0.498952,0.596494,0.421890
2993,0,0.283277,0.563548,0.503539,0.507831,0.389838,0.601411,0.490310,0.543980,0.424060
2995,0,0.689687,0.484895,0.496747,0.511885,0.297556,0.533610,0.445523,0.568243,0.247095
2996,1,0.429401,0.565974,0.580529,0.587126,0.510604,0.619501,0.608304,0.599703,0.603848
2998,1,0.681055,0.620479,0.555502,0.558768,0.469557,0.678090,0.592542,0.635077,0.539037
2999,0,0.498395,0.570112,0.546264,0.518842,0.429187,0.563587,0.511654,0.557659,0.379660
3000,1,0.379385,0.416102,0.442340,0.422478,0.287019,0.513563,0.485541,0.566370,0.373650
3001,1,0.451634,0.429639,0.413593,0.461534,0.214838,0.550212,0.509000,0.551656,0.388870
3002,0,0.436631,0.495916,0.436895,0.478684,0.288458,0.625037,0.485432,0.526425,0.543333
3003,0,0.030439,0.415363,0.446449,0.495074,0.196809,0.248168,0.215081,0.382650,0.177117
3004,1,0.225179,0.433522,0.483638,0.545355,0.258901,0.391073,0.447167,0.576320,0.154032
3005,0,0.210038,0.384971,0.461043,0.470348,0.258255,0.411833,0.466553,0.527607,0.257658
3006,0,0.567080,0.524524,0.472819,0.474601,0.333967,0.677600,0.540793,0.600607,0.413351
3007,0,0.588646,0.407066,0.430119,0.559431,0.296158,0.440735,0.363761,0.459876,0.289793
3009,1,0.214970,0.384539,0.482698,0.501503,0.196313,0.382411,0.449827,0.526876,0.436453
3010,1,0.430511,0.465527,0.469875,0.488684,0.365943,0.585123,0.494962,0.663785,0.439074
3012,0,0.167879,0.521276,0.463634,0.471304,0.267998,0.551641,0.414783,0.517440,0.525676
3013,1,0.372575,0.364278,0.387110,0.266709,0.223418,0.461173,0.381565,0.517156,0.547281
3014,0,0.006522,0.381817,0.490309,0.456983,0.202655,0.166029,0.206663,0.196651,0.054484
3017,0,0.037097,0.434822,0.485821,0.524834,0.300836,0.238304,0.159896,0.305862,0.116390
3018,0,0.372140,0.482937,0.455949,0.445220,0.274334,0.573985,0.455371,0.537604,0.310595
3019,1,0.017225,0.406080,0.496857,0.452544,0.255536,0.228376,0.193357,0.301314,0.296170
3020,0,0.283757,0.465563,0.448612,0.492062,0.261515,0.456397,0.430347,0.548810,0.315819
3021,1,0.099652,0.501788,0.510891,0.546530,0.304069,0.344550,0.408797,0.567896,0.274541
3022,0,0.130140,0.416370,0.446356,0.466153,0.367469,0.265594,0.326656,0.475188,0.131109
3023,0,0.311240,0.393257,0.475800,0.433815,0.256003,0.491603,0.462986,0.574025,0.326715
3024,0,0.454901,0.361152,0.454135,0.477620,0.218957,0.490037,0.499664,0.546086,0.251860
3025,1,0.477438,0.460357,0.431697,0.468471,0.302093,0.579546,0.408586,0.474041,0.535623
3026,1,0.449287,0.364492,0.476833,0.359929,0.165058,0.443485,0.421278,0.558551,0.436775
3027,1,0.227580,0.524666,0.500040,0.527634,0.284623,0.547899,0.503351,0.543805,0.533809
3028,1,0.210984,0.524868,0.502705,0.546870,0.364979,0.489755,0.478441,0.484837,0.459117
3029,0,0.315820,0.449839,0.486637,0.491656,0.304386,0.503028,0.522393,0.587513,0.337826
3030,0,0.010302,0.378314,0.478953,0.522216,0.340713,0.156332,0.226269,0.282505,0.081649
3031,0,0.118004,0.433920,0.482458,0.492234,0.252044,0.333585,0.413678,0.496831,0.144728
3032,0,0.003004,0.436887,0.471888,0.515325,0.237212,0.211951,0.082400,0.110773,0.140758
3033,0,0.057276,0.614876,0.554656,0.518944,0.374181,0.409748,0.317158,0.435952,0.375287
3034,0,0.000928,0.473140,0.470896,0.431993,0.355767,0.182889,0.050046,0.092118,0.269136
3035,1,0.502792,0.317977,0.414802,0.447616,0.184424,0.464441,0.334948,0.529431,0.250944
3036,0,0.000942,0.469214,0.440672,0.474894,0.227283,0.200363,0.151807,0.184905,0.112987
3037,0,0.236759,0.461141,0.504396,0.530818,0.357016,0.418535,0.430888,0.514013,0.297146
3038,0,0.007949,0.433959,0.422561,0.458654,0.355012,0.205403,0.111622,0.263413,0.128858
3039,1,0.322672,0.403843,0.404214,0.216910,0.170656,0.418390,0.387499,0.475309,0.225487
3040,0,0.086665,0.454005,0.461970,0.457728,0.266642,0.288429,0.224629,0.368790,0.233454
3042,0,0.356975,0.480535,0.485021,0.532850,0.350453,0.558644,0.550599,0.579606,0.383985
3043,0,0.002834,0.423673,0.453296,0.508405,0.253988,0.214603,0.084941,0.128399,0.122635
3044,0,0.024795,0.535958,0.471715,0.462710,0.313110,0.277150,0.151600,0.308491,0.140934
3045,0,0.357533,0.503504,0.427627,0.431841,0.239376,0.544957,0.414256,0.534006,0.340204
3046,0,0.210714,0.404931,0.452524,0.437785,0.354358,0.373711,0.414033,0.480023,0.251789
3048,0,0.555966,0.499789,0.519389,0.540578,0.336846,0.672298,0.558432,0.581086,0.590211
3049,0,0.106541,0.454924,0.461984,0.497195,0.205184,0.376524,0.427847,0.456552,0.319769
3050,0,0.459983,0.326642,0.453582,0.433229,0.254232,0.436969,0.625590,0.529218,0.396914
3052,0,0.145395,0.505920,0.477138,0.467333,0.349238,0.430656,0.487149,0.530511,0.299972
3053,0,0.224253,0.469382,0.485491,0.496926,0.302000,0.422236,0.447834,0.531784,0.385224
3054,0,0.522451,0.441911,0.472799,0.480152,0.305191,0.602441,0.510309,0.594398,0.448553
3055,0,0.192176,0.424589,0.445062,0.427830,0.314953,0.283761,0.334318,0.526667,0.295212
3056,1,0.025000,0.444211,0.458965,0.511566,0.261497,0.236327,0.183201,0.363150,0.267912
3057,0,0.056900,0.397483,0.437196,0.463099,0.234452,0.289184,0.257903,0.386699,0.215711
3058,0,0.005415,0.467430,0.473390,0.507765,0.340869,0.252784,0.056928,0.158847,0.181324
3059,0,0.022953,0.430061,0.474564,0.496066,0.278922,0.220271,0.233024,0.440239,0.192896
3060,1,0.286208,0.398492,0.451130,0.496093,0.368202,0.385643,0.431151,0.495986,0.303123
3061,1,0.160824,0.337813,0.404904,0.440635,0.221662,0.299774,0.397537,0.472809,0.238188
3062,0,0.516322,0.448904,0.447769,0.507954,0.273290,0.577253,0.465626,0.565593,0.382172
3063,0,0.268750,0.371168,0.371468,0.348488,0.184644,0.408060,0.293637,0.429972,0.244711
3064,1,0.162496,0.478470,0.419787,0.457675,0.388976,0.424370,0.323955,0.551548,0.177832
3066,1,0.040412,0.525218,0.469524,0.449183,0.343518,0.336907,0.185633,0.282788,0.141273
3067,0,0.559925,0.399936,0.440467,0.422048,0.287615,0.545010,0.533418,0.581253,0.402928
3068,0,0.055711,0.465603,0.422922,0.456973,0.208734,0.246694,0.291288,0.334838,0.264259
3069,0,0.004052,0.347035,0.469149,0.478129,0.180743,0.170186,0.072024,0.146009,0.097628
3070,1,0.594718,0.493032,0.465892,0.510809,0.258049,0.553347,0.436159,0.455567,0.447477
3071,1,0.006800,0.442911,0.466695,0.460728,0.329216,0.247960,0.052005,0.176635,0.112374
3072,1,0.492590,0.375393,0.458919,0.460525,0.210110,0.577056,0.521450,0.581451,0.362702
3073,1,0.505003,0.431848,0.469807,0.489594,0.147714,0.469509,0.419155,0.505411,0.222536
3074,1,0.285128,0.356139,0.418501,0.458020,0.238790,0.432729,0.427532,0.561836,0.227048
3075,0,0.073789,0.420418,0.471542,0.480190,0.314942,0.289893,0.338412,0.416860,0.326324
3077,1,0.596903,0.355423,0.418501,0.458020,0.239712,0.512890,0.473873,0.576603,0.340624
3079,0,0.636788,0.359974,0.456083,0.450344,0.216107,0.488688,0.486613,0.541364,0.299958
3080,0,0.052030,0.511829,0.474379,0.464838,0.303911,0.339098,0.223820,0.432260,0.235217
3083,1,0.503481,0.395201,0.408938,0.431787,0.309748,0.470370,0.360103,0.485100,0.255381
3084,1,0.555770,0.449132,0.446480,0.445991,0.298865,0.622694,0.510765,0.613548,0.463457
3085,0,0.029632,0.352758,0.471511,0.516016,0.207162,0.198822,0.207125,0.286230,0.046753
3086,0,0.339476,0.490618,0.438404,0.438246,0.270976,0.493314,0.480480,0.566582,0.285386
3088,0,0.021959,0.452963,0.422638,0.432064,0.253918,0.287588,0.180679,0.349963,0.093910
3089,1,0.463889,0.496231,0.480719,0.497125,0.339374,0.599617,0.587620,0.592874,0.420878
3090,0,0.467848,0.389773,0.465999,0.511023,0.244854,0.498953,0.517407,0.583640,0.275009
3091,1,0.475678,0.419477,0.442783,0.429900,0.333748,0.548746,0.438448,0.547727,0.393451
3094,0,0.369516,0.508946,0.476383,0.464838,0.296951,0.575886,0.501848,0.549650,0.336715
3095,0,0.023396,0.425447,0.498140,0.513982,0.223631,0.195401,0.303663,0.305629,0.215878
3097,1,0.026168,0.472554,0.448718,0.494012,0.447033,0.280411,0.174414,0.273495,0.153253
3098,0,0.005768,0.498927,0.430583,0.457492,0.333066,0.256708,0.219054,0.119340,0.247145
3100,0,0.010077,0.341032,0.461568,0.467203,0.197614,0.166641,0.144272,0.279726,0.147091
3101,0,0.254681,0.331840,0.400916,0.496837,0.146569,0.281492,0.370526,0.537414,0.152332
3103,0,0.054074,0.501697,0.516071,0.489960,0.442929,0.290676,0.261892,0.366653,0.240924
3104,0,0.497802,0.507685,0.423586,0.455118,0.317795,0.686892,0.491762,0.633125,0.300502
3105,0,0.005817,0.472868,0.486561,0.556550,0.286499,0.217432,0.116313,0.097796,0.248147
3106,0,0.234047,0.388132,0.383559,0.442957,0.175239,0.389430,0.263507,0.439015,0.104402
3107,0,0.003550,0.402039,0.474062,0.465851,0.307361,0.198266,0.089562,0.191465,0.133643
3108,0,0.267899,0.442088,0.416276,0.381906,0.229845,0.487975,0.424421,0.573267,0.310217
3109,0,0.209552,0.368669,0.419307,0.464930,0.227197,0.326240,0.368412,0.470804,0.189020
3110,0,0.130330,0.534126,0.493331,0.504791,0.350269,0.465215,0.401456,0.505333,0.251920
3111,0,0.008459,0.407408,0.448512,0.514805,0.338838,0.196108,0.123983,0.260786,0.098243
3114,0,0.005754,0.408442,0.478180,0.576977,0.274344,0.213249,0.077064,0.183911,0.206367
3115,0,0.002137,0.536406,0.451502,0.454485,0.353239,0.313596,0.054033,0.111327,0.147997
3116,1,0.272398,0.519722,0.440093,0.445916,0.256673,0.558954,0.396277,0.528508,0.227305
3117,0,0.030298,0.519026,0.491672,0.480950,0.298993,0.342139,0.200516,0.333486,0.212988
3118,0,0.244877,0.435544,0.425700,0.455190,0.213189,0.427211,0.277797,0.555200,0.240320
3119,0,0.075182,0.475237,0.446942,0.432163,0.319870,0.351426,0.249851,0.439005,0.168160
3120,0,0.317516,0.498778,0.441739,0.503440,0.234705,0.430531,0.350572,0.516569,0.145404
3121,0,0.454829,0.605805,0.452635,0.492704,0.358571,0.720859,0.444357,0.576149,0.612141
3123,0,0.036142,0.426532,0.338457,0.411269,0.310668,0.251917,0.100854,0.274204,0.069108
3124,0,0.013532,0.410224,0.444899,0.421846,0.299856,0.204461,0.218293,0.329875,0.072838
3125,0,0.446924,0.408597,0.424571,0.403826,0.270055,0.553543,0.519003,0.578837,0.359999
3126,0,0.006745,0.518932,0.440093,0.445916,0.258788,0.286109,0.134895,0.110697,0.140283
3127,0,0.039115,0.502250,0.448648,0.447684,0.299057,0.343519,0.146479,0.288896,0.105527
3128,0,0.006745,0.403741,0.425286,0.421846,0.266661,0.189990,0.096156,0.098885,0.066364
3129,0,0.010780,0.425612,0.426208,0.407857,0.286162,0.178793,0.182178,0.246848,0.150721
3130,0,0.049102,0.568961,0.489109,0.511117,0.396966,0.377175,0.202105,0.372435,0.200977
3132,1,0.485639,0.500578,0.459303,0.465585,0.259796,0.534462,0.496020,0.573849,0.328923
3133,1,0.321612,0.490414,0.478875,0.481202,0.422965,0.476951,0.478852,0.572162,0.255378
3135,1,0.608037,0.553484,0.427246,0.437416,0.275044,0.676048,0.392106,0.572675,0.529273
3136,0,0.329350,0.512946,0.445754,0.335122,0.266670,0.538835,0.434016,0.565963,0.160758
3137,0,0.008444,0.525260,0.456485,0.473781,0.323006,0.227458,0.108951,0.300350,0.133751
3138,0,0.154053,0.486435,0.495882,0.498380,0.331451,0.405117,0.431866,0.518077,0.500995
3139,0,0.023730,0.396447,0.378539,0.430717,0.157174,0.224367,0.091956,0.308821,0.105269
3140,1,0.085366,0.374909,0.467716,0.445231,0.141180,0.231156,0.427265,0.501086,0.089823
3141,0,0.629567,0.394872,0.414819,0.476224,0.326201,0.489317,0.437382,0.525143,0.280196
3142,0,0.470565,0.561998,0.455710,0.500270,0.300736,0.620950,0.454646,0.548088,0.470470
3143,1,0.329975,0.323286,0.444961,0.437100,0.229685,0.378727,0.460419,0.504089,0.211947
3144,0,0.062894,0.518355,0.425686,0.415614,0.344772,0.295727,0.207093,0.368765,0.112925
3145,0,0.546196,0.479956,0.428932,0.399072,0.288328,0.511112,0.500395,0.585505,0.251841
3146,0,0.071156,0.452805,0.430346,0.491191,0.262989,0.263529,0.250482,0.407717,0.135915
3147,1,0.156978,0.408288,0.420242,0.327505,0.137453,0.292194,0.368415,0.520134,0.296415
3148,1,0.033269,0.380444,0.440965,0.480376,0.232323,0.192198,0.138907,0.312252,0.109571
3149,0,0.493513,0.554277,0.522789,0.570400,0.363785,0.620888,0.564172,0.624841,0.429734
3151,0,0.024864,0.456485,0.439342,0.465802,0.324206,0.235745,0.225011,0.363055,0.157296
3152,0,0.335073,0.460971,0.443457,0.491166,0.215300,0.544634,0.422118,0.541844,0.338610
3154,1,0.603369,0.364342,0.423795,0.414005,0.245749,0.535048,0.478943,0.594696,0.445476
3156,0,0.050504,0.430356,0.484074,0.487729,0.294957,0.257463,0.225393,0.333119,0.145215
3157,0,0.071778,0.360754,0.425220,0.473966,0.309549,0.249382,0.263561,0.403210,0.222146
3158,0,0.003649,0.447326,0.502357,0.508205,0.301444,0.245535,0.128519,0.150440,0.161666
3159,0,0.014565,0.545118,0.417095,0.414700,0.247313,0.305505,0.097509,0.271760,0.241315
3160,1,0.484303,0.454798,0.444157,0.474368,0.232687,0.617438,0.474291,0.560083,0.478826
3161,0,0.006544,0.374951,0.432244,0.475128,0.229236,0.179557,0.092283,0.178991,0.184388
3162,0,0.411669,0.420732,0.478187,0.489857,0.296793,0.488650,0.473525,0.586670,0.440838
3163,0,0.034925,0.508300,0.530505,0.496815,0.454244,0.271519,0.181910,0.331935,0.230634
3164,0,0.218539,0.448623,0.455334,0.478315,0.228638,0.424995,0.423066,0.492354,0.312880
3165,0,0.411453,0.368144,0.480662,0.531642,0.191688,0.539764,0.471491,0.567433,0.344707
3166,0,0.004770,0.369327,0.420166,0.455939,0.362445,0.183074,0.062949,0.151795,0.128090
3168,0,0.019630,0.462131,0.442266,0.421059,0.348192,0.233268,0.137322,0.370314,0.108671
3169,0,0.015358,0.381956,0.415517,0.432887,0.159053,0.187827,0.128224,0.316215,0.060401
3171,0,0.607329,0.385401,0.382563,0.504300,0.117201,0.496459,0.313052,0.533729,0.261145
3172,0,0.082860,0.487666,0.472645,0.497184,0.283944,0.323683,0.343809,0.341306,0.072169
3173,1,0.523857,0.552476,0.494344,0.484300,0.269862,0.670820,0.566128,0.597597,0.497867
3174,0,0.011811,0.424342,0.448421,0.456622,0.239407,0.185934,0.176028,0.337820,0.166555
3175,0,0.351932,0.481113,0.450058,0.503952,0.192576,0.533349,0.473036,0.576896,0.300397
3176,0,0.395499,0.468615,0.465406,0.500997,0.293919,0.553503,0.416695,0.534247,0.435213
3178,0,0.349469,0.417700,0.453350,0.502013,0.248533,0.494811,0.471457,0.556694,0.153740
3180,0,0.039386,0.433581,0.450576,0.398280,0.249437,0.252734,0.237716,0.333384,0.184548
3181,0,0.002046,0.484899,0.451659,0.455584,0.371697,0.201653,0.135420,0.132779,0.172123
3182,0,0.272084,0.378398,0.468504,0.495668,0.242713,0.434614,0.469165,0.574034,0.347954
3183,0,0.023614,0.480803,0.424692,0.402117,0.327950,0.248269,0.142580,0.336926,0.042748
3184,0,0.062436,0.487583,0.421363,0.466806,0.225564,0.300454,0.207430,0.308787,0.171351
3185,0,0.068284,0.375748,0.443789,0.483704,0.283911,0.257602,0.259985,0.417740,0.141497
3186,1,0.500904,0.383823,0.475021,0.490730,0.188353,0.464161,0.523306,0.504333,0.157724
3188,0,0.362813,0.444876,0.399676,0.453635,0.207000,0.483231,0.296508,0.558726,0.171770
3189,1,0.237064,0.419383,0.443617,0.484328,0.238790,0.398939,0.357437,0.554514,0.200195
3191,0,0.015161,0.390905,0.421299,0.407518,0.242033,0.188506,0.122620,0.348756,0.085657
3192,0,0.531298,0.411500,0.434047,0.462416,0.299117,0.502076,0.388075,0.482027,0.288738
3193,0,0.004819,0.486552,0.428617,0.466074,0.179162,0.246344,0.068495,0.203031,0.086714
3195,1,0.518406,0.386701,0.443185,0.444832,0.234571,0.467020,0.522814,0.590798,0.277466
3197,0,0.074143,0.465901,0.466024,0.526244,0.360831,0.301322,0.281191,0.349585,0.252528
3198,0,0.364689,0.479564,0.452107,0.472465,0.284831,0.549657,0.572316,0.597552,0.330390
3200,0,0.183697,0.483316,0.507084,0.551083,0.386035,0.488270,0.394895,0.531018,0.215079
3202,0,0.350810,0.603319,0.568733,0.548331,0.467204,0.636698,0.579932,0.559297,0.520383
3204,0,0.423634,0.601798,0.543637,0.539384,0.433597,0.669784,0.581282,0.571831,0.569669
3206,0,0.117952,0.447862,0.459326,0.467216,0.304727,0.365326,0.404197,0.459373,0.299261
3207,0,0.598425,0.498593,0.512763,0.534442,0.353953,0.608140,0.555205,0.573719,0.248105
3208,0,0.544723,0.386313,0.420407,0.497774,0.252222,0.551509,0.452026,0.626354,0.419265
3210,0,0.081588,0.538040,0.389423,0.339896,0.302022,0.417664,0.372217,0.529847,0.146732
3213,0,0.349901,0.549780,0.413075,0.362214,0.365897,0.595694,0.388694,0.488577,0.340660
3214,0,0.003624,0.421213,0.406356,0.430815,0.192021,0.242900,0.057186,0.108852,0.052683
3215,1,0.371998,0.509145,0.490470,0.532869,0.336461,0.617931,0.571229,0.591070,0.350021
3216,0,0.013905,0.471385,0.458029,0.451116,0.376516,0.326625,0.216646,0.287825,0.180613
3217,0,0.020968,0.472550,0.478080,0.488836,0.271773,0.283381,0.183339,0.317534,0.122887
3218,1,0.635487,0.457928,0.469836,0.486099,0.245014,0.636436,0.570997,0.586127,0.369230
3219,0,0.090747,0.596866,0.514016,0.485379,0.320912,0.468161,0.349861,0.520469,0.267228
3220,1,0.198452,0.507743,0.482078,0.516755,0.384302,0.521750,0.366257,0.496063,0.287345
3221,1,0.611120,0.542937,0.505859,0.471020,0.316479,0.681652,0.528885,0.605164,0.330943
3222,1,0.240660,0.573307,0.527294,0.477732,0.360186,0.563665,0.497493,0.557668,0.432739
3224,0,0.276402,0.515536,0.477102,0.521393,0.349144,0.589159,0.517787,0.595423,0.316581
3225,0,0.343921,0.509271,0.462746,0.503346,0.186718,0.616644,0.479049,0.540074,0.464345
3226,1,0.060835,0.547898,0.509128,0.481259,0.417865,0.392468,0.303157,0.400999,0.370462
3227,1,0.299074,0.544520,0.517589,0.573586,0.384820,0.587769,0.462680,0.536888,0.366287
3228,1,0.567080,0.521808,0.499023,0.514919,0.394049,0.703500,0.540670,0.617429,0.735127
3230,1,0.237626,0.477149,0.432867,0.415569,0.229205,0.507646,0.336831,0.454786,0.280057
3232,0,0.107898,0.458755,0.485932,0.474120,0.249077,0.389761,0.479306,0.497374,0.290344
3233,0,0.313443,0.505316,0.460654,0.511840,0.349214,0.600193,0.466683,0.574843,0.348278
3235,0,0.617028,0.446550,0.397619,0.480511,0.340511,0.649364,0.428102,0.569824,0.604661
3236,1,0.210165,0.484881,0.471608,0.440463,0.378634,0.517896,0.450498,0.542217,0.301869
3237,0,0.006448,0.447011,0.424236,0.414244,0.335235,0.226747,0.059270,0.097519,0.221814
3239,0,0.006078,0.578007,0.441045,0.441099,0.438379,0.414748,0.159353,0.209284,0.201557
3240,0,0.052105,0.519680,0.509424,0.526691,0.289007,0.372409,0.248881,0.395371,0.119592
3241,0,0.020036,0.409803,0.430900,0.473476,0.289158,0.262585,0.209426,0.312241,0.079983
3242,0,0.307292,0.579340,0.535506,0.572838,0.328814,0.619428,0.492534,0.574049,0.568903
3243,0,0.026511,0.392299,0.432910,0.469721,0.237853,0.242985,0.137877,0.290416,0.164511
3244,0,0.186473,0.619905,0.528562,0.543439,0.427150,0.533931,0.507894,0.573424,0.356760
3245,0,0.329265,0.442767,0.491522,0.427639,0.385758,0.458901,0.400490,0.497710,0.349759
3246,0,0.040412,0.557011,0.530236,0.525318,0.362732,0.359372,0.226272,0.389025,0.094456
3247,1,0.310768,0.526452,0.517558,0.530013,0.417231,0.593966,0.530232,0.597460,0.362471
3248,1,0.413659,0.546322,0.537457,0.542414,0.377962,0.568300,0.533588,0.565056,0.459656
3249,0,0.496488,0.424582,0.418160,0.447860,0.209797,0.565792,0.405164,0.569531,0.496686
3250,1,0.059869,0.397245,0.431285,0.494982,0.229966,0.236033,0.188300,0.272539,0.106240
3251,0,0.007724,0.451798,0.380710,0.425284,0.306877,0.223446,0.090378,0.222697,0.131371
3253,0,0.056991,0.409741,0.463457,0.500247,0.238027,0.256096,0.262258,0.318697,0.081496
3254,0,0.082830,0.545551,0.489151,0.471519,0.393866,0.389801,0.409890,0.565217,0.199329
3255,0,0.003413,0.555172,0.496842,0.501726,0.422743,0.330112,0.120071,0.160534,0.162261
3256,0,0.417140,0.519091,0.469246,0.488290,0.371398,0.529157,0.477859,0.509086,0.344236
3257,0,0.183598,0.456152,0.449157,0.490319,0.262253,0.458527,0.440092,0.523263,0.222009
3258,0,0.056341,0.437653,0.441766,0.351001,0.194381,0.305740,0.267693,0.316254,0.123616
3259,0,0.282745,0.435401,0.468519,0.491642,0.289878,0.580166,0.444510,0.589671,0.306995
3261,0,0.054959,0.433831,0.449926,0.486869,0.215287,0.319198,0.305993,0.429387,0.115511
3262,0,0.022676,0.383876,0.481285,0.510831,0.259390,0.217402,0.196424,0.274771,0.130140
3263,0,0.050720,0.591947,0.525464,0.493887,0.355261,0.406923,0.271693,0.489392,0.197304
3264,0,0.096829,0.404347,0.427196,0.454402,0.235068,0.320668,0.362928,0.313798,0.077092
3265,0,0.358011,0.557294,0.489023,0.535734,0.418148,0.624795,0.540880,0.544835,0.548225
3266,0,0.096600,0.485972,0.499002,0.473965,0.223766,0.364827,0.367658,0.478375,0.190300
3267,0,0.022224,0.494331,0.507227,0.538688,0.408556,0.330403,0.188596,0.382679,0.230382
3268,0,0.004674,0.490794,0.492126,0.496280,0.235446,0.299976,0.067079,0.157090,0.130020
3269,0,0.010341,0.560178,0.504547,0.456733,0.444685,0.331694,0.202970,0.344065,0.138794
3270,0,0.086220,0.484721,0.435221,0.448235,0.270777,0.379265,0.322394,0.460961,0.089241
3271,0,0.197785,0.619958,0.539855,0.557821,0.527739,0.613539,0.507472,0.583465,0.419405
3272,1,0.071161,0.470741,0.367923,0.340472,0.248919,0.319468,0.153931,0.285381,0.075640
3273,0,0.005175,0.551519,0.610484,0.638947,0.481924,0.223268,0.153138,0.156791,0.095230
3274,0,0.268064,0.455868,0.458724,0.460278,0.309601,0.478542,0.450740,0.551503,0.277765
3275,0,0.061195,0.436788,0.494756,0.556649,0.238424,0.306613,0.290365,0.310215,0.134610
3276,1,0.499013,0.563300,0.516886,0.449212,0.407791,0.687286,0.536092,0.584899,0.606423
3277,0,0.285198,0.472182,0.424089,0.464500,0.301939,0.516804,0.391479,0.524891,0.345819
3278,1,0.545109,0.478768,0.477977,0.483940,0.274320,0.587016,0.476590,0.565486,0.474193
3279,0,0.539320,0.516118,0.515010,0.530605,0.349555,0.693357,0.550121,0.643067,0.513828
3280,0,0.141101,0.461219,0.463847,0.504367,0.379003,0.333411,0.389154,0.495553,0.229943
3281,0,0.526941,0.444894,0.449387,0.404063,0.193415,0.671529,0.522671,0.602934,0.272894
3282,0,0.006955,0.513405,0.478299,0.514488,0.334243,0.284813,0.083900,0.204541,0.151420
3283,0,0.579596,0.487770,0.440285,0.426591,0.309946,0.622513,0.475697,0.559425,0.661260
3284,0,0.000407,0.565221,0.538636,0.569907,0.401354,0.271031,0.037147,0.106254,0.174806
3285,1,0.112375,0.470055,0.438938,0.358521,0.206516,0.360660,0.328264,0.487773,0.192104
3286,1,0.030943,0.496967,0.484186,0.511253,0.405041,0.295412,0.205807,0.375991,0.177303
3287,0,0.028174,0.622750,0.539306,0.475869,0.344241,0.379491,0.211424,0.381018,0.270710
3288,1,0.102539,0.535913,0.502941,0.533607,0.320170,0.459636,0.381529,0.525845,0.230946
3289,0,0.001889,0.423725,0.450538,0.495983,0.215098,0.275733,0.142623,0.147322,0.077403
3290,0,0.354176,0.582923,0.468284,0.480026,0.360426,0.682513,0.489657,0.558085,0.502247
3291,0,0.098644,0.463913,0.499142,0.477862,0.320290,0.366528,0.388472,0.507598,0.192781
3293,1,0.057276,0.486912,0.492845,0.512232,0.394662,0.313685,0.163351,0.374134,0.143335
3294,0,0.101719,0.467155,0.462610,0.454662,0.325186,0.366540,0.351874,0.480269,0.220190
3295,0,0.469691,0.481831,0.453972,0.465154,0.217035,0.630652,0.443787,0.513810,0.479832
3296,0,0.413414,0.554672,0.505335,0.537477,0.331854,0.660109,0.511366,0.560958,0.527428
3297,1,0.005353,0.437236,0.422448,0.402618,0.233615,0.249233,0.059485,0.107336,0.116966
3299,0,0.224176,0.569896,0.530546,0.567824,0.383679,0.562250,0.498491,0.588955,0.283932
3301,0,0.009283,0.446138,0.476193,0.506370,0.161049,0.285055,0.090735,0.195309,0.104722
3303,0,0.615976,0.507528,0.429086,0.481788,0.273583,0.624387,0.420973,0.586826,0.259588
3304,0,0.001947,0.476909,0.432637,0.388019,0.291907,0.238656,0.033417,0.101753,0.238012
3305,1,0.207587,0.497435,0.486928,0.436319,0.427450,0.472353,0.436875,0.512297,0.339622
3307,0,0.396678,0.393864,0.437114,0.446254,0.239896,0.482193,0.366098,0.499330,0.205402
3308,0,0.012490,0.481227,0.433853,0.494039,0.344583,0.286525,0.187314,0.406601,0.151792
3309,0,0.133871,0.513109,0.465441,0.501975,0.398404,0.485421,0.454386,0.577026,0.154231
3310,0,0.008373,0.537014,0.467337,0.473817,0.240666,0.384526,0.131782,0.178294,0.120309
3311,0,0.123128,0.536175,0.499594,0.479383,0.252244,0.454850,0.350037,0.468842,0.185768
3312,1,0.008632,0.583842,0.512268,0.511449,0.360648,0.354733,0.099058,0.166095,0.123685
3313,0,0.278615,0.532162,0.497184,0.559844,0.320044,0.582386,0.499403,0.594203,0.326417
3314,0,0.131954,0.472019,0.508197,0.547271,0.293159,0.417085,0.340456,0.469016,0.247807
3315,0,0.431585,0.448024,0.445498,0.475143,0.331864,0.523116,0.386713,0.558159,0.415858
3316,0,0.051472,0.455223,0.437325,0.459790,0.315267,0.333267,0.205206,0.336031,0.206460
3318,1,0.512567,0.513089,0.501248,0.524271,0.320374,0.634312,0.536050,0.592466,0.561827
3320,0,0.295450,0.617784,0.518480,0.520394,0.342260,0.643701,0.464494,0.551390,0.398215
3321,0,0.054135,0.582045,0.488635,0.464354,0.355746,0.434091,0.272557,0.387421,0.218571
3322,1,0.097031,0.538507,0.433211,0.447989,0.210420,0.447603,0.339837,0.425430,0.162762
3323,0,0.598982,0.590380,0.510094,0.483019,0.313334,0.753876,0.566407,0.624563,0.569996
3325,0,0.319785,0.556232,0.416276,0.442090,0.370475,0.576838,0.346777,0.494689,0.403109
3326,0,0.469378,0.531854,0.506929,0.522848,0.270731,0.676206,0.571274,0.543514,0.378654
3328,1,0.427551,0.520384,0.433979,0.455608,0.258225,0.614300,0.403228,0.552770,0.318622
3329,0,0.009116,0.457405,0.465518,0.445359,0.289572,0.274175,0.115045,0.201027,0.127341
3331,0,0.009531,0.445085,0.440479,0.485519,0.238506,0.277257,0.111235,0.225765,0.081558
3332,1,0.217635,0.561230,0.539969,0.537031,0.372367,0.469091,0.526433,0.496042,0.330611
3333,0,0.005704,0.411148,0.439904,0.464377,0.193717,0.245671,0.058773,0.142161,0.066145
3334,1,0.427498,0.492396,0.465747,0.467977,0.232762,0.622021,0.506762,0.564157,0.474697
3335,0,0.142433,0.614767,0.486957,0.487722,0.330334,0.522727,0.380866,0.531000,0.197796
3336,0,0.007223,0.396527,0.438092,0.540787,0.277922,0.249971,0.147846,0.103303,0.134745
3337,0,0.473761,0.581149,0.518086,0.503945,0.340113,0.727294,0.548495,0.593859,0.480811
3339,0,0.234628,0.601314,0.524555,0.529553,0.343457,0.623103,0.473192,0.527789,0.467172
3340,0,0.057993,0.604002,0.517407,0.535099,0.411235,0.398407,0.254752,0.393733,0.189139
3341,0,0.158327,0.555872,0.491824,0.523530,0.259513,0.469699,0.464071,0.518102,0.141589
3342,0,0.057276,0.456856,0.462759,0.425380,0.229852,0.384915,0.300674,0.397123,0.095910
3343,0,0.406184,0.518606,0.515418,0.515014,0.322768,0.611715,0.531580,0.528684,0.444311
3344,0,0.612101,0.471719,0.503509,0.469473,0.297482,0.614665,0.477630,0.500685,0.381432
3345,0,0.123345,0.659992,0.555823,0.581403,0.449092,0.490927,0.517478,0.511618,0.454800
3346,0,0.419531,0.534764,0.394460,0.349329,0.201263,0.601042,0.383067,0.523126,0.441268
3347,0,0.005265,0.533169,0.486149,0.492093,0.336701,0.352882,0.093989,0.173947,0.165535
3348,0,0.546391,0.548939,0.468161,0.519098,0.440344,0.704217,0.498271,0.596212,0.573838
3349,0,0.021080,0.497615,0.409095,0.349791,0.243983,0.279973,0.169295,0.317874,0.061221
3350,0,0.211415,0.441994,0.423593,0.448505,0.220811,0.467325,0.375185,0.530756,0.284459
3352,1,0.437438,0.513091,0.477561,0.490984,0.343735,0.638224,0.513577,0.577210,0.486517
3354,0,0.244205,0.526181,0.469800,0.498182,0.252650,0.641989,0.465278,0.583998,0.350399
3355,0,0.002870,0.602692,0.500927,0.486104,0.358446,0.339760,0.136819,0.107081,0.166234
3356,1,0.523177,0.508179,0.521026,0.536698,0.304474,0.596334,0.518686,0.548011,0.379804
3357,1,0.631089,0.562378,0.513621,0.456020,0.318536,0.735336,0.546162,0.590425,0.562196
3358,1,0.359373,0.550326,0.486840,0.463924,0.340898,0.632531,0.524488,0.571782,0.508117
3359,0,0.488570,0.581867,0.455194,0.469503,0.246345,0.723094,0.482592,0.571966,0.349871
3360,1,0.138281,0.577731,0.518058,0.497670,0.313729,0.478808,0.390912,0.525277,0.255695
3361,0,0.003899,0.597654,0.463444,0.468472,0.257796,0.332765,0.092932,0.168848,0.154053
3362,0,0.182967,0.556575,0.416062,0.295423,0.264196,0.557024,0.366846,0.438112,0.217485
3363,1,0.284327,0.462302,0.443846,0.471469,0.252988,0.518059,0.441777,0.507928,0.288399
3364,0,0.135571,0.568505,0.469966,0.457259,0.283392,0.469312,0.410018,0.510494,0.351585
3365,1,0.506994,0.510133,0.486620,0.532741,0.239152,0.653610,0.490637,0.550122,0.260637
3366,0,0.125223,0.496738,0.473388,0.479797,0.395344,0.418408,0.408348,0.485711,0.210787
3367,0,0.004916,0.441976,0.470217,0.487037,0.266620,0.264418,0.139818,0.139144,0.096340
3368,1,0.271541,0.484727,0.460454,0.505736,0.256630,0.555009,0.449973,0.571709,0.223743
3371,0,0.154384,0.462292,0.422904,0.477312,0.331809,0.429925,0.380073,0.511254,0.158037
3372,0,0.009907,0.581892,0.505604,0.524956,0.425604,0.298468,0.162329,0.384667,0.152687
3373,0,0.514970,0.550686,0.500673,0.553953,0.330409,0.705636,0.593166,0.614879,0.486417
3374,0,0.015169,0.554305,0.494566,0.543098,0.237499,0.312936,0.168260,0.306318,0.205915
3376,0,0.260581,0.542336,0.466494,0.509121,0.288897,0.595002,0.451854,0.570729,0.270699
3378,1,0.315459,0.506931,0.459153,0.433690,0.314870,0.604522,0.485886,0.513105,0.468058
3380,1,0.450012,0.488029,0.426522,0.472231,0.358490,0.557039,0.384505,0.469085,0.322437
3382,1,0.535672,0.589391,0.509169,0.482821,0.308877,0.659489,0.539984,0.618254,0.515501
3384,0,0.005835,0.485001,0.412106,0.305077,0.282913,0.285537,0.093645,0.201331,0.126872
3385,1,0.158536,0.573148,0.527657,0.523571,0.437372,0.544228,0.505956,0.537446,0.390072
3386,0,0.002505,0.415674,0.411710,0.457254,0.373801,0.178040,0.011361,0.109791,0.120332
3387,0,0.423154,0.530296,0.450775,0.459781,0.357175,0.653632,0.490237,0.587991,0.530757
3388,0,0.266953,0.451585,0.459063,0.514258,0.259482,0.560726,0.504447,0.570573,0.324642
3390,0,0.591366,0.534686,0.466459,0.473556,0.380740,0.609230,0.457220,0.587573,0.535459
3392,1,0.462045,0.563939,0.506869,0.530372,0.511710,0.656549,0.597627,0.582909,0.443089
3394,0,0.446686,0.425224,0.456511,0.402901,0.227556,0.562536,0.496552,0.569975,0.334542
3395,1,0.304419,0.593071,0.487999,0.502255,0.379433,0.673927,0.453303,0.557540,0.345130
3397,0,0.309327,0.529358,0.508870,0.507369,0.326837,0.602549,0.490099,0.593807,0.274732
3398,1,0.474647,0.442194,0.492399,0.545502,0.212928,0.572613,0.504744,0.638499,0.331256
3399,0,0.056846,0.631404,0.522174,0.549375,0.342391,0.419143,0.291641,0.438118,0.378226
3400,1,0.410380,0.344044,0.389343,0.451144,0.320343,0.412977,0.362294,0.559056,0.248150
3401,0,0.005351,0.313161,0.421833,0.428471,0.229137,0.142353,0.031181,0.100380,0.073636
3402,0,0.008277,0.398101,0.420394,0.348157,0.218350,0.201920,0.061168,0.211156,0.179289
3403,0,0.317064,0.473217,0.504876,0.467055,0.324500,0.504356,0.505524,0.545609,0.271948
3405,0,0.142602,0.461409,0.501210,0.516598,0.365660,0.298987,0.427913,0.583986,0.296710
3406,0,0.022316,0.481966,0.500250,0.521726,0.265474,0.266227,0.155763,0.366690,0.101980
3408,0,0.223495,0.332294,0.430094,0.445714,0.218253,0.376519,0.439168,0.489132,0.340395
3409,0,0.029941,0.342514,0.445287,0.507729,0.233181,0.209940,0.151651,0.385640,0.129994
3410,0,0.018290,0.329772,0.366261,0.368693,0.226393,0.161879,0.124993,0.343228,0.093519
3411,0,0.003902,0.348511,0.440634,0.461396,0.180787,0.146190,0.120490,0.119399,0.137503
3412,0,0.046350,0.433678,0.467155,0.474250,0.331093,0.306961,0.177281,0.368649,0.355375
3413,1,0.201233,0.370297,0.462528,0.476241,0.246935,0.450162,0.514421,0.545514,0.349051
3414,0,0.457103,0.389783,0.451604,0.450096,0.315512,0.533821,0.546130,0.564209,0.378583
3416,0,0.066714,0.416904,0.439768,0.466463,0.248973,0.299746,0.261200,0.345758,0.101178
3417,1,0.025118,0.355725,0.397689,0.470617,0.321876,0.209217,0.183569,0.289914,0.105045
3418,0,0.037638,0.438101,0.478225,0.492174,0.332049,0.190743,0.160581,0.293191,0.167176
3419,0,0.014264,0.392519,0.442972,0.435029,0.397592,0.202965,0.198491,0.310565,0.100575
3420,0,0.470333,0.322306,0.423692,0.473623,0.199249,0.483942,0.510627,0.546490,0.392212
3421,0,0.190770,0.368746,0.411424,0.424106,0.322591,0.382692,0.414039,0.500949,0.131329
3422,0,0.022539,0.370751,0.459565,0.461218,0.304732,0.227724,0.211750,0.304202,0.129388
3423,0,0.412012,0.368199,0.476934,0.525718,0.323194,0.435335,0.486525,0.562418,0.471917
3424,0,0.043772,0.354791,0.458657,0.523644,0.343103,0.188046,0.171262,0.364132,0.088004
3425,0,0.337728,0.302382,0.423101,0.481800,0.287713,0.432912,0.430185,0.556472,0.250514
3426,0,0.278715,0.391694,0.380943,0.472263,0.232443,0.462205,0.398006,0.514467,0.236869
3429,0,0.005337,0.498528,0.485058,0.549741,0.201579,0.305041,0.039585,0.092965,0.166076
3431,0,0.012844,0.445847,0.431901,0.451568,0.302001,0.262897,0.124244,0.272322,0.153051
3433,0,0.635285,0.420709,0.452718,0.477898,0.312595,0.522596,0.437812,0.523807,0.615601
3434,0,0.450349,0.425970,0.418725,0.405677,0.220163,0.603217,0.498504,0.586959,0.339410
3435,0,0.094451,0.488240,0.438607,0.433879,0.214973,0.398086,0.394727,0.448906,0.186261
3436,0,0.134156,0.333435,0.457657,0.457353,0.238579,0.235082,0.399666,0.563621,0.251909
3437,0,0.021756,0.420839,0.449171,0.487893,0.399721,0.257804,0.274236,0.310180,0.252804
3438,0,0.000492,0.366166,0.423908,0.465949,0.170936,0.220950,0.078615,0.100361,0.187219
3439,1,0.073014,0.323784,0.458879,0.494564,0.169335,0.295841,0.325240,0.459000,0.205228
3440,0,0.591213,0.387690,0.425001,0.392769,0.259960,0.638528,0.488615,0.595450,0.246562
3441,0,0.000929,0.455612,0.440299,0.482141,0.237697,0.232295,0.064992,0.090222,0.214940
3442,1,0.587542,0.430006,0.459683,0.491911,0.281576,0.606692,0.540795,0.568750,0.402362
3443,0,0.520037,0.377940,0.445026,0.439660,0.258619,0.540963,0.520487,0.591519,0.488020
3444,1,0.078485,0.491842,0.518160,0.536167,0.444162,0.286475,0.283725,0.373990,0.127155
3445,0,0.184511,0.353840,0.438940,0.491275,0.361484,0.365128,0.443191,0.487408,0.227593
3447,0,0.009748,0.374147,0.446354,0.491904,0.256319,0.229890,0.123350,0.396288,0.171956
3448,1,0.446984,0.417217,0.484584,0.486885,0.376476,0.514012,0.588694,0.585916,0.377187
3449,0,0.544554,0.473210,0.480339,0.507138,0.297776,0.576790,0.536898,0.614021,0.459679
3450,1,0.464256,0.401294,0.440486,0.353651,0.232995,0.512165,0.424808,0.515395,0.302644
3451,0,0.020317,0.273194,0.381334,0.423809,0.342441,0.175955,0.137092,0.286512,0.086925
3452,1,0.484118,0.329011,0.414712,0.444138,0.216962,0.544090,0.446370,0.507806,0.336831
3453,1,0.312009,0.377612,0.409425,0.413942,0.253442,0.472269,0.431938,0.583912,0.142453
3455,0,0.584117,0.429833,0.509079,0.504138,0.341293,0.621491,0.523086,0.588945,0.501868
3456,1,0.254534,0.450153,0.468819,0.467907,0.225251,0.536378,0.441916,0.525730,0.463147
3458,0,0.032321,0.320066,0.406840,0.511441,0.185153,0.239223,0.181300,0.380977,0.188403
3459,0,0.006531,0.349441,0.401479,0.473971,0.208913,0.189811,0.085868,0.120134,0.086393
3460,0,0.444812,0.399093,0.427610,0.417678,0.236080,0.518558,0.517408,0.585253,0.499946
3461,0,0.086506,0.397638,0.453866,0.457174,0.322705,0.308843,0.323399,0.427241,0.198351
3462,0,0.364916,0.384584,0.433799,0.403192,0.203372,0.533316,0.440000,0.569923,0.366235
3463,0,0.150064,0.441647,0.442839,0.479330,0.288262,0.448642,0.440373,0.516909,0.216466
3464,1,0.173600,0.364543,0.434770,0.456906,0.255065,0.340474,0.390031,0.530624,0.319558
3465,0,0.385619,0.395091,0.418657,0.473278,0.269620,0.464613,0.411874,0.546263,0.339268
3466,0,0.421372,0.382521,0.429467,0.457980,0.240867,0.531867,0.504909,0.576321,0.326084
3469,1,0.033944,0.385760,0.433159,0.455406,0.280963,0.206568,0.139401,0.242575,0.025520
3470,0,0.027548,0.356139,0.437221,0.435741,0.233860,0.266531,0.184344,0.358061,0.144094
3473,1,0.073109,0.310346,0.420705,0.437740,0.187504,0.242051,0.226349,0.351558,0.108421
3474,0,0.061000,0.422962,0.454357,0.502104,0.286852,0.277113,0.294485,0.327142,0.169428
3475,0,0.041202,0.430894,0.445751,0.415931,0.264931,0.210919,0.180515,0.366271,0.103233
3476,0,0.006380,0.422623,0.441248,0.456681,0.334632,0.256314,0.071899,0.137601,0.159473
3477,0,0.000395,0.433587,0.480356,0.510130,0.327324,0.255195,0.039253,0.138744,0.265728
3478,1,0.557614,0.395661,0.479041,0.495226,0.263259,0.575152,0.495912,0.575879,0.378324
3479,0,0.046265,0.425932,0.443792,0.469325,0.345405,0.297024,0.168480,0.375855,0.113715
3480,0,0.289786,0.435215,0.471904,0.510315,0.270612,0.495359,0.499473,0.537500,0.249618
3481,0,0.234893,0.463619,0.512268,0.565172,0.312728,0.430129,0.479376,0.539422,0.231296
3482,0,0.011026,0.458126,0.445090,0.517195,0.263070,0.281061,0.148172,0.322466,0.205414
3483,0,0.177668,0.414208,0.437544,0.386919,0.385563,0.411636,0.386193,0.444797,0.106778
3486,0,0.209289,0.484308,0.516580,0.530923,0.466280,0.467334,0.472241,0.534048,0.212712
3487,0,0.251975,0.532067,0.504873,0.491260,0.429307,0.554047,0.540237,0.563115,0.333023
3488,0,0.002791,0.392665,0.457468,0.486076,0.402740,0.192801,0.080294,0.140144,0.146949
3489,1,0.509697,0.471534,0.518550,0.523703,0.283422,0.600477,0.507788,0.597272,0.540532
3490,0,0.001606,0.442712,0.422574,0.339294,0.278161,0.218559,0.054911,0.095871,0.130280
3492,0,0.461416,0.404284,0.470258,0.490268,0.337439,0.555373,0.523457,0.575814,0.352069
3493,1,0.590140,0.336516,0.398557,0.521091,0.248970,0.500896,0.435030,0.599668,0.352687
3494,0,0.162481,0.439305,0.450655,0.496299,0.307293,0.416696,0.413861,0.523449,0.265831
3495,1,0.113134,0.334960,0.439721,0.482131,0.214506,0.281989,0.315367,0.467343,0.221014
3496,0,0.003155,0.348839,0.428066,0.409540,0.259710,0.185876,0.052460,0.107781,0.052718
3497,0,0.155939,0.417517,0.446584,0.447782,0.300470,0.359682,0.446640,0.479934,0.185027
3498,0,0.015353,0.435904,0.458180,0.529563,0.274926,0.242723,0.205003,0.391410,0.242359
3499,0,0.005085,0.354352,0.437010,0.475890,0.226466,0.168464,0.026350,0.204862,0.143160
3500,0,0.201193,0.452929,0.473179,0.467808,0.193545,0.510835,0.386024,0.519030,0.307696
3501,0,0.554778,0.424002,0.485451,0.572567,0.268928,0.618306,0.561082,0.602170,0.704551
3502,0,0.066891,0.524659,0.465786,0.365999,0.309877,0.346152,0.320882,0.388437,0.199432
3503,0,0.082159,0.369880,0.437948,0.309631,0.240334,0.277097,0.299091,0.457569,0.221701
3504,1,0.607043,0.445068,0.460951,0.517843,0.412563,0.560948,0.486995,0.579044,0.378705
3505,0,0.004307,0.420936,0.431797,0.385289,0.247240,0.246419,0.040306,0.109771,0.053080
3507,0,0.612544,0.479275,0.444808,0.519132,0.357588,0.630602,0.469662,0.520376,0.421801
3508,1,0.589016,0.477453,0.468820,0.522785,0.274362,0.679056,0.476369,0.597524,0.466278
3509,0,0.165829,0.401890,0.457366,0.427643,0.240825,0.427898,0.401392,0.528747,0.295896
3510,0,0.281664,0.409087,0.455512,0.459251,0.290804,0.558278,0.480114,0.541730,0.445571
3511,0,0.028381,0.401590,0.423335,0.403564,0.207497,0.255767,0.166658,0.316518,0.120583
3512,1,0.125704,0.424394,0.488512,0.475930,0.245382,0.427708,0.436628,0.583643,0.221219
3513,0,0.028852,0.381204,0.377954,0.436090,0.223444,0.274160,0.211484,0.340188,0.124781
3516,0,0.459070,0.593089,0.521860,0.494530,0.513550,0.677554,0.537661,0.572715,0.567800
3517,0,0.388627,0.429371,0.449796,0.501649,0.204026,0.546278,0.472330,0.499999,0.377081
3519,0,0.268233,0.449911,0.470174,0.479533,0.371382,0.521330,0.521525,0.554218,0.328800
3521,0,0.232419,0.403125,0.435758,0.433242,0.364598,0.433423,0.434815,0.496867,0.338493
3522,1,0.384185,0.453819,0.429384,0.407685,0.184349,0.541460,0.487463,0.544408,0.452149
3523,0,0.336971,0.451305,0.499038,0.474683,0.258028,0.512868,0.528034,0.582433,0.391553
3524,0,0.059869,0.434604,0.430617,0.428561,0.283085,0.280018,0.233337,0.459169,0.190064
3525,0,0.033683,0.496174,0.477446,0.492631,0.347610,0.331928,0.118206,0.304423,0.174521
3527,0,0.052170,0.446096,0.498138,0.477025,0.434680,0.262735,0.210894,0.361847,0.180292
3529,0,0.014011,0.457185,0.460528,0.497263,0.272948,0.297459,0.279206,0.465042,0.275641
3531,0,0.506556,0.480790,0.472064,0.491464,0.299386,0.626864,0.543869,0.582310,0.439560
3532,1,0.672108,0.619878,0.462049,0.456888,0.472761,0.656177,0.416581,0.580720,0.526297
3533,0,0.143289,0.386908,0.424554,0.309076,0.241329,0.367581,0.329323,0.495708,0.209693
3534,0,0.234390,0.423708,0.425489,0.454260,0.257144,0.469028,0.401527,0.498755,0.251247
3535,0,0.041929,0.353353,0.440864,0.454847,0.297474,0.257905,0.198538,0.394477,0.105739
3537,0,0.181583,0.470670,0.463406,0.447253,0.306015,0.478160,0.448407,0.505184,0.352815
3538,0,0.009293,0.342652,0.421812,0.432523,0.258983,0.209022,0.091105,0.102160,0.122355
3539,0,0.147850,0.383201,0.379664,0.327974,0.225728,0.346338,0.242925,0.489046,0.221485
3540,0,0.042875,0.495084,0.443082,0.484893,0.338673,0.343942,0.246734,0.385629,0.178296
3541,0,0.040734,0.304287,0.357302,0.263356,0.204207,0.222486,0.202666,0.299204,0.190887
3542,0,0.074258,0.391794,0.433896,0.480114,0.277935,0.297316,0.388874,0.423330,0.111391
3544,0,0.125392,0.470395,0.441504,0.403172,0.279478,0.426675,0.345281,0.467273,0.273753
3545,1,0.056769,0.463236,0.441356,0.459102,0.246105,0.362457,0.274466,0.381114,0.188627
3548,0,0.007491,0.481426,0.479311,0.508471,0.251291,0.268631,0.082489,0.187790,0.129529
3549,0,0.342081,0.444540,0.420578,0.467811,0.210017,0.565644,0.413925,0.560573,0.228445
3550,0,0.245281,0.580174,0.492429,0.523076,0.377582,0.569991,0.521485,0.561118,0.330240
3552,0,0.502911,0.452178,0.483910,0.494020,0.215351,0.654788,0.516532,0.606049,0.437197
3553,1,0.258794,0.445650,0.488866,0.497912,0.346515,0.446050,0.460107,0.573751,0.215018
3554,0,0.200947,0.525314,0.485721,0.493712,0.363282,0.509763,0.444068,0.544359,0.396584
3555,1,0.013162,0.483154,0.443492,0.475796,0.489677,0.265008,0.180578,0.308436,0.159504
3556,0,0.067726,0.422884,0.483198,0.447745,0.252330,0.357028,0.375806,0.446140,0.176000
3558,0,0.481127,0.402579,0.432664,0.481969,0.242319,0.576516,0.487067,0.605922,0.359828
3560,1,0.649040,0.510406,0.490448,0.491167,0.350616,0.693160,0.579107,0.643776,0.608194
3561,0,0.100354,0.404160,0.461957,0.496979,0.243548,0.322834,0.365937,0.479360,0.195573
3562,0,0.658954,0.496742,0.496741,0.506923,0.301040,0.712665,0.642518,0.707404,0.505265
3563,1,0.143796,0.461882,0.491860,0.483318,0.296110,0.440897,0.430288,0.443403,0.282229
3565,0,0.434110,0.407055,0.440472,0.523084,0.284832,0.583718,0.466009,0.558801,0.320301
3566,0,0.121160,0.442783,0.442909,0.472736,0.290512,0.418448,0.395240,0.480909,0.266134
3567,0,0.589342,0.469168,0.460457,0.477457,0.363389,0.646213,0.518764,0.616501,0.506322
3568,1,0.372140,0.475287,0.427169,0.495421,0.357760,0.661970,0.450099,0.591072,0.250363
3569,1,0.586570,0.517267,0.476721,0.428007,0.262659,0.640748,0.483724,0.512614,0.549423
3571,0,0.021952,0.523643,0.477888,0.505986,0.352218,0.345706,0.174177,0.339348,0.195494
3573,0,0.004759,0.427939,0.460441,0.435553,0.343278,0.262337,0.025847,0.124302,0.093845
3574,0,0.456804,0.528829,0.513335,0.511282,0.450810,0.633373,0.604863,0.592379,0.520122
3575,0,0.307820,0.449585,0.487822,0.476470,0.274063,0.584849,0.528219,0.558657,0.386860
3576,0,0.023542,0.357584,0.416791,0.424100,0.225732,0.207227,0.122603,0.309279,0.116381
3577,1,0.533990,0.467482,0.450675,0.445448,0.359588,0.613848,0.494382,0.612763,0.575808
3578,0,0.355816,0.358098,0.437588,0.426799,0.326119,0.518798,0.471260,0.557028,0.255872
3579,0,0.126534,0.410491,0.448569,0.461610,0.276909,0.392281,0.371553,0.488302,0.170634
3580,0,0.008373,0.373343,0.440102,0.487606,0.262515,0.218928,0.120267,0.165271,0.146183
3581,0,0.227580,0.420658,0.459773,0.443980,0.320670,0.492657,0.453810,0.497368,0.266737
3583,1,0.412158,0.412622,0.445871,0.474937,0.272477,0.562034,0.394815,0.541984,0.453040
3584,0,0.315572,0.475962,0.476605,0.505040,0.331548,0.554676,0.485065,0.575375,0.295615
3585,0,0.408472,0.472972,0.482871,0.515512,0.289129,0.609101,0.478717,0.606970,0.322066
3586,0,0.054864,0.360329,0.377517,0.415893,0.227935,0.212853,0.175524,0.302171,0.105082
3587,0,0.025929,0.420330,0.483742,0.522210,0.349092,0.263166,0.296574,0.417927,0.325306
3588,1,0.451740,0.462692,0.468597,0.484025,0.304334,0.617164,0.490751,0.540231,0.441449
3589,0,0.362065,0.516655,0.432456,0.444007,0.276172,0.662352,0.426723,0.556674,0.276151
3590,1,0.552587,0.444139,0.434925,0.421336,0.278067,0.622840,0.464361,0.528997,0.440591
3591,0,0.140515,0.382561,0.427370,0.435044,0.210375,0.345297,0.368185,0.493791,0.214328
3592,1,0.337177,0.503445,0.484777,0.531427,0.408187,0.597621,0.480869,0.582317,0.470425
3593,0,0.270345,0.436481,0.476424,0.487875,0.237194,0.515902,0.453032,0.575772,0.395655
3594,0,0.454666,0.423613,0.466241,0.459044,0.301856,0.605184,0.524559,0.616470,0.538991
3596,0,0.000891,0.378255,0.416264,0.431813,0.233419,0.240311,0.051514,0.178366,0.114134
3597,1,0.603421,0.423441,0.427072,0.459534,0.263184,0.598487,0.548953,0.615099,0.496881
3599,0,0.097670,0.466789,0.468853,0.462259,0.339528,0.390485,0.345134,0.467649,0.335693
3600,1,0.012073,0.522582,0.489513,0.538797,0.386693,0.273624,0.118230,0.282534,0.076112
3601,0,0.291115,0.564326,0.527624,0.531706,0.399302,0.630207,0.545017,0.595195,0.585942
3602,0,0.125848,0.586855,0.525297,0.514762,0.352555,0.507467,0.539627,0.592983,0.394628
3603,1,0.232254,0.538413,0.523978,0.533973,0.385597,0.519829,0.487101,0.534102,0.495350
3605,1,0.247246,0.666830,0.535260,0.544512,0.489684,0.684652,0.587511,0.590438,0.664943
3606,0,0.142543,0.446341,0.472219,0.468130,0.341026,0.365912,0.458528,0.520460,0.300503
3608,1,0.350574,0.562374,0.555893,0.587371,0.394376,0.598916,0.612212,0.597211,0.514192
3609,0,0.125648,0.491185,0.484048,0.479879,0.342807,0.441478,0.404019,0.536639,0.259252
3610,0,0.447935,0.534942,0.555194,0.568770,0.346730,0.613793,0.606306,0.642437,0.595868
3611,0,0.398123,0.565667,0.485659,0.501170,0.468485,0.611629,0.480100,0.590812,0.236874
3612,0,0.045125,0.560111,0.501867,0.539082,0.352680,0.374946,0.255332,0.411825,0.230986
3613,1,0.418688,0.495855,0.496892,0.512692,0.308914,0.628014,0.514193,0.618072,0.341228
3614,0,0.376636,0.520460,0.496562,0.514300,0.291462,0.645014,0.491479,0.593505,0.498933
3616,0,0.443951,0.396213,0.412952,0.384844,0.198762,0.572597,0.490121,0.575697,0.435149
3617,1,0.451343,0.552396,0.512510,0.527602,0.365420,0.698899,0.564793,0.634520,0.590164
3618,0,0.048025,0.626022,0.558995,0.543054,0.428001,0.431548,0.238274,0.381045,0.279828
3619,1,0.170774,0.578244,0.527638,0.531367,0.296101,0.507117,0.512160,0.541555,0.347673
3620,0,0.549304,0.620397,0.526054,0.517311,0.405049,0.716568,0.541597,0.591039,0.570877
3621,0,0.000673,0.480060,0.490157,0.456000,0.398060,0.226074,0.055568,0.097550,0.318830
3622,1,0.477987,0.523314,0.477611,0.500288,0.433766,0.673528,0.467676,0.498626,0.448697
3623,0,0.471691,0.597305,0.512474,0.537327,0.347240,0.708581,0.497957,0.592378,0.645391
3624,0,0.142830,0.577002,0.528055,0.564544,0.428012,0.502807,0.530045,0.550440,0.457226
3625,0,0.186938,0.554150,0.497133,0.548859,0.253521,0.476577,0.462364,0.536657,0.222239
3626,1,0.410153,0.469379,0.519253,0.531455,0.216036,0.551693,0.597253,0.589382,0.407279
3627,0,0.098648,0.575715,0.460467,0.483894,0.410661,0.452831,0.385587,0.491838,0.281868
3629,0,0.002731,0.606672,0.520262,0.557346,0.405945,0.358020,0.109459,0.215045,0.238917
3630,0,0.331514,0.531406,0.487788,0.519449,0.344391,0.637983,0.533680,0.590526,0.532705
3631,1,0.636959,0.445446,0.522492,0.561119,0.363016,0.651611,0.494869,0.596036,0.546706
3632,0,0.056341,0.549849,0.514172,0.523372,0.341545,0.332612,0.357448,0.541537,0.320822
3635,1,0.164565,0.459463,0.469784,0.479222,0.265179,0.426446,0.405781,0.478511,0.109939
3636,0,0.017891,0.595145,0.516499,0.518432,0.339556,0.414168,0.187320,0.334461,0.236877
3638,0,0.004938,0.522908,0.489279,0.524310,0.465296,0.265496,0.117670,0.194401,0.180979
3639,0,0.268233,0.572053,0.500960,0.590491,0.392923,0.623465,0.543101,0.576882,0.386035
3641,0,0.556082,0.527414,0.493539,0.486711,0.443756,0.608137,0.504418,0.603282,0.587363
3643,1,0.510978,0.481822,0.463607,0.509224,0.396057,0.612063,0.491097,0.582845,0.446026
3645,1,0.072032,0.500124,0.461517,0.489225,0.207884,0.385186,0.313708,0.364018,0.228494
3646,0,0.097802,0.441886,0.496428,0.540283,0.329083,0.286073,0.426779,0.479662,0.170990
3647,0,0.414589,0.471765,0.467637,0.482217,0.391846,0.483931,0.479974,0.539050,0.580192
3648,0,0.060720,0.461039,0.463219,0.483687,0.266533,0.345843,0.239361,0.310674,0.169119
3649,1,0.152774,0.531404,0.492790,0.495758,0.370506,0.427818,0.407264,0.487067,0.285092
3650,1,0.399103,0.524442,0.504970,0.565056,0.377947,0.605528,0.529544,0.584431,0.533239
3651,0,0.554868,0.587502,0.520519,0.509013,0.389258,0.715282,0.546557,0.602013,0.691378
3652,1,0.212539,0.503446,0.491677,0.529734,0.356275,0.532500,0.522323,0.580049,0.470078
3653,0,0.249685,0.539459,0.519633,0.494869,0.316946,0.462565,0.462567,0.487559,0.269150
3654,0,0.093131,0.541500,0.492212,0.499464,0.412068,0.387916,0.423654,0.538244,0.225346
3655,1,0.373200,0.456742,0.471628,0.498903,0.300437,0.550462,0.468442,0.558497,0.338441
3656,0,0.094083,0.444237,0.504361,0.495362,0.319427,0.395742,0.447054,0.508709,0.259327
3657,0,0.346337,0.472908,0.484638,0.520877,0.310836,0.545067,0.452783,0.546626,0.301503
3658,1,0.145419,0.387547,0.433954,0.472701,0.258560,0.369701,0.374591,0.514999,0.438839
3659,0,0.405843,0.566784,0.502451,0.520833,0.516086,0.635796,0.497376,0.618576,0.321209
3660,0,0.212432,0.603131,0.516209,0.470394,0.445784,0.600439,0.529515,0.501719,0.489871
3661,0,0.411183,0.550421,0.510389,0.518500,0.429210,0.649787,0.546060,0.562425,0.514826
3662,0,0.416269,0.638415,0.518280,0.527537,0.458989,0.696284,0.527752,0.568554,0.399363
3663,1,0.376087,0.438279,0.494312,0.538017,0.318623,0.496222,0.513760,0.582661,0.288592
3665,0,0.526302,0.566985,0.534882,0.498587,0.448842,0.645489,0.507886,0.573527,0.388482
3666,0,0.241800,0.502584,0.492083,0.487436,0.371662,0.471565,0.443473,0.511826,0.265211
3667,0,0.460052,0.543207,0.471769,0.469303,0.249546,0.659290,0.493454,0.546740,0.365012
3668,1,0.275400,0.542855,0.460420,0.468597,0.320191,0.566559,0.435096,0.545598,0.250036
3669,1,0.316171,0.524414,0.499992,0.507548,0.364206,0.578368,0.492113,0.582851,0.361389
3670,1,0.137846,0.457768,0.442222,0.424635,0.206183,0.381857,0.331157,0.462019,0.186692
3671,0,0.198700,0.567094,0.482280,0.464388,0.381480,0.523327,0.449753,0.542061,0.370186
3672,0,0.282745,0.553181,0.494805,0.472699,0.379868,0.587886,0.495652,0.549350,0.309856
3673,0,0.323286,0.429518,0.457829,0.441926,0.436697,0.497485,0.437605,0.542103,0.370147
3674,0,0.413205,0.550912,0.517334,0.508124,0.302350,0.650553,0.515286,0.566445,0.402203
3675,1,0.174238,0.476715,0.497212,0.517429,0.399735,0.455811,0.492979,0.545534,0.342311
3676,0,0.540284,0.440571,0.471118,0.458388,0.357539,0.570542,0.517624,0.575480,0.355181
3677,0,0.005515,0.549335,0.486601,0.486528,0.355586,0.309932,0.101812,0.121763,0.200467
3678,1,0.476377,0.596455,0.502800,0.532817,0.395908,0.629830,0.568046,0.642355,0.579374
3679,1,0.260084,0.623646,0.509287,0.512595,0.411541,0.602280,0.485322,0.574224,0.485206
3680,0,0.612101,0.513549,0.488057,0.500528,0.318048,0.647683,0.600119,0.584958,0.553248
3682,1,0.560869,0.565929,0.502375,0.529387,0.381925,0.693156,0.512893,0.640504,0.495308
3683,0,0.093198,0.575731,0.478348,0.466463,0.335959,0.471102,0.385206,0.513703,0.238160
3684,0,0.380281,0.545618,0.507885,0.499647,0.452577,0.618708,0.518814,0.567770,0.463262
3685,0,0.049751,0.484640,0.495325,0.503454,0.352981,0.298220,0.222537,0.277050,0.164821
3686,1,0.044374,0.560524,0.509133,0.537689,0.440885,0.376182,0.229493,0.388064,0.252353
3687,0,0.000592,0.589641,0.508029,0.522879,0.352928,0.328294,0.058878,0.106037,0.294498
3688,1,0.461326,0.588012,0.473171,0.473772,0.438384,0.691702,0.501636,0.593750,0.325803
3689,1,0.645720,0.475235,0.484611,0.434023,0.396518,0.669724,0.473308,0.600757,0.480159
3690,0,0.048077,0.491741,0.533769,0.521693,0.348107,0.300250,0.232284,0.348962,0.139158
3691,0,0.312411,0.538138,0.507541,0.504103,0.291817,0.629477,0.496128,0.574236,0.356455
3692,0,0.003445,0.542422,0.494652,0.523792,0.404487,0.295867,0.059972,0.138480,0.234726
3693,0,0.192960,0.523389,0.486894,0.499201,0.492988,0.481676,0.441725,0.507003,0.241811
3695,0,0.159925,0.561862,0.486424,0.491599,0.462958,0.499189,0.482029,0.534880,0.350053
3696,0,0.383814,0.534702,0.503852,0.513670,0.293167,0.612606,0.546062,0.532943,0.492230
3698,0,0.402956,0.613653,0.531396,0.553948,0.423753,0.732140,0.586187,0.590526,0.665574
3700,0,0.589523,0.526602,0.538861,0.586197,0.373348,0.590464,0.554667,0.622147,0.436998
3701,1,0.687076,0.545457,0.534030,0.548376,0.257136,0.589456,0.490331,0.543606,0.402615
3702,1,0.676956,0.513551,0.508943,0.537051,0.355061,0.567478,0.555793,0.551214,0.368368
3703,0,0.003965,0.492064,0.501999,0.483903,0.365668,0.233448,0.039467,0.117394,0.088715
3704,0,0.639709,0.484748,0.508250,0.463336,0.374720,0.572274,0.481415,0.486245,0.597077
3705,1,0.578166,0.499024,0.505534,0.526535,0.369268,0.622493,0.568671,0.631679,0.472056
3706,0,0.629524,0.503481,0.494699,0.521236,0.320805,0.521031,0.426182,0.441513,0.312942
3710,1,0.018899,0.452282,0.487807,0.490003,0.264003,0.297046,0.218930,0.344306,0.123276
3711,0,0.568052,0.419034,0.468354,0.434539,0.266710,0.566741,0.515170,0.595854,0.334429
3713,0,0.413399,0.466172,0.492416,0.482574,0.241874,0.563630,0.512889,0.524026,0.430500
3714,0,0.707334,0.449470,0.485245,0.451134,0.301737,0.553985,0.450284,0.462834,0.497309
3715,0,0.232377,0.497676,0.488545,0.454818,0.355750,0.478227,0.452361,0.554447,0.224919
3716,0,0.271739,0.443992,0.505714,0.478958,0.346081,0.464535,0.441280,0.474493,0.406274
3717,0,0.049481,0.479276,0.489563,0.415737,0.398003,0.308022,0.221609,0.311324,0.258947
3718,0,0.656845,0.463490,0.495426,0.525574,0.241058,0.455033,0.475455,0.543472,0.471646
3719,0,0.085366,0.399105,0.461620,0.478005,0.255103,0.284619,0.312426,0.485315,0.258406
3720,0,0.676338,0.460051,0.505218,0.541135,0.245970,0.569199,0.461194,0.564527,0.320445
3721,1,0.666881,0.434391,0.450535,0.492152,0.322962,0.598521,0.454640,0.488973,0.461713
3725,0,0.216044,0.486093,0.458255,0.418327,0.342116,0.451270,0.430145,0.463767,0.191747
3726,0,0.611879,0.469162,0.538233,0.535525,0.415595,0.634432,0.599310,0.628447,0.551901
3728,0,0.670146,0.421888,0.437347,0.400607,0.221151,0.514194,0.394263,0.459294,0.464416
3731,0,0.020597,0.434073,0.501596,0.480276,0.221146,0.233415,0.205644,0.343552,0.245282
3732,0,0.620950,0.427765,0.473397,0.463097,0.389554,0.513298,0.414356,0.475485,0.229237
3733,1,0.536174,0.489402,0.495352,0.542423,0.369996,0.640565,0.553290,0.583513,0.418966
3734,0,0.433344,0.491810,0.489771,0.534444,0.323395,0.561787,0.546395,0.504943,0.369571
3737,1,0.587619,0.532280,0.481542,0.521411,0.325993,0.586281,0.459466,0.451207,0.371006
3738,0,0.616521,0.468695,0.492248,0.458497,0.369810,0.633897,0.511312,0.584680,0.506179
3739,1,0.345273,0.537532,0.530422,0.561791,0.502780,0.578795,0.549658,0.577138,0.458030
3740,0,0.647219,0.460521,0.517584,0.535550,0.387619,0.539944,0.522045,0.539701,0.471120
3742,1,0.513736,0.458449,0.489285,0.465556,0.335922,0.536279,0.475626,0.525005,0.479381
3743,0,0.630994,0.551562,0.532037,0.566142,0.385641,0.667898,0.563918,0.589862,0.479343
3744,0,0.448484,0.444088,0.477383,0.523130,0.224227,0.494514,0.461095,0.513773,0.232981
3745,0,0.587484,0.548643,0.532553,0.551006,0.368907,0.636125,0.557890,0.594013,0.618382
3746,0,0.653311,0.568445,0.519969,0.569620,0.391613,0.642770,0.550513,0.636672,0.401311
3747,0,0.008189,0.440261,0.456767,0.449592,0.285166,0.169756,0.184912,0.237091,0.260943
3748,0,0.369281,0.490822,0.518169,0.544309,0.253391,0.596693,0.534385,0.588739,0.283193
3749,0,0.002840,0.466320,0.489232,0.533015,0.201293,0.269472,0.076779,0.117749,0.095580
3750,0,0.616521,0.468967,0.435429,0.459527,0.312706,0.564722,0.408354,0.422991,0.286582
3751,0,0.581813,0.521799,0.498010,0.501149,0.282361,0.661421,0.553702,0.604558,0.354030
3752,0,0.491427,0.511196,0.491674,0.468721,0.319063,0.669279,0.561679,0.587779,0.537951
3753,0,0.656845,0.484884,0.494392,0.482087,0.357465,0.611988,0.517413,0.565710,0.492392
3754,0,0.570437,0.633926,0.536736,0.516287,0.328753,0.687531,0.510380,0.557684,0.450331
3755,0,0.637470,0.416449,0.489877,0.485408,0.266870,0.507225,0.571795,0.649008,0.323890
3756,0,0.299464,0.400796,0.439459,0.358643,0.228293,0.456019,0.411955,0.494314,0.390409
3757,0,0.589271,0.515972,0.536061,0.519514,0.374102,0.583390,0.542783,0.557353,0.378774
3758,0,0.145885,0.573408,0.513130,0.537755,0.480171,0.424202,0.409955,0.520772,0.178356
3759,0,0.656845,0.577235,0.552514,0.585985,0.359282,0.683661,0.536226,0.586149,0.493523
3760,0,0.605938,0.527206,0.493679,0.476087,0.311174,0.583195,0.424217,0.519394,0.489053
3761,1,0.041166,0.460790,0.451603,0.468435,0.321337,0.301741,0.204750,0.310115,0.139728
3762,0,0.447905,0.470271,0.482708,0.505698,0.322006,0.542638,0.475303,0.543288,0.292177
3763,0,0.614168,0.519971,0.484757,0.443228,0.286035,0.569562,0.459481,0.441494,0.289284
3764,0,0.306541,0.554137,0.496451,0.514499,0.403014,0.450039,0.447737,0.543297,0.237426
3765,1,0.562437,0.491313,0.450863,0.470437,0.341369,0.608838,0.545092,0.602599,0.310924
3767,1,0.514452,0.496878,0.482909,0.495477,0.313762,0.518211,0.464936,0.664511,0.269222
3768,0,0.538170,0.442466,0.447796,0.407125,0.286080,0.551528,0.430266,0.541126,0.323730
3769,0,0.696401,0.486316,0.485453,0.468640,0.363123,0.700959,0.572003,0.641613,0.723190
3770,0,0.499608,0.485611,0.455847,0.490584,0.399290,0.527026,0.420939,0.398117,0.379873
3771,0,0.610928,0.442368,0.413036,0.424537,0.241905,0.602526,0.451263,0.478923,0.564229
3772,0,0.591196,0.497289,0.510374,0.491582,0.296845,0.568239,0.462576,0.471842,0.320560
3774,0,0.249603,0.504243,0.498850,0.503701,0.346167,0.580138,0.542188,0.557586,0.396095
3775,0,0.614128,0.468004,0.493017,0.494175,0.236096,0.501272,0.429868,0.415961,0.445556
3776,0,0.627691,0.581157,0.514464,0.540690,0.408690,0.663549,0.547936,0.595648,0.569991
3780,0,0.560850,0.591400,0.546531,0.541694,0.349757,0.604431,0.562341,0.573148,0.418906
3781,1,0.263105,0.492477,0.464274,0.468942,0.275846,0.454282,0.425872,0.508332,0.371491
3784,0,0.653049,0.487564,0.439962,0.491251,0.407970,0.583417,0.353303,0.466761,0.358141
3785,0,0.015142,0.506008,0.498007,0.503081,0.410961,0.271385,0.264553,0.333886,0.112443
3786,0,0.612452,0.598862,0.477572,0.516662,0.424995,0.690949,0.453314,0.484606,0.350269
3787,0,0.180340,0.486108,0.495272,0.519652,0.338972,0.485502,0.487429,0.552703,0.369732
3788,1,0.635238,0.474108,0.507941,0.551700,0.379578,0.572584,0.574614,0.592346,0.523051
3789,0,0.627136,0.629744,0.513724,0.524452,0.317353,0.734969,0.496182,0.649854,0.516950
3790,0,0.641951,0.530653,0.520539,0.528281,0.361647,0.660524,0.550412,0.579029,0.494907
3791,0,0.672686,0.537016,0.483436,0.475226,0.342507,0.646205,0.495947,0.493942,0.561651
3792,1,0.477981,0.527929,0.554823,0.522455,0.323115,0.464936,0.440734,0.525629,0.146260
3793,0,0.641951,0.530483,0.472704,0.523139,0.328877,0.548875,0.437489,0.443602,0.295334
3794,1,0.436300,0.504315,0.522859,0.548517,0.430635,0.593774,0.608257,0.613797,0.465602
3795,0,0.380818,0.499746,0.524035,0.555588,0.354955,0.460216,0.511207,0.522959,0.304517
3796,1,0.628931,0.572694,0.479345,0.529256,0.258751,0.627442,0.403446,0.541201,0.377036
3797,1,0.544818,0.490445,0.458751,0.419947,0.335453,0.513481,0.427685,0.548448,0.295110
3800,0,0.054125,0.493217,0.450671,0.465081,0.272828,0.368562,0.269521,0.319365,0.176012
3802,0,0.000542,0.468786,0.470823,0.476618,0.273288,0.306326,0.058065,0.176236,0.121184
3803,0,0.223722,0.434160,0.435948,0.433955,0.259376,0.441952,0.393240,0.399537,0.204079
3804,1,0.042405,0.517219,0.482643,0.489020,0.332534,0.360498,0.239323,0.360970,0.152290
3805,0,0.009138,0.468296,0.487295,0.464009,0.360748,0.270217,0.106495,0.141545,0.144137
3806,1,0.095646,0.509239,0.494677,0.547998,0.302335,0.421738,0.389176,0.509251,0.226073
3807,1,0.508660,0.456533,0.434089,0.474152,0.246858,0.567998,0.508732,0.641148,0.598736
3808,1,0.274678,0.502730,0.476548,0.518077,0.352331,0.479477,0.422431,0.411587,0.379876
3809,0,0.052877,0.481895,0.462263,0.500143,0.338665,0.322904,0.302069,0.287614,0.128435
3811,0,0.472345,0.525201,0.489441,0.515758,0.374355,0.634615,0.593461,0.656429,0.524836
3812,1,0.002064,0.430342,0.454239,0.476531,0.212400,0.244243,0.088779,0.112046,0.181414
3813,0,0.416293,0.430773,0.471425,0.477945,0.309448,0.560732,0.579370,0.525400,0.476241
3816,0,0.001914,0.396669,0.434541,0.482946,0.276398,0.217917,0.043516,0.173565,0.100265
3817,1,0.617028,0.427519,0.452896,0.487053,0.241490,0.608182,0.562820,0.600475,0.514221
3818,1,0.136796,0.430905,0.427074,0.474619,0.266269,0.368772,0.387342,0.441158,0.213008
3819,0,0.029935,0.443576,0.412291,0.464728,0.342987,0.314684,0.188697,0.314657,0.106759
3820,0,0.073694,0.429778,0.420688,0.386812,0.248961,0.318705,0.250031,0.405455,0.201551
3821,0,0.010944,0.453062,0.473480,0.489453,0.232006,0.318272,0.174800,0.364751,0.150483
3823,0,0.558510,0.390927,0.425239,0.442290,0.379432,0.597471,0.518364,0.621605,0.568045
3824,0,0.005461,0.399403,0.424656,0.498567,0.388505,0.232246,0.061649,0.132191,0.138471
3825,1,0.112160,0.405201,0.438744,0.381602,0.308644,0.363428,0.370479,0.517576,0.163902
3826,1,0.360330,0.470648,0.497656,0.536674,0.522955,0.583009,0.561513,0.554406,0.514168
3827,1,0.641762,0.397533,0.429029,0.367329,0.264048,0.616382,0.559163,0.604922,0.552715
3828,1,0.429526,0.451367,0.459263,0.444963,0.317823,0.577170,0.596139,0.605193,0.631244
3830,0,0.111579,0.452264,0.450817,0.508315,0.287339,0.365267,0.417124,0.454444,0.134196
3833,0,0.055551,0.398117,0.410267,0.437358,0.133200,0.282834,0.234938,0.346870,0.225168
3836,0,0.301642,0.458814,0.411481,0.436367,0.243641,0.502547,0.365779,0.477232,0.442113
3837,0,0.155037,0.387775,0.467515,0.444089,0.427178,0.386969,0.420313,0.508242,0.222601
3838,0,0.000423,0.431746,0.461307,0.479955,0.283072,0.224298,0.053873,0.115375,0.133114
3839,0,0.001889,0.406477,0.444389,0.474775,0.318618,0.253048,0.029774,0.110652,0.114160
3840,0,0.025328,0.440972,0.463863,0.495592,0.432677,0.263065,0.161619,0.309298,0.101126
3841,0,0.209115,0.445001,0.430521,0.466319,0.243107,0.487630,0.416062,0.486336,0.236429
3842,0,0.016740,0.424651,0.420291,0.484352,0.376001,0.310584,0.210409,0.311527,0.164778
3844,1,0.319997,0.371254,0.446428,0.461409,0.311540,0.472281,0.452397,0.511494,0.364684
3845,1,0.197041,0.468997,0.467414,0.445073,0.301105,0.453460,0.377327,0.508793,0.275300
3846,1,0.293099,0.414031,0.461139,0.492507,0.220455,0.467724,0.451453,0.501001,0.360545
3847,0,0.555770,0.451693,0.434699,0.371251,0.330846,0.619155,0.539081,0.607868,0.535908
3848,0,0.005513,0.398757,0.394624,0.476965,0.301970,0.262677,0.107611,0.144949,0.203450
3849,0,0.005824,0.483467,0.459966,0.458813,0.305502,0.366373,0.067332,0.127986,0.170358
3850,0,0.410752,0.480515,0.484229,0.532366,0.310013,0.583363,0.539971,0.558772,0.488109
3852,1,0.524931,0.459644,0.390687,0.346173,0.335904,0.649602,0.532650,0.609498,0.338027
3853,0,0.266891,0.459271,0.485938,0.526054,0.321269,0.513234,0.506837,0.525338,0.402894
3854,1,0.069908,0.385596,0.395097,0.454151,0.406392,0.326561,0.291361,0.378756,0.258159
3856,0,0.504092,0.569578,0.526792,0.511805,0.310645,0.712554,0.549805,0.620527,0.550593
3857,1,0.555918,0.441316,0.483178,0.521904,0.286234,0.456421,0.513070,0.584903,0.334164
3858,0,0.044670,0.480976,0.468441,0.564003,0.378074,0.315284,0.325995,0.457544,0.210265
3859,0,0.002201,0.476400,0.456157,0.424918,0.314435,0.245103,0.058987,0.095955,0.075538
3861,0,0.075409,0.465388,0.487198,0.487635,0.330325,0.388828,0.395972,0.432411,0.243166
3863,0,0.185733,0.412339,0.448819,0.432973,0.275974,0.429082,0.383922,0.511816,0.272481
3865,0,0.001844,0.419354,0.345607,0.340748,0.265937,0.254420,0.041235,0.090039,0.134647
3866,1,0.022283,0.431417,0.464370,0.490686,0.300072,0.261656,0.167509,0.296265,0.109244
3867,0,0.004767,0.406128,0.436539,0.489953,0.244378,0.242825,0.044031,0.113213,0.154870
3868,0,0.044483,0.472256,0.457850,0.443149,0.279667,0.305446,0.301817,0.363927,0.147626
3869,0,0.319848,0.455453,0.408663,0.407969,0.246115,0.562293,0.392249,0.502225,0.342044
3870,1,0.613282,0.476372,0.498681,0.536286,0.366832,0.703572,0.567341,0.644916,0.673736
3871,0,0.003315,0.387242,0.436642,0.448129,0.236951,0.260549,0.055093,0.127364,0.116274
3872,1,0.168541,0.550841,0.486787,0.591902,0.321327,0.468210,0.409751,0.534850,0.539728
3873,1,0.002680,0.452858,0.469509,0.438217,0.246534,0.277956,0.059637,0.105266,0.221489
3874,0,0.005932,0.405733,0.440919,0.440619,0.233886,0.244169,0.030721,0.102094,0.072783
3875,1,0.147379,0.482620,0.433763,0.513786,0.323246,0.525947,0.477021,0.568638,0.440500
3876,1,0.588668,0.432975,0.454088,0.477376,0.291501,0.619401,0.556855,0.618135,0.444420
3877,0,0.004255,0.391563,0.413091,0.269673,0.206226,0.261027,0.044607,0.100490,0.246544
3878,0,0.005412,0.384955,0.382349,0.335917,0.229093,0.276235,0.062526,0.103180,0.198374
3879,0,0.005397,0.385541,0.387202,0.351033,0.217105,0.262652,0.059649,0.093360,0.140257
3885,0,0.015625,0.369711,0.387669,0.394401,0.266906,0.216542,0.095826,0.260345,0.110235
3886,0,0.000384,0.410592,0.456580,0.422245,0.298641,0.201705,0.081227,0.245083,0.111602
3887,0,0.009995,0.356462,0.393375,0.418684,0.381726,0.223859,0.071029,0.147184,0.106870
3888,1,0.436343,0.521993,0.492199,0.481496,0.416570,0.650311,0.505417,0.546931,0.470310
3889,0,0.356848,0.524764,0.477499,0.502764,0.314444,0.655068,0.486730,0.605943,0.394945
3890,0,0.060281,0.380943,0.443128,0.417060,0.181185,0.302312,0.270742,0.357734,0.194775
3893,1,0.183187,0.385321,0.441351,0.538722,0.217584,0.391022,0.404655,0.410713,0.236256
3894,0,0.008195,0.380758,0.410952,0.435937,0.253256,0.231401,0.128882,0.198267,0.097491
3895,0,0.001236,0.413332,0.455580,0.507126,0.309349,0.249643,0.039418,0.109122,0.126910
3896,1,0.517926,0.379552,0.438726,0.476178,0.156534,0.624026,0.523852,0.618860,0.567364
3898,1,0.573103,0.421957,0.456412,0.467710,0.339173,0.630426,0.587247,0.593516,0.529702
3899,1,0.428740,0.377091,0.369978,0.335607,0.203199,0.509694,0.448685,0.598831,0.374124
3901,0,0.279328,0.516239,0.498548,0.511356,0.387876,0.564674,0.461145,0.598269,0.226748
3902,0,0.045595,0.465712,0.414134,0.273555,0.379637,0.320137,0.225587,0.223243,0.335604
3904,0,0.073552,0.339044,0.388155,0.412982,0.306994,0.236344,0.250873,0.359346,0.208508
3905,0,0.060907,0.438874,0.466496,0.505868,0.261988,0.301287,0.267688,0.394727,0.144086
3906,0,0.387577,0.375515,0.421076,0.389397,0.193134,0.490128,0.456293,0.514321,0.403955
3907,0,0.030123,0.400217,0.401265,0.421488,0.253153,0.243813,0.168627,0.354969,0.110832
3908,0,0.028198,0.374717,0.333303,0.402725,0.275005,0.271429,0.164302,0.295953,0.176177
3909,0,0.014014,0.331083,0.318498,0.343382,0.150590,0.244369,0.088815,0.220776,0.124165
3910,0,0.014011,0.385338,0.395663,0.429680,0.181717,0.241837,0.162299,0.346732,0.090007
3911,0,0.004563,0.395395,0.296017,0.346955,0.195006,0.229425,0.013226,0.090039,0.285722
3912,0,0.002769,0.366077,0.427411,0.521725,0.248558,0.219927,0.072075,0.189101,0.113645
3913,1,0.444660,0.453567,0.503586,0.476138,0.248025,0.527610,0.536048,0.578932,0.459182
3914,0,0.002362,0.369092,0.413244,0.416788,0.196261,0.253920,0.046578,0.099741,0.105779
3915,1,0.353379,0.440238,0.419755,0.378360,0.320458,0.607529,0.543089,0.585593,0.431152
3916,0,0.018983,0.383010,0.355881,0.329475,0.186893,0.287854,0.168396,0.300729,0.202107
3917,0,0.007883,0.357432,0.357755,0.425894,0.206092,0.246072,0.071970,0.239653,0.056480
3918,0,0.037998,0.390827,0.431957,0.475781,0.296321,0.277198,0.141881,0.263856,0.129697
3919,0,0.092645,0.437713,0.452650,0.478747,0.234004,0.390415,0.353475,0.486504,0.196138
3920,0,0.000282,0.455626,0.439820,0.509901,0.248009,0.294567,0.102743,0.141391,0.139830
3921,0,0.342514,0.340684,0.361198,0.356824,0.199617,0.493477,0.415768,0.492550,0.525125
3922,0,0.069881,0.348928,0.371126,0.323839,0.125409,0.299681,0.290279,0.365513,0.229300
3923,0,0.297485,0.339473,0.338333,0.431113,0.150494,0.489671,0.483290,0.545941,0.313886
3924,0,0.001703,0.451121,0.412703,0.382437,0.315747,0.295690,0.075274,0.095096,0.102665
3925,0,0.017253,0.427833,0.433760,0.398691,0.201609,0.251536,0.138982,0.249374,0.141682
3926,0,0.001301,0.419487,0.467076,0.482953,0.179412,0.243047,0.052865,0.111226,0.152920
3927,0,0.079827,0.464913,0.488526,0.540263,0.309807,0.381616,0.353731,0.432731,0.214518
3928,0,0.420902,0.481112,0.491018,0.553804,0.248922,0.649033,0.536683,0.596543,0.291822
3929,0,0.161832,0.368721,0.416532,0.473488,0.246029,0.380808,0.451393,0.461865,0.348387
3930,0,0.185115,0.420373,0.477218,0.482252,0.298102,0.473995,0.568698,0.597737,0.385066
3932,0,0.014584,0.388439,0.424753,0.548644,0.106520,0.235654,0.134799,0.349567,0.137538
3933,0,0.000760,0.444058,0.474402,0.480077,0.215465,0.246872,0.068428,0.136722,0.198956
3934,0,0.048161,0.399378,0.376954,0.453480,0.219087,0.329979,0.143756,0.338246,0.099064
3935,0,0.001797,0.398292,0.476855,0.503714,0.337006,0.216697,0.040550,0.153325,0.207729
3936,0,0.000764,0.419093,0.454470,0.510441,0.276731,0.219664,0.038597,0.146278,0.083313
3938,0,0.110453,0.451408,0.442940,0.462292,0.218731,0.441473,0.443604,0.579290,0.247966
3939,0,0.004666,0.507543,0.433218,0.442533,0.366089,0.287886,0.090878,0.095909,0.127406
3940,0,0.055299,0.393682,0.508533,0.547370,0.216676,0.267545,0.234604,0.417986,0.189033
3941,0,0.014695,0.289000,0.276504,0.305076,0.208784,0.205548,0.084850,0.211379,0.107409
3942,1,0.158453,0.389241,0.412671,0.450650,0.352000,0.351623,0.386237,0.501776,0.254340
3943,0,0.001682,0.506009,0.416661,0.430918,0.338146,0.285301,0.047681,0.093525,0.161907
3944,0,0.000715,0.378559,0.441098,0.545740,0.191408,0.237388,0.049744,0.124652,0.132012
3945,1,0.087741,0.387159,0.386316,0.400251,0.268584,0.300828,0.286077,0.427438,0.147719
3946,0,0.005036,0.375197,0.402364,0.423625,0.169936,0.234001,0.055716,0.116718,0.143059
3949,1,0.507856,0.378292,0.438363,0.402519,0.301410,0.543877,0.570455,0.649086,0.521187
3950,0,0.000665,0.420265,0.471105,0.566819,0.182662,0.292768,0.053075,0.123848,0.097303
3951,1,0.140255,0.355130,0.465075,0.505766,0.213365,0.365511,0.487819,0.547936,0.140412
3952,0,0.018652,0.479569,0.457739,0.472047,0.274297,0.320715,0.193547,0.304419,0.151643
3953,1,0.146857,0.389843,0.445308,0.446880,0.266889,0.392934,0.437743,0.496852,0.183325
3956,0,0.002106,0.403233,0.326396,0.278273,0.231367,0.261230,0.059395,0.095140,0.235042
3957,0,0.013598,0.372341,0.386843,0.303898,0.242532,0.226351,0.181266,0.387035,0.086708
3958,0,0.048012,0.430503,0.348372,0.281242,0.180163,0.319975,0.165068,0.303729,0.184721
3959,0,0.070370,0.469975,0.440707,0.384539,0.239538,0.338261,0.291438,0.439878,0.237176
3960,0,0.002232,0.395508,0.432717,0.413988,0.285325,0.249110,0.046897,0.125053,0.112966
3961,0,0.008205,0.370474,0.360681,0.398582,0.299651,0.218266,0.096540,0.178193,0.175828
3962,1,0.304438,0.376598,0.422770,0.471973,0.199071,0.549162,0.428548,0.586908,0.310513
3963,0,0.007826,0.370443,0.410990,0.423450,0.240596,0.256695,0.088948,0.178361,0.081741
3965,0,0.005599,0.455203,0.467020,0.474833,0.369370,0.242636,0.043199,0.097965,0.119580
3966,0,0.049517,0.431944,0.432317,0.410241,0.292936,0.352263,0.177958,0.364760,0.138778
3967,0,0.005840,0.423848,0.421485,0.443672,0.289241,0.282768,0.068692,0.154811,0.079571
3968,0,0.006180,0.430870,0.418781,0.489178,0.283068,0.303673,0.106941,0.137571,0.170187
3969,0,0.004449,0.289658,0.373196,0.407561,0.152378,0.171726,0.015539,0.110492,0.074722
3970,0,0.379223,0.396117,0.467192,0.511414,0.303157,0.521612,0.555996,0.591883,0.493336
3971,0,0.007171,0.370187,0.447365,0.463426,0.269855,0.214807,0.107798,0.254469,0.178746
3972,0,0.004900,0.313517,0.328992,0.434549,0.105862,0.208656,0.018244,0.091709,0.101638
3973,0,0.047684,0.363364,0.372878,0.411711,0.091640,0.319574,0.177410,0.278406,0.175415
3975,0,0.145780,0.416248,0.463025,0.507583,0.289730,0.350983,0.410120,0.429746,0.400252
3976,0,0.004783,0.362084,0.418950,0.426868,0.261729,0.196820,0.052413,0.119944,0.064368
3977,1,0.041294,0.496332,0.558307,0.605975,0.417594,0.321770,0.252185,0.335115,0.180936
3978,0,0.001626,0.382001,0.453347,0.381469,0.230941,0.185945,0.036114,0.101002,0.081535
3979,0,0.017390,0.360654,0.376874,0.413667,0.190604,0.261257,0.125283,0.315136,0.152598
3982,0,0.138010,0.367403,0.460124,0.483434,0.336109,0.281672,0.390716,0.481832,0.177171
3983,0,0.001777,0.352212,0.318918,0.329345,0.235985,0.214230,0.021421,0.107291,0.160915
3984,0,0.144964,0.604024,0.600014,0.621135,0.407135,0.563743,0.575696,0.572683,0.381438
3985,0,0.025066,0.427350,0.418884,0.348837,0.205660,0.344157,0.291670,0.340074,0.104428
3986,0,0.113501,0.384786,0.452943,0.484377,0.337947,0.372947,0.415872,0.505862,0.295047
3987,1,0.108687,0.397858,0.451423,0.491801,0.113247,0.336958,0.365633,0.521431,0.228063
3988,1,0.508151,0.365988,0.449297,0.547106,0.209012,0.607930,0.527828,0.644862,0.632889
3989,0,0.377259,0.329567,0.292947,0.327499,0.146140,0.513260,0.414867,0.577026,0.418049
3990,1,0.390619,0.393334,0.448167,0.469753,0.401068,0.472175,0.527470,0.555744,0.371238
3991,1,0.117736,0.425408,0.423963,0.437359,0.313732,0.383362,0.415765,0.514865,0.139346
3992,0,0.006813,0.461637,0.432758,0.453275,0.219795,0.301302,0.028066,0.102434,0.130246
3993,1,0.026279,0.427268,0.416150,0.471106,0.310395,0.314244,0.137105,0.299088,0.139898
3994,1,0.272722,0.367339,0.395030,0.490174,0.343198,0.439887,0.393368,0.488245,0.290794
3995,0,0.000896,0.327648,0.400491,0.392024,0.183689,0.181909,0.047509,0.120877,0.099818
3996,0,0.195543,0.554189,0.435261,0.432988,0.418210,0.566548,0.435042,0.503203,0.394659
3997,0,0.172349,0.563413,0.599252,0.601421,0.468719,0.551960,0.495736,0.502091,0.374913
3998,0,0.032974,0.400853,0.430384,0.511470,0.317155,0.285466,0.199649,0.360543,0.263008
4000,1,0.028973,0.469094,0.488358,0.486017,0.329628,0.257878,0.222501,0.273873,0.096078
4001,0,0.021238,0.409665,0.450766,0.411021,0.341631,0.257636,0.206395,0.364154,0.145462
4002,1,0.562264,0.446521,0.451264,0.468682,0.264286,0.500829,0.415870,0.545025,0.434019
4004,0,0.473612,0.499416,0.526690,0.574938,0.370892,0.675939,0.547433,0.577834,0.472391
4005,0,0.100958,0.437378,0.519814,0.533131,0.326200,0.326042,0.377356,0.372591,0.151157
4006,0,0.000834,0.429279,0.441440,0.504685,0.247171,0.228087,0.141830,0.148404,0.080481
4007,1,0.532351,0.538372,0.531865,0.551607,0.484271,0.653218,0.598438,0.618418,0.522723
4008,0,0.495371,0.436777,0.487035,0.525862,0.294787,0.540050,0.475621,0.535002,0.431619
4009,1,0.260229,0.491624,0.494833,0.558931,0.314239,0.544043,0.523804,0.546918,0.315401
4010,1,0.539076,0.512294,0.501340,0.526328,0.315813,0.647650,0.536074,0.622689,0.472087
4011,0,0.313107,0.524363,0.541447,0.558773,0.400132,0.610139,0.576979,0.572732,0.573378
4012,1,0.111624,0.454053,0.460384,0.546871,0.311993,0.315689,0.370495,0.547630,0.147812
4013,0,0.025525,0.401307,0.453725,0.491839,0.200355,0.233299,0.128185,0.194867,0.071455
4016,0,0.638491,0.524297,0.515544,0.528290,0.353952,0.568476,0.457717,0.569046,0.288671
4018,1,0.636142,0.494913,0.479821,0.500445,0.279247,0.647425,0.465396,0.558581,0.646227
4019,0,0.158453,0.462820,0.519372,0.531833,0.295183,0.379190,0.507785,0.562778,0.258786
4020,0,0.325638,0.460374,0.510066,0.474698,0.441656,0.497370,0.486277,0.562765,0.428777
4021,0,0.119085,0.474737,0.492972,0.471454,0.274623,0.370164,0.353486,0.470366,0.263026
4022,1,0.254248,0.494709,0.447360,0.429251,0.378121,0.523757,0.390652,0.459829,0.385184
4023,0,0.036537,0.409134,0.442131,0.505566,0.271199,0.288842,0.160323,0.299920,0.142202
4024,0,0.317066,0.492905,0.532263,0.498183,0.351895,0.434216,0.490542,0.531497,0.201315
4025,0,0.491240,0.443787,0.440722,0.417054,0.301232,0.532800,0.508492,0.598189,0.369530
4026,0,0.145727,0.488047,0.491065,0.497780,0.405414,0.336710,0.442765,0.469996,0.233743
4027,1,0.503924,0.389825,0.460951,0.518157,0.292938,0.592935,0.564802,0.581109,0.581426
4028,1,0.282561,0.430159,0.513618,0.549470,0.299977,0.466426,0.432672,0.528301,0.194737
4029,0,0.301031,0.478152,0.517878,0.540637,0.378379,0.422746,0.493451,0.546492,0.415066
4030,1,0.647219,0.500934,0.516251,0.542248,0.347329,0.721837,0.618557,0.649566,0.685259
4031,1,0.408161,0.445237,0.457736,0.451741,0.315851,0.460695,0.408667,0.477256,0.291514
4033,0,0.512167,0.538231,0.495613,0.499695,0.285422,0.504655,0.525918,0.605569,0.385938
4034,0,0.409228,0.454311,0.449477,0.419218,0.286578,0.497706,0.430021,0.511244,0.427380
4035,0,0.185725,0.481871,0.526285,0.538441,0.342479,0.459562,0.521180,0.502398,0.341201
4036,0,0.351863,0.467137,0.496555,0.527384,0.283151,0.533249,0.537485,0.556595,0.392927
4037,0,0.044514,0.451796,0.459055,0.513774,0.364206,0.327554,0.186614,0.317544,0.136269
4038,1,0.540042,0.516816,0.507885,0.489052,0.351038,0.623795,0.559136,0.584801,0.636891
4040,1,0.124426,0.488039,0.511341,0.556434,0.347948,0.469043,0.381889,0.494525,0.162324
4041,0,0.546478,0.402290,0.425548,0.427905,0.226681,0.425607,0.356049,0.455828,0.255324
4042,0,0.188348,0.498578,0.524727,0.554991,0.415448,0.436365,0.464237,0.523110,0.264708
4043,0,0.139554,0.491774,0.492800,0.488007,0.331937,0.477820,0.443413,0.537789,0.454469
4044,0,0.000516,0.405665,0.440932,0.433646,0.253929,0.231595,0.039651,0.109488,0.146012
4046,1,0.418318,0.472717,0.471856,0.472477,0.288753,0.573833,0.512213,0.547583,0.393405
4048,0,0.701367,0.517756,0.493632,0.469528,0.376371,0.551664,0.457161,0.574152,0.318098
4050,0,0.412174,0.438598,0.488490,0.555367,0.241533,0.515673,0.537539,0.542640,0.395377
4051,1,0.665098,0.454645,0.507557,0.499085,0.352827,0.541556,0.534396,0.542625,0.553247
4052,0,0.001066,0.395179,0.459946,0.497001,0.271439,0.225517,0.062715,0.140901,0.157344
4053,1,0.585403,0.400011,0.481959,0.523809,0.225515,0.518075,0.520122,0.586110,0.367132
4054,0,0.027125,0.439697,0.476056,0.453191,0.331565,0.271997,0.166605,0.337036,0.189652
4055,0,0.392642,0.580923,0.522614,0.482564,0.376927,0.663477,0.522534,0.579338,0.535993
4056,0,0.376276,0.481855,0.462726,0.494297,0.214515,0.631582,0.496294,0.574678,0.515854
4057,1,0.482496,0.416251,0.483481,0.479695,0.356688,0.516214,0.516800,0.577196,0.452574
4058,0,0.159881,0.491415,0.536843,0.584290,0.300515,0.413559,0.475899,0.508697,0.304400
4059,0,0.024277,0.473688,0.525164,0.486350,0.318407,0.211837,0.227111,0.333874,0.146972
4061,1,0.558039,0.540241,0.515790,0.515230,0.372095,0.624242,0.551664,0.605484,0.448325
4062,1,0.291839,0.379863,0.466717,0.484823,0.296620,0.374049,0.453912,0.513593,0.455080
4063,1,0.139466,0.399675,0.403077,0.409888,0.297621,0.423405,0.426481,0.458170,0.174932
4064,0,0.735366,0.385069,0.422052,0.519793,0.150311,0.531085,0.409845,0.614410,0.298214
4065,0,0.233455,0.458198,0.468887,0.556781,0.249492,0.510761,0.446705,0.610659,0.477368
4066,1,0.586571,0.431437,0.455269,0.472503,0.282805,0.583603,0.559312,0.569713,0.551173
4067,1,0.478169,0.530875,0.495712,0.564591,0.322704,0.649211,0.538461,0.589113,0.512756
4069,0,0.133360,0.510096,0.506108,0.527940,0.384001,0.336462,0.422889,0.491234,0.410584
4072,1,0.493702,0.470036,0.428060,0.402688,0.337825,0.645796,0.486335,0.606540,0.589001
4074,0,0.041118,0.328270,0.406612,0.405480,0.149508,0.237944,0.158791,0.320414,0.136133
4075,0,0.494238,0.479576,0.533146,0.533531,0.390868,0.562932,0.651772,0.642397,0.402995
4076,0,0.001799,0.569458,0.525444,0.552452,0.422556,0.281113,0.029965,0.100818,0.217657
4077,1,0.186019,0.479548,0.491203,0.492488,0.290392,0.478008,0.408057,0.493024,0.223040
4078,1,0.112313,0.520702,0.525223,0.531923,0.388237,0.366608,0.433127,0.510890,0.358980
4079,0,0.637470,0.588739,0.544737,0.574373,0.486421,0.724952,0.659824,0.666824,0.745638
4081,1,0.330341,0.597368,0.567484,0.548397,0.453231,0.670692,0.597312,0.602810,0.539129
4082,0,0.069906,0.395441,0.472600,0.479202,0.325131,0.252722,0.308720,0.417205,0.149125
4086,0,0.593494,0.446548,0.443665,0.429337,0.259203,0.497441,0.445544,0.500881,0.556713
4088,1,0.027935,0.520402,0.529296,0.585521,0.290938,0.343559,0.162442,0.352019,0.181135
4089,0,0.071718,0.451541,0.485890,0.511905,0.321226,0.251718,0.407774,0.479137,0.190030
4091,0,0.618182,0.470241,0.493805,0.542144,0.249928,0.640131,0.483361,0.619477,0.510942
4092,0,0.178924,0.429257,0.447824,0.444570,0.297697,0.400788,0.365808,0.487006,0.185492
4093,0,0.004973,0.397432,0.440421,0.430651,0.341004,0.238493,0.051240,0.137439,0.104421
4094,0,0.326734,0.476818,0.483279,0.446288,0.396931,0.524313,0.497456,0.569984,0.640787
4095,1,0.447723,0.399024,0.464100,0.550313,0.311280,0.623611,0.534466,0.584704,0.375936
4096,1,0.523389,0.525174,0.505740,0.532395,0.475920,0.654495,0.558455,0.604302,0.354661
4098,0,0.015563,0.452898,0.513281,0.520274,0.298839,0.278737,0.203759,0.332419,0.182027
4099,1,0.490230,0.490370,0.464358,0.528942,0.358986,0.545230,0.505059,0.543665,0.597461
4100,0,0.550276,0.550812,0.495804,0.513143,0.384797,0.723577,0.614316,0.621908,0.606629
4101,0,0.495076,0.634928,0.543280,0.579646,0.393014,0.721403,0.583964,0.635377,0.686661
4102,1,0.171779,0.579189,0.514529,0.619586,0.403728,0.498427,0.466003,0.531825,0.448385
4103,0,0.136817,0.533716,0.521346,0.505207,0.347020,0.485866,0.471405,0.554737,0.274228
4104,0,0.287260,0.502332,0.480202,0.403109,0.338516,0.522846,0.491427,0.563447,0.161031
4105,0,0.710337,0.543895,0.510730,0.551614,0.330778,0.638616,0.475217,0.528533,0.246418
4106,0,0.001330,0.577486,0.485084,0.551234,0.349582,0.324750,0.072092,0.116530,0.257319
4107,0,0.082510,0.525853,0.428602,0.337745,0.317476,0.414957,0.314198,0.478894,0.196678
4108,0,0.010620,0.486086,0.498573,0.491262,0.384371,0.279413,0.194198,0.292357,0.159055
4109,0,0.230321,0.595141,0.537892,0.498867,0.505901,0.548637,0.542759,0.538844,0.279695
4110,0,0.535815,0.651491,0.564056,0.571135,0.465668,0.757365,0.616662,0.633563,0.468397
4111,1,0.002088,0.533913,0.457609,0.516947,0.328287,0.305764,0.042290,0.164161,0.209651
4112,0,0.173472,0.552762,0.480267,0.500149,0.293335,0.525423,0.489638,0.543406,0.401574
4113,0,0.101684,0.517277,0.548605,0.533853,0.465114,0.412621,0.491309,0.538281,0.279108
4114,0,0.226052,0.525720,0.474586,0.463775,0.321800,0.519558,0.418580,0.490938,0.368658
4116,0,0.002293,0.443810,0.434001,0.440816,0.304600,0.233412,0.030882,0.111714,0.235210
4117,0,0.035471,0.552284,0.518747,0.610571,0.388527,0.387815,0.359925,0.409264,0.165828
4118,0,0.020759,0.519639,0.525103,0.515890,0.353200,0.296204,0.218607,0.364049,0.250173
4120,1,0.272595,0.525652,0.479064,0.506016,0.419205,0.578165,0.495805,0.536804,0.436650
4121,0,0.001162,0.604398,0.527184,0.518838,0.505161,0.319538,0.019657,0.101046,0.236034
4123,0,0.616632,0.579869,0.513153,0.509195,0.386559,0.719843,0.603808,0.582297,0.611295
4124,1,0.056256,0.413793,0.426882,0.461320,0.266946,0.305924,0.172289,0.303692,0.199786
4126,0,0.002492,0.468407,0.467079,0.454746,0.377024,0.253506,0.069013,0.126032,0.140582
4127,1,0.551321,0.541480,0.534726,0.503874,0.470579,0.599930,0.606539,0.608517,0.420734
4130,1,0.458693,0.541684,0.501183,0.578445,0.393474,0.720153,0.588326,0.607040,0.536753
4132,0,0.371871,0.569087,0.497294,0.442831,0.366842,0.630329,0.509179,0.570355,0.455969
4135,0,0.091182,0.495321,0.474173,0.512199,0.426393,0.359093,0.325708,0.491237,0.244031
4136,1,0.517045,0.559015,0.539440,0.548998,0.354257,0.637601,0.602957,0.646252,0.485608
4137,0,0.000561,0.462271,0.446248,0.441221,0.307619,0.264455,0.063298,0.116110,0.080943
4138,0,0.355483,0.484207,0.468190,0.453560,0.356481,0.524349,0.432410,0.497663,0.407094
4139,0,0.169772,0.465169,0.513160,0.556890,0.231691,0.394793,0.474966,0.547511,0.278811
4140,0,0.226758,0.485750,0.430053,0.373701,0.380617,0.482350,0.462619,0.534173,0.256261
4142,0,0.294705,0.506182,0.534266,0.608348,0.326144,0.455955,0.542853,0.544174,0.437020
4143,1,0.282446,0.587464,0.513732,0.515833,0.423488,0.634351,0.537664,0.507339,0.455052
4144,0,0.001513,0.512433,0.493944,0.508283,0.465115,0.255860,0.055492,0.118473,0.175863
4146,1,0.486137,0.442241,0.504311,0.550856,0.217961,0.546807,0.447520,0.567994,0.129777
4147,0,0.001130,0.495364,0.420589,0.458282,0.317993,0.283263,0.064490,0.127327,0.137030
4148,0,0.005713,0.538378,0.453182,0.477924,0.362306,0.364389,0.084682,0.112711,0.425786
4149,0,0.000753,0.641368,0.529398,0.545690,0.451640,0.376235,0.128822,0.118397,0.257968
4150,0,0.170642,0.572942,0.523448,0.543026,0.318963,0.564710,0.520191,0.566223,0.413374
4151,0,0.000745,0.422164,0.485629,0.537919,0.283273,0.253107,0.068331,0.139381,0.137773
4152,0,0.271765,0.463645,0.489564,0.462378,0.321853,0.543442,0.521290,0.566403,0.523908
4153,0,0.478638,0.490463,0.498540,0.487458,0.498745,0.565717,0.556994,0.605325,0.498350
4154,0,0.011719,0.355449,0.454621,0.483832,0.279056,0.208797,0.138599,0.192530,0.060929
4155,1,0.146544,0.558194,0.476963,0.479379,0.341029,0.550596,0.470040,0.534986,0.419292
4156,1,0.332936,0.545792,0.477030,0.436582,0.296369,0.580907,0.437489,0.445858,0.249312
4157,0,0.011927,0.505279,0.459449,0.472222,0.272201,0.281420,0.152988,0.335095,0.124655
4158,0,0.524931,0.463543,0.481127,0.506721,0.372575,0.676578,0.593839,0.611265,0.499205
4159,0,0.001001,0.597863,0.527290,0.514738,0.346518,0.363774,0.059571,0.143556,0.229234
4160,1,0.621193,0.473798,0.491702,0.535819,0.347474,0.573526,0.588657,0.574083,0.397097
4162,0,0.199972,0.483359,0.497153,0.488122,0.309861,0.505505,0.466647,0.501285,0.339060
4163,1,0.377173,0.522221,0.465299,0.457191,0.293733,0.655111,0.501539,0.509284,0.627771
4164,1,0.230476,0.559664,0.533392,0.535270,0.483868,0.607742,0.559637,0.583173,0.327758
4165,0,0.509281,0.526670,0.504698,0.509268,0.413330,0.636014,0.555861,0.576049,0.509265
4166,0,0.001014,0.502236,0.500427,0.527090,0.388945,0.268952,0.045526,0.158235,0.148446
4167,0,0.350471,0.485328,0.428560,0.479752,0.392593,0.516205,0.370439,0.532819,0.325294
4168,0,0.433419,0.600748,0.475936,0.487140,0.461047,0.683391,0.511187,0.575549,0.463676
4169,0,0.000161,0.444563,0.441516,0.477207,0.333255,0.234175,0.101387,0.186115,0.127442
4170,0,0.636524,0.450218,0.455933,0.510408,0.253941,0.612491,0.515454,0.597410,0.566388
4171,0,0.001090,0.559874,0.526787,0.578338,0.488898,0.266530,0.051299,0.103113,0.082398
4173,0,0.471878,0.624941,0.539585,0.644362,0.467712,0.734845,0.598897,0.612384,0.437129
4174,0,0.004851,0.539292,0.519426,0.543551,0.496428,0.273525,0.082369,0.179698,0.128681
4175,0,0.478892,0.469308,0.464388,0.526928,0.369478,0.621653,0.506064,0.610250,0.516385
4177,0,0.158236,0.459443,0.488747,0.540991,0.335354,0.431998,0.497852,0.532312,0.324328
4178,1,0.501013,0.547781,0.492058,0.548279,0.338846,0.667217,0.580602,0.621948,0.553987
4179,1,0.025798,0.557853,0.478783,0.503660,0.380134,0.380947,0.248402,0.360658,0.193303
4180,1,0.482739,0.588271,0.494223,0.527587,0.407053,0.719350,0.539629,0.599960,0.454695
4181,0,0.352522,0.594273,0.491614,0.534737,0.256712,0.659388,0.492084,0.583267,0.527819
4184,1,0.366274,0.534715,0.467311,0.513714,0.458032,0.623623,0.468118,0.571791,0.509009
4185,0,0.435028,0.470250,0.493194,0.537528,0.398505,0.566668,0.555407,0.603039,0.389824
4186,1,0.254396,0.601911,0.502775,0.559991,0.414940,0.598153,0.513224,0.591432,0.518602
4187,1,0.599975,0.542580,0.498309,0.527694,0.480719,0.650631,0.588417,0.613926,0.541280
4188,1,0.010042,0.496910,0.475612,0.469983,0.395456,0.278642,0.140031,0.205594,0.142579
4189,0,0.012780,0.489096,0.477136,0.455564,0.355328,0.265990,0.207705,0.367786,0.151878
4192,0,0.059970,0.421376,0.448085,0.455862,0.291594,0.315929,0.268243,0.367180,0.161107
4193,1,0.536190,0.506278,0.534549,0.495443,0.366679,0.445804,0.438778,0.501278,0.247273
4194,0,0.059783,0.480241,0.516810,0.561180,0.365202,0.269090,0.298211,0.326077,0.212375
4195,0,0.001798,0.490164,0.506056,0.469589,0.459810,0.229079,0.086206,0.153030,0.125713
4196,0,0.000473,0.528728,0.493657,0.520614,0.399931,0.303672,0.093811,0.236418,0.177276
4198,0,0.003310,0.557833,0.524354,0.473471,0.372626,0.338197,0.063695,0.117465,0.119104
4199,0,0.080477,0.501091,0.492921,0.534890,0.473150,0.363955,0.415096,0.535441,0.306637
4200,0,0.021534,0.538613,0.497533,0.504743,0.345186,0.305262,0.184462,0.325626,0.204642
4201,1,0.208980,0.468725,0.448793,0.420502,0.314525,0.535768,0.461754,0.522276,0.299192
4203,1,0.386152,0.403145,0.441773,0.458504,0.194775,0.581158,0.510567,0.564828,0.478756
4204,0,0.111446,0.461656,0.473179,0.584181,0.279767,0.356260,0.334483,0.493862,0.172374
4205,0,0.172930,0.357222,0.443908,0.430215,0.215461,0.348189,0.422467,0.531818,0.265691
4206,0,0.627151,0.404362,0.415162,0.428047,0.320788,0.524762,0.498980,0.551319,0.505197
4208,0,0.550134,0.388545,0.430930,0.461916,0.300362,0.594961,0.431281,0.529897,0.389871
4209,0,0.353838,0.363292,0.406803,0.375192,0.237169,0.459387,0.399703,0.538478,0.396072
4211,0,0.074171,0.373357,0.429120,0.437988,0.229677,0.240736,0.202606,0.321045,0.061587
4212,0,0.332185,0.416590,0.432168,0.472311,0.279106,0.464572,0.403938,0.522356,0.214488
4213,1,0.006252,0.398942,0.432518,0.449223,0.270617,0.226330,0.111975,0.167733,0.081596
4214,0,0.267830,0.448715,0.500310,0.530509,0.221568,0.519946,0.491642,0.579987,0.254558
4217,1,0.628061,0.434115,0.464394,0.500116,0.306632,0.602620,0.555632,0.606768,0.740641
4218,0,0.323068,0.404401,0.478524,0.560235,0.302331,0.483276,0.479832,0.550504,0.265797
4220,1,0.302799,0.367527,0.430859,0.430357,0.262673,0.432804,0.400807,0.522529,0.174900
4221,0,0.234217,0.416428,0.425798,0.486154,0.345834,0.436653,0.435356,0.565500,0.338920
4222,0,0.604530,0.456110,0.454282,0.363268,0.312949,0.684631,0.534226,0.589506,0.365242
4223,1,0.243978,0.442741,0.471633,0.465286,0.349990,0.490094,0.476770,0.548026,0.357694
4224,0,0.470931,0.458829,0.458414,0.432179,0.310179,0.584779,0.469579,0.521336,0.444883
4226,1,0.578166,0.414924,0.444940,0.447496,0.261651,0.605287,0.485375,0.564958,0.411371
4227,0,0.465684,0.315142,0.425423,0.419624,0.171032,0.428754,0.475448,0.537025,0.236485
4228,0,0.112728,0.434491,0.475414,0.503531,0.282023,0.375826,0.392711,0.452616,0.234759
4229,0,0.374843,0.458075,0.480481,0.466859,0.333370,0.578339,0.474021,0.576291,0.331175
4231,0,0.218370,0.427416,0.454923,0.486707,0.371333,0.434544,0.424178,0.547461,0.198408
4234,0,0.469328,0.305788,0.419853,0.455852,0.277332,0.500623,0.484385,0.605373,0.322204
4237,0,0.316947,0.422574,0.474423,0.481972,0.346107,0.504071,0.540297,0.569814,0.388268
4238,0,0.296962,0.452266,0.467466,0.481433,0.308350,0.484170,0.393309,0.473551,0.208508
4239,1,0.053577,0.466256,0.458140,0.462334,0.316282,0.330304,0.227383,0.402720,0.238131
4241,1,0.198472,0.346857,0.400021,0.457884,0.232783,0.426338,0.390969,0.425207,0.330229
4243,1,0.040031,0.369976,0.423432,0.422947,0.218072,0.226881,0.221628,0.333974,0.173992
4244,0,0.028829,0.456295,0.459301,0.459776,0.288476,0.360632,0.193834,0.340512,0.120477
4246,0,0.004525,0.498147,0.495305,0.501472,0.343817,0.301021,0.112776,0.185252,0.198792
4247,0,0.545302,0.447553,0.473735,0.480202,0.256681,0.619692,0.518334,0.595516,0.450156
4248,0,0.016508,0.410663,0.470083,0.533062,0.285140,0.178725,0.210340,0.351016,0.083201
4249,0,0.017749,0.341706,0.504791,0.599935,0.296658,0.209347,0.182669,0.352727,0.167805
4250,0,0.336787,0.524760,0.500361,0.513461,0.427530,0.560871,0.534206,0.561270,0.466492
4251,1,0.609170,0.598604,0.511671,0.492262,0.364659,0.712554,0.527887,0.619047,0.568413
4252,0,0.379428,0.391425,0.506166,0.560038,0.249155,0.423281,0.437183,0.531095,0.393237
4253,0,0.019628,0.378331,0.466409,0.472278,0.248693,0.219460,0.135759,0.285909,0.144829
4255,1,0.071508,0.368603,0.392563,0.432314,0.250299,0.262751,0.238859,0.329018,0.128279
4256,1,0.073501,0.420421,0.454491,0.457793,0.223315,0.288192,0.221352,0.324201,0.231190
4257,0,0.379385,0.496974,0.481341,0.467863,0.393351,0.596419,0.467684,0.560355,0.388885
4258,0,0.001521,0.393692,0.481722,0.474964,0.253105,0.190375,0.066078,0.183463,0.134726
4259,0,0.347565,0.450006,0.505786,0.500198,0.191869,0.553401,0.500771,0.605972,0.423663
4260,0,0.210034,0.483224,0.467556,0.461910,0.443418,0.558815,0.415798,0.459646,0.512089
4261,0,0.176959,0.415007,0.452336,0.467198,0.251429,0.388987,0.364518,0.539646,0.206817
4262,1,0.152887,0.491690,0.487941,0.566407,0.430715,0.408852,0.427264,0.535982,0.403120
4263,1,0.182966,0.451525,0.482696,0.497907,0.369521,0.396730,0.386004,0.467052,0.334613
4264,0,0.111090,0.526921,0.490226,0.479046,0.298671,0.438340,0.479280,0.562512,0.192585
4265,0,0.199885,0.318215,0.401865,0.406072,0.161960,0.347219,0.322914,0.415712,0.269596
4266,0,0.083158,0.308905,0.418587,0.443312,0.139428,0.252356,0.304516,0.360255,0.128356
4267,0,0.007255,0.441471,0.472159,0.482365,0.375687,0.247203,0.059061,0.104201,0.156980
4268,0,0.000969,0.544469,0.475965,0.498944,0.366012,0.295990,0.065974,0.187397,0.108420
4269,0,0.058919,0.481284,0.482495,0.463782,0.341627,0.324480,0.255825,0.405765,0.272586
4272,0,0.108069,0.406206,0.492391,0.522611,0.165363,0.355471,0.352685,0.478888,0.191057
4276,1,0.269405,0.399257,0.493708,0.487659,0.217818,0.471348,0.408479,0.500306,0.195154
4277,0,0.003445,0.420685,0.457489,0.509131,0.412931,0.256460,0.077668,0.138642,0.110036
4278,0,0.336063,0.484727,0.484712,0.467204,0.320879,0.615669,0.515721,0.570787,0.496288
4280,1,0.199426,0.449316,0.460147,0.460208,0.339276,0.437526,0.388696,0.464214,0.161952
4281,0,0.511576,0.395697,0.443206,0.412990,0.278256,0.418002,0.451992,0.560293,0.258809
4282,0,0.016132,0.427451,0.453864,0.470669,0.272611,0.279923,0.123693,0.339764,0.204849
4283,0,0.169684,0.568233,0.486879,0.502733,0.350024,0.476994,0.434946,0.542144,0.233031
4284,0,0.109742,0.436601,0.470870,0.449804,0.383360,0.379340,0.472286,0.511233,0.344570
4285,0,0.299429,0.563187,0.512680,0.537301,0.417147,0.563736,0.488814,0.538663,0.441627
4288,0,0.008686,0.467699,0.493711,0.519719,0.360990,0.229286,0.053590,0.193975,0.274188
4289,1,0.261269,0.513405,0.493876,0.490322,0.415217,0.530093,0.537754,0.596309,0.331312
4290,1,0.446418,0.369669,0.446499,0.478248,0.255372,0.510018,0.492143,0.586380,0.397890
4291,0,0.232661,0.425515,0.446739,0.410548,0.244791,0.467707,0.357414,0.521482,0.400570
4292,0,0.063640,0.381641,0.488524,0.480402,0.251442,0.296464,0.336528,0.503994,0.265209
4293,1,0.064209,0.538941,0.574530,0.607439,0.414748,0.314617,0.336086,0.452078,0.238451
4294,1,0.011347,0.336482,0.389858,0.432537,0.233168,0.205336,0.183217,0.257379,0.215713
4296,1,0.451419,0.402961,0.468384,0.507825,0.296076,0.490705,0.513973,0.601596,0.196114
4297,1,0.194510,0.479726,0.452805,0.475768,0.324974,0.491868,0.466894,0.576371,0.313517
4298,0,0.170440,0.442989,0.462183,0.470333,0.216259,0.450081,0.405793,0.439356,0.426953
4299,0,0.382728,0.424084,0.527553,0.503967,0.220328,0.455764,0.503466,0.525181,0.378069
4300,0,0.139577,0.587081,0.538200,0.533950,0.327942,0.517198,0.522429,0.558958,0.365481
4301,1,0.169047,0.458428,0.481266,0.451562,0.293719,0.408437,0.411602,0.431681,0.259681
4302,1,0.215121,0.457806,0.461074,0.480810,0.305103,0.439618,0.315543,0.498831,0.259885
4303,1,0.156628,0.605605,0.569585,0.571203,0.481952,0.552541,0.614900,0.551883,0.402756
4304,0,0.141454,0.616905,0.590936,0.628275,0.480821,0.533520,0.563435,0.538262,0.368571
4305,0,0.121821,0.562654,0.523274,0.495730,0.411546,0.480126,0.482279,0.515978,0.325312
4306,0,0.154078,0.616712,0.578187,0.600416,0.489724,0.553144,0.576287,0.492694,0.308687
4307,1,0.190956,0.596361,0.554388,0.591783,0.467615,0.555144,0.499064,0.529561,0.343666
4308,0,0.129060,0.580530,0.529384,0.549497,0.389378,0.504466,0.407913,0.523566,0.308036
4309,1,0.159857,0.470956,0.476560,0.502664,0.331648,0.428995,0.418910,0.507053,0.264667
4310,1,0.190956,0.492100,0.468624,0.447776,0.456008,0.471785,0.387076,0.515211,0.280155
4311,0,0.173472,0.476591,0.493021,0.502664,0.302577,0.402762,0.440559,0.499210,0.325156
4314,1,0.143773,0.440479,0.486890,0.518216,0.259507,0.380369,0.391684,0.502889,0.225844
4315,1,0.172386,0.563278,0.541795,0.557677,0.420342,0.516043,0.519689,0.558178,0.417446
4316,0,0.135838,0.570423,0.528246,0.548832,0.440050,0.494920,0.485138,0.548066,0.354217
4318,1,0.265556,0.538875,0.514356,0.520627,0.395963,0.580412,0.477667,0.538293,0.329971
4319,0,0.190956,0.583052,0.521979,0.549497,0.398646,0.566074,0.486176,0.534626,0.346865
4320,1,0.163485,0.567485,0.526255,0.440275,0.458462,0.506906,0.498065,0.453676,0.362280
4321,1,0.140816,0.472265,0.480381,0.545168,0.310208,0.396725,0.421755,0.544775,0.276945
4322,0,0.171083,0.607488,0.538642,0.557136,0.523167,0.558626,0.534129,0.547834,0.354316
4323,0,0.163485,0.546838,0.552072,0.515089,0.475242,0.501461,0.598199,0.558095,0.338425
4324,1,0.121529,0.563757,0.538752,0.545033,0.414831,0.467566,0.494373,0.536139,0.297966
4325,0,0.292655,0.481049,0.478255,0.471120,0.335348,0.517918,0.395335,0.551826,0.324113
4326,1,0.157325,0.562482,0.506515,0.496353,0.403598,0.499500,0.479672,0.507170,0.277465
4327,1,0.146733,0.487113,0.447676,0.505020,0.322887,0.420451,0.301783,0.507527,0.207168
4328,1,0.170728,0.501892,0.487393,0.508759,0.335770,0.451997,0.404430,0.557124,0.252124
4329,0,0.171083,0.586248,0.540742,0.521276,0.335592,0.547727,0.571729,0.548591,0.393642
4332,0,0.136942,0.585464,0.535161,0.566979,0.413777,0.516602,0.490598,0.551883,0.300484
4334,0,0.142543,0.568451,0.539388,0.537667,0.275533,0.496198,0.536580,0.513710,0.370903
4335,0,0.249173,0.623865,0.566121,0.599928,0.517094,0.637326,0.522817,0.529304,0.450969
4336,0,0.230502,0.606548,0.535123,0.541069,0.383453,0.609423,0.516596,0.544273,0.408737
4337,1,0.162667,0.505606,0.469171,0.476972,0.389735,0.436880,0.335835,0.525750,0.257285
4338,1,0.216820,0.551935,0.526280,0.523259,0.283042,0.554708,0.542519,0.538423,0.409437
4341,1,0.133383,0.590095,0.588966,0.653033,0.452712,0.501920,0.539065,0.521028,0.322278
4342,0,0.245720,0.579186,0.517048,0.499580,0.416861,0.606831,0.487137,0.513711,0.404260
4343,0,0.205847,0.575069,0.541750,0.533727,0.448280,0.551859,0.492687,0.570641,0.321446
4344,0,0.126943,0.512810,0.509516,0.532778,0.290629,0.446115,0.479605,0.505394,0.318010
4346,0,0.090671,0.599449,0.548999,0.538558,0.472377,0.472526,0.472147,0.502747,0.207153
4347,0,0.156274,0.626599,0.562364,0.559238,0.518594,0.555118,0.565128,0.524353,0.411228
4348,0,0.153759,0.629840,0.567026,0.568965,0.483987,0.562868,0.530334,0.533659,0.315696
4349,1,0.130330,0.597080,0.533411,0.519931,0.424065,0.536945,0.493980,0.491974,0.323690
4350,1,0.187563,0.560440,0.553529,0.557986,0.319373,0.538853,0.526167,0.549225,0.395509
4351,1,0.140816,0.564396,0.538994,0.533950,0.320408,0.501662,0.541524,0.507822,0.374747
4352,0,0.234096,0.582422,0.538136,0.507111,0.359519,0.592796,0.570420,0.534735,0.386542
4353,0,0.207358,0.629371,0.539418,0.594336,0.498685,0.606786,0.475664,0.533659,0.304514
4354,1,0.127638,0.607716,0.594455,0.626871,0.470348,0.527628,0.576470,0.513518,0.307990
4355,0,0.181306,0.464912,0.471439,0.466875,0.334645,0.441571,0.400973,0.469310,0.305072
4356,0,0.181306,0.559708,0.524431,0.475252,0.419233,0.525285,0.512365,0.459924,0.363589
4357,0,0.134863,0.613124,0.572252,0.631088,0.449645,0.525587,0.477876,0.535945,0.296603
4358,1,0.175907,0.586386,0.526216,0.508814,0.418146,0.562771,0.472958,0.449266,0.333824
4360,0,0.175519,0.516605,0.537046,0.510663,0.421771,0.492326,0.527311,0.547018,0.352944
4361,1,0.218736,0.552746,0.511553,0.549467,0.370298,0.558624,0.476086,0.541074,0.418075
4362,0,0.187563,0.571766,0.505717,0.510758,0.403336,0.514705,0.423418,0.443805,0.270576
4363,1,0.171083,0.588702,0.542850,0.605005,0.408955,0.543924,0.537800,0.532422,0.307686
4364,0,0.209495,0.587232,0.507502,0.568139,0.422717,0.567518,0.466218,0.552147,0.352922
4365,1,0.109982,0.586884,0.523109,0.490027,0.487890,0.478959,0.403235,0.538029,0.295078
4366,0,0.167941,0.551399,0.536316,0.491923,0.409763,0.505984,0.505682,0.516425,0.440935
4368,0,0.187339,0.603973,0.597400,0.661326,0.482142,0.578987,0.596665,0.547567,0.347926
4369,0,0.207358,0.612066,0.585541,0.675905,0.449557,0.598994,0.610218,0.540445,0.346435
4370,0,0.109068,0.597348,0.550623,0.503619,0.472233,0.476579,0.467216,0.512517,0.309676
4372,0,0.143773,0.570464,0.560263,0.550083,0.456883,0.499675,0.601992,0.534108,0.329191
4373,1,0.140816,0.488604,0.465436,0.494130,0.336814,0.413788,0.407172,0.531189,0.202575
4374,1,0.177366,0.495307,0.494036,0.489592,0.375221,0.457648,0.416365,0.471354,0.268384
4375,0,0.154078,0.542822,0.542068,0.503973,0.311478,0.498418,0.577830,0.545646,0.404583
4376,1,0.172386,0.458486,0.479241,0.475885,0.307995,0.409556,0.369923,0.502889,0.239308
4377,0,0.155275,0.641524,0.557859,0.567850,0.470417,0.576582,0.540362,0.529557,0.317032
4378,0,0.166779,0.599383,0.577030,0.626392,0.453782,0.537261,0.600103,0.531979,0.322424
4380,0,0.177366,0.540858,0.546011,0.526804,0.320260,0.505536,0.549879,0.517854,0.359824
4381,1,0.136942,0.583629,0.539213,0.519931,0.355568,0.538832,0.454394,0.493326,0.356080
4382,0,0.262252,0.597780,0.571028,0.561455,0.466417,0.616210,0.554618,0.578751,0.437509
4384,0,0.133360,0.595909,0.550546,0.525874,0.289436,0.520656,0.559293,0.550563,0.385281
4386,0,0.164841,0.610222,0.552201,0.567207,0.456038,0.547379,0.573094,0.543527,0.352489
4387,1,0.152758,0.562599,0.532581,0.546400,0.392759,0.518372,0.496003,0.554301,0.321476
4388,0,0.153759,0.585179,0.513776,0.523387,0.417255,0.500774,0.472566,0.521310,0.349132
4390,0,0.163978,0.537620,0.507029,0.547142,0.402397,0.494187,0.469185,0.557976,0.364238
4391,0,0.170736,0.547917,0.514763,0.497332,0.383266,0.520269,0.464032,0.494772,0.384337
4393,0,0.179013,0.570310,0.580213,0.652470,0.434402,0.529439,0.555679,0.546066,0.362968
4394,0,0.145164,0.599782,0.567285,0.558661,0.446198,0.530890,0.567383,0.551883,0.338919
4396,0,0.215121,0.553031,0.498906,0.496353,0.425960,0.552049,0.475042,0.496338,0.330824
4397,0,0.136768,0.613021,0.552835,0.550190,0.497438,0.547357,0.552655,0.530399,0.377130
4398,1,0.179013,0.450668,0.471814,0.475885,0.295842,0.416174,0.365960,0.503541,0.292593
4399,0,0.200604,0.589460,0.509164,0.506681,0.417005,0.596057,0.487653,0.513647,0.423531
4400,1,0.663799,0.505907,0.467319,0.498009,0.304451,0.659513,0.448523,0.550375,0.572441
4401,0,0.373168,0.546208,0.522274,0.571148,0.436376,0.657248,0.579605,0.576204,0.615830
4403,0,0.000139,0.484174,0.496244,0.539447,0.430071,0.240986,0.060804,0.093578,0.094657
4404,0,0.028688,0.559203,0.504500,0.517234,0.478692,0.339529,0.262694,0.301288,0.153056
4405,0,0.621193,0.617701,0.566017,0.589943,0.451941,0.648362,0.624012,0.629002,0.729834
4407,0,0.093021,0.483421,0.461087,0.474821,0.434774,0.393245,0.337241,0.519379,0.200338
4408,1,0.493820,0.591195,0.539412,0.620672,0.434886,0.730690,0.561843,0.616191,0.577602
4409,0,0.364290,0.635295,0.528833,0.478926,0.420580,0.630009,0.476707,0.522946,0.472200
4411,1,0.092451,0.503417,0.519722,0.531688,0.409478,0.370718,0.468644,0.529274,0.348554
4412,0,0.034702,0.478785,0.488607,0.439098,0.400834,0.249139,0.210139,0.327862,0.160644
4413,1,0.076645,0.601561,0.512728,0.511377,0.297227,0.459590,0.320373,0.372356,0.276972
4414,0,0.600640,0.455117,0.497589,0.515888,0.273380,0.582554,0.458649,0.586231,0.265028
4415,0,0.133432,0.624276,0.550180,0.561637,0.379198,0.576541,0.448612,0.523114,0.317891
4416,0,0.568140,0.578677,0.508435,0.530226,0.493296,0.694584,0.577545,0.610527,0.586888
4418,1,0.396179,0.479157,0.519241,0.591248,0.352341,0.603348,0.596070,0.591101,0.413157
4419,0,0.186357,0.538760,0.547327,0.495991,0.376013,0.450262,0.493473,0.583701,0.417366
4420,1,0.398123,0.520358,0.524291,0.543134,0.513049,0.617418,0.543257,0.609296,0.633914
4421,0,0.089027,0.427884,0.424216,0.432266,0.268729,0.370196,0.292604,0.446520,0.109910
4422,0,0.061687,0.561245,0.535796,0.535269,0.442247,0.410971,0.266647,0.443049,0.261967
4423,1,0.326332,0.630193,0.491158,0.518334,0.426662,0.639732,0.471087,0.610005,0.485123
4424,1,0.328058,0.658538,0.559034,0.603127,0.455914,0.726522,0.572240,0.608701,0.605834
4425,0,0.466268,0.482421,0.463066,0.474764,0.224146,0.679208,0.506548,0.628369,0.402935
4426,1,0.630397,0.442200,0.465190,0.483972,0.347485,0.629146,0.561601,0.589186,0.546825
4427,0,0.001748,0.464449,0.469001,0.478189,0.303651,0.287805,0.054205,0.149352,0.109072
4428,0,0.044860,0.563887,0.538391,0.534160,0.451896,0.360721,0.233285,0.315780,0.274217
4430,1,0.036953,0.505274,0.510764,0.514958,0.349066,0.284031,0.221046,0.355132,0.181943
4431,1,0.268063,0.647555,0.522113,0.506315,0.411077,0.656945,0.494931,0.553896,0.541253
4432,1,0.522451,0.436342,0.506228,0.559940,0.413871,0.597744,0.587035,0.608267,0.343005
4433,1,0.251898,0.481891,0.392275,0.336609,0.393845,0.574265,0.457184,0.556107,0.372604
4434,1,0.504626,0.559705,0.535450,0.553844,0.516207,0.729200,0.608131,0.606558,0.462851
4436,1,0.415123,0.508028,0.468978,0.486621,0.383920,0.611710,0.508482,0.576034,0.493056
4437,0,0.080002,0.590654,0.513305,0.522042,0.423713,0.491748,0.424532,0.525724,0.249796
4438,1,0.049656,0.487105,0.507016,0.468235,0.341641,0.316490,0.212615,0.351337,0.146820
4439,0,0.204265,0.477365,0.472172,0.503345,0.350957,0.479014,0.450607,0.561348,0.234192
4440,0,0.224990,0.531505,0.525857,0.473764,0.438469,0.587542,0.476315,0.553784,0.448714
4441,0,0.498395,0.685001,0.548049,0.537004,0.513503,0.775139,0.604197,0.623666,0.726267
4442,1,0.006943,0.509003,0.507991,0.511154,0.338720,0.250577,0.048119,0.138035,0.170262
4445,0,0.095252,0.472200,0.475794,0.495588,0.315872,0.367116,0.383137,0.467143,0.184380
4446,0,0.368331,0.430870,0.479950,0.506496,0.292365,0.573011,0.519973,0.585534,0.292777
4447,0,0.000877,0.532899,0.506565,0.547073,0.435836,0.280174,0.072591,0.122168,0.134480
4448,1,0.026665,0.532448,0.479776,0.481085,0.349815,0.293965,0.219326,0.372204,0.182895
4449,0,0.029164,0.497599,0.443307,0.528616,0.292254,0.298009,0.193890,0.312700,0.158810
4451,0,0.014864,0.460046,0.445344,0.552578,0.272674,0.217510,0.188934,0.333009,0.134624
4452,0,0.001861,0.513679,0.519370,0.548011,0.320224,0.316186,0.060266,0.106454,0.173647
4453,0,0.052645,0.415298,0.383656,0.359169,0.314575,0.307833,0.185183,0.281818,0.113930
4454,1,0.313832,0.572010,0.553031,0.542326,0.231783,0.594346,0.518809,0.592273,0.287476
4455,0,0.396151,0.517138,0.602481,0.574535,0.493815,0.543556,0.586801,0.581417,0.375926
4456,0,0.035641,0.604828,0.506970,0.528512,0.308883,0.415117,0.245170,0.339626,0.219272
4457,0,0.625192,0.465260,0.446431,0.512279,0.160577,0.618125,0.329062,0.511221,0.319587
4458,0,0.445614,0.515026,0.511280,0.548709,0.344623,0.598592,0.565588,0.583135,0.421898
4459,1,0.337177,0.517750,0.513765,0.526720,0.393235,0.613179,0.540233,0.598852,0.366116
4460,0,0.027097,0.493120,0.486519,0.548575,0.270295,0.314936,0.219253,0.310756,0.112553
4464,1,0.255121,0.475293,0.549509,0.602478,0.324852,0.461041,0.496280,0.570745,0.307574
4465,0,0.002154,0.439758,0.407695,0.352974,0.217336,0.266316,0.068372,0.100534,0.104088
4466,1,0.218736,0.556288,0.497572,0.463225,0.355632,0.577775,0.541389,0.536221,0.394067
4467,1,0.010536,0.480196,0.461122,0.490248,0.301088,0.335602,0.195331,0.266731,0.160717
4468,0,0.294705,0.583766,0.494152,0.562502,0.432253,0.648741,0.571433,0.574638,0.493373
4469,0,0.179199,0.466788,0.543124,0.577766,0.354601,0.386251,0.532303,0.587252,0.252925
4470,0,0.464527,0.584849,0.526903,0.522225,0.378888,0.740371,0.601074,0.600433,0.560103
4471,0,0.397406,0.528497,0.534942,0.594122,0.439443,0.558507,0.570313,0.619912,0.338351
4473,0,0.070329,0.586825,0.554535,0.559274,0.428729,0.342653,0.363310,0.432696,0.271402
4474,0,0.103948,0.471303,0.481307,0.501113,0.218296,0.386708,0.353127,0.449726,0.107082
4475,0,0.000830,0.466961,0.487976,0.514193,0.255983,0.224516,0.029742,0.104309,0.143697
4476,0,0.246642,0.541742,0.523571,0.543426,0.427699,0.505444,0.569520,0.573309,0.344979
4477,1,0.409419,0.526399,0.516331,0.517994,0.365380,0.527087,0.548056,0.535043,0.517705
4478,0,0.001122,0.558018,0.514476,0.535236,0.451228,0.327785,0.074069,0.114005,0.151768
4479,1,0.320480,0.535960,0.516475,0.547917,0.519961,0.608485,0.501138,0.551243,0.431476
4481,0,0.293966,0.526730,0.513064,0.551628,0.386778,0.504719,0.465631,0.562894,0.193583
4482,0,0.508357,0.563914,0.496623,0.500039,0.447648,0.680979,0.573678,0.603900,0.536778
4483,1,0.517271,0.488171,0.373186,0.366135,0.365557,0.636664,0.441942,0.465296,0.447880
4484,1,0.142396,0.551854,0.496982,0.535921,0.392783,0.483529,0.403550,0.561486,0.201622
4486,1,0.012742,0.443318,0.448800,0.512134,0.301516,0.245449,0.104187,0.242172,0.070115
4488,1,0.575996,0.488313,0.532832,0.562097,0.347256,0.598216,0.572751,0.579073,0.554692
4490,0,0.324907,0.467670,0.461800,0.479287,0.408106,0.586193,0.494037,0.608766,0.326982
4491,0,0.595845,0.462937,0.512387,0.530078,0.372583,0.671631,0.584691,0.606120,0.488788
4492,1,0.310728,0.559892,0.460129,0.515021,0.355230,0.637953,0.492038,0.561943,0.421030
4493,0,0.033890,0.537643,0.551925,0.562365,0.441398,0.347852,0.199676,0.360229,0.186584
4494,0,0.025464,0.502944,0.477086,0.473721,0.319387,0.322148,0.230856,0.345641,0.141056
4497,0,0.362490,0.434362,0.489022,0.540998,0.276589,0.453556,0.488201,0.555245,0.435516
4498,0,0.360182,0.436823,0.443080,0.463538,0.282837,0.541554,0.497847,0.522119,0.415314
4499,0,0.620064,0.573647,0.527373,0.528269,0.393286,0.596854,0.520162,0.561579,0.278670
4500,0,0.245638,0.412133,0.483096,0.517426,0.326850,0.426641,0.489210,0.545164,0.309202
4501,0,0.392238,0.500830,0.485715,0.474954,0.374943,0.613227,0.502517,0.586311,0.438077
4502,0,0.545084,0.540258,0.509721,0.551798,0.372031,0.665716,0.610913,0.615284,0.607395
4503,0,0.001894,0.393085,0.447463,0.498305,0.282453,0.239368,0.031629,0.116785,0.116685
4504,0,0.038660,0.463231,0.512888,0.553707,0.325330,0.373972,0.212147,0.316399,0.281212
4505,1,0.433570,0.408497,0.493311,0.486050,0.296240,0.535821,0.542483,0.612242,0.525850
4506,0,0.197081,0.381592,0.464278,0.528486,0.168754,0.445366,0.369132,0.482892,0.178647
4507,1,0.487948,0.428833,0.452629,0.476218,0.370021,0.606516,0.507878,0.597452,0.494884
4509,0,0.395786,0.513975,0.490817,0.529075,0.443097,0.588289,0.553812,0.595433,0.506661
4511,0,0.632777,0.413753,0.459171,0.524475,0.255975,0.614692,0.512255,0.661028,0.603822
4512,0,0.200178,0.413322,0.480196,0.501176,0.346554,0.439710,0.454215,0.510106,0.302120
4513,0,0.044836,0.490929,0.473950,0.480074,0.423395,0.345578,0.205322,0.330226,0.285592
4515,0,0.157639,0.420095,0.461993,0.479079,0.254916,0.432831,0.374842,0.471573,0.192686
4516,0,0.004820,0.488922,0.471622,0.504051,0.285054,0.291770,0.045009,0.102555,0.186822
4520,0,0.251267,0.413487,0.437140,0.408824,0.281882,0.482143,0.380590,0.436837,0.324656
4521,1,0.218736,0.589201,0.503355,0.516175,0.411574,0.540360,0.443443,0.550262,0.456022
4523,0,0.446136,0.405284,0.431327,0.344956,0.196047,0.539589,0.493431,0.562390,0.324640
4524,0,0.000504,0.272757,0.463239,0.463146,0.181690,0.136945,0.030796,0.117210,0.099936
4526,0,0.117658,0.502445,0.469894,0.456193,0.236048,0.434635,0.364492,0.473172,0.148657
4528,0,0.157920,0.503321,0.412091,0.443464,0.268062,0.522489,0.380167,0.465890,0.273292
4529,0,0.070221,0.455260,0.460517,0.498762,0.258943,0.348605,0.269139,0.352825,0.284364
4530,0,0.148505,0.403475,0.459591,0.454301,0.308326,0.402318,0.375403,0.450530,0.238403
4531,0,0.023041,0.402727,0.440474,0.462913,0.231642,0.247479,0.196467,0.265485,0.101083
4532,0,0.281968,0.508579,0.448864,0.479614,0.288080,0.545510,0.488651,0.503191,0.382483
4533,0,0.181910,0.390443,0.450345,0.340610,0.278377,0.390206,0.347576,0.489009,0.323574
4534,0,0.010084,0.384056,0.444160,0.448444,0.189872,0.269436,0.209719,0.381598,0.109587
4535,1,0.394234,0.481813,0.472973,0.439347,0.315921,0.601141,0.484783,0.541356,0.393784
4537,0,0.021364,0.664103,0.529735,0.533278,0.365795,0.423870,0.231987,0.356062,0.234402
4538,0,0.005419,0.473289,0.489430,0.525804,0.246270,0.226925,0.055206,0.113866,0.215966
4539,0,0.222883,0.549547,0.492739,0.445219,0.420828,0.497737,0.402890,0.508659,0.222944
4540,1,0.379562,0.484562,0.448821,0.410967,0.369241,0.610428,0.444273,0.524010,0.670245
4541,0,0.090704,0.473389,0.475076,0.480244,0.298048,0.361153,0.404493,0.529595,0.246789
4542,0,0.153839,0.419515,0.451188,0.461659,0.208940,0.434434,0.407841,0.540842,0.241404
4543,0,0.028617,0.591644,0.499925,0.486974,0.359981,0.358904,0.237823,0.305813,0.182116
4544,1,0.349687,0.564930,0.463162,0.439369,0.444021,0.626105,0.474339,0.536961,0.477739
4545,0,0.487278,0.436920,0.462577,0.509954,0.298755,0.587097,0.504105,0.564454,0.402195
4546,0,0.006029,0.544758,0.510124,0.518724,0.251640,0.320255,0.121510,0.184282,0.206805
4547,0,0.005239,0.290151,0.408397,0.433558,0.210452,0.153047,0.051104,0.136268,0.053802
4548,1,0.207286,0.420404,0.466062,0.467455,0.217573,0.531717,0.407019,0.525507,0.158582
4550,0,0.176791,0.433502,0.478207,0.507411,0.386927,0.438367,0.448873,0.552573,0.273873
4551,0,0.000749,0.391033,0.449703,0.450877,0.258770,0.198582,0.060463,0.203002,0.093933
4553,0,0.003952,0.424525,0.479661,0.488838,0.224093,0.267669,0.070279,0.141832,0.110385
4554,1,0.225469,0.468348,0.469054,0.517887,0.366581,0.529196,0.453456,0.529778,0.314396
4555,0,0.319666,0.459647,0.400541,0.412938,0.292497,0.581151,0.400548,0.404328,0.360866
4556,0,0.022565,0.567673,0.484953,0.510465,0.337578,0.368464,0.183412,0.380217,0.212796
4557,0,0.119686,0.421402,0.463357,0.461528,0.172645,0.335510,0.298855,0.428285,0.215543
4558,0,0.498626,0.563104,0.504527,0.522618,0.254919,0.708029,0.572458,0.621292,0.497583
4559,1,0.395748,0.478385,0.472936,0.503945,0.350073,0.548164,0.512437,0.575635,0.537077
4560,0,0.162069,0.472289,0.483737,0.454000,0.404064,0.487178,0.456861,0.487859,0.303545
4561,1,0.142819,0.479349,0.490767,0.533131,0.273112,0.502173,0.451078,0.504052,0.189264
4562,0,0.525908,0.436958,0.450700,0.507780,0.394533,0.586526,0.463295,0.567764,0.518482
4563,0,0.210778,0.538175,0.501991,0.478015,0.435550,0.582598,0.554717,0.511161,0.433165
4564,1,0.502294,0.495741,0.484732,0.472964,0.289830,0.583949,0.550308,0.656797,0.450513
4565,0,0.074345,0.344195,0.419105,0.440203,0.176368,0.242664,0.205729,0.347730,0.120805
4568,0,0.453579,0.487265,0.474688,0.516035,0.257944,0.645090,0.532374,0.638353,0.425129
4570,0,0.420128,0.369431,0.511568,0.556514,0.239071,0.465270,0.531758,0.589690,0.377052
4571,0,0.016373,0.452287,0.471315,0.479168,0.329573,0.269076,0.205863,0.326330,0.252725
4572,0,0.193026,0.614784,0.514726,0.525958,0.467917,0.575975,0.484182,0.466750,0.347710
4573,1,0.388609,0.456248,0.475809,0.482888,0.449714,0.567585,0.492190,0.562964,0.356346
4574,0,0.426985,0.478879,0.469772,0.454023,0.302889,0.672736,0.517441,0.593695,0.428252
4575,0,0.501012,0.544712,0.488825,0.509096,0.312819,0.668631,0.591777,0.637701,0.501174
4576,0,0.494238,0.456246,0.457400,0.447145,0.291672,0.628954,0.535390,0.636338,0.554512
4577,0,0.002959,0.438650,0.463513,0.486675,0.241481,0.278813,0.062124,0.163637,0.172501
4578,1,0.092074,0.554791,0.478054,0.476835,0.255398,0.419733,0.340714,0.475115,0.163859
4579,1,0.453800,0.464649,0.472793,0.497660,0.350579,0.593492,0.514274,0.596194,0.324940
4580,0,0.101719,0.533756,0.516555,0.515472,0.354368,0.451301,0.457322,0.558124,0.344117
4581,0,0.396036,0.442361,0.449006,0.457028,0.399778,0.619938,0.470429,0.569996,0.381112
4585,0,0.282745,0.522683,0.465857,0.495464,0.338780,0.568545,0.489082,0.585135,0.313165
4586,0,0.011963,0.472214,0.482175,0.527085,0.262831,0.265899,0.197907,0.339628,0.184921
4587,1,0.276256,0.480764,0.450433,0.461930,0.333175,0.549064,0.454158,0.527230,0.319483
4588,0,0.070221,0.429690,0.476902,0.586310,0.207526,0.334323,0.328008,0.395749,0.134358
4589,1,0.069308,0.355065,0.438768,0.429751,0.256204,0.277747,0.262609,0.385160,0.188912
4591,0,0.294969,0.396675,0.453262,0.482289,0.220299,0.529467,0.468205,0.553294,0.327741
4592,0,0.007672,0.406408,0.446594,0.467904,0.242990,0.222410,0.040787,0.210600,0.114873
4593,1,0.354489,0.426347,0.444125,0.471194,0.296925,0.506151,0.367771,0.485432,0.419627
4594,0,0.147569,0.460343,0.471054,0.489602,0.259557,0.438575,0.421721,0.559813,0.346908
4595,1,0.070477,0.489920,0.490440,0.522804,0.344481,0.383033,0.352724,0.389461,0.272536
4596,0,0.038004,0.512460,0.509479,0.505806,0.270734,0.346679,0.312684,0.420933,0.149721
4597,1,0.446918,0.388293,0.430163,0.422228,0.273478,0.565122,0.456230,0.547560,0.534982
4600,1,0.692976,0.451501,0.519537,0.486989,0.320444,0.627620,0.522168,0.592342,0.523663
4601,0,0.081437,0.414032,0.488725,0.479951,0.343668,0.312678,0.304139,0.444997,0.271232
4602,1,0.313941,0.399589,0.430705,0.430613,0.366622,0.452897,0.397402,0.545834,0.411991
4605,0,0.145640,0.383528,0.474568,0.500159,0.425555,0.294567,0.426954,0.501192,0.196764
4606,0,0.417977,0.387363,0.484392,0.460240,0.283765,0.469392,0.496123,0.505143,0.434008
4607,1,0.330647,0.325520,0.415462,0.345826,0.197819,0.477555,0.417003,0.567026,0.296369
4609,0,0.042594,0.467467,0.482083,0.491649,0.265642,0.303752,0.161823,0.263153,0.147287
4612,1,0.013563,0.392051,0.444484,0.498292,0.281440,0.247823,0.148760,0.314721,0.140058
4614,0,0.026795,0.461126,0.462034,0.484442,0.374075,0.253013,0.246283,0.310703,0.259479
4615,0,0.195462,0.366395,0.426622,0.489326,0.173948,0.358058,0.386259,0.552254,0.138377
4616,1,0.561244,0.363870,0.409037,0.422843,0.374641,0.574936,0.470193,0.647053,0.416075
4617,0,0.001730,0.398672,0.440962,0.416099,0.288166,0.260454,0.118590,0.180233,0.117920
4619,1,0.268185,0.422832,0.490569,0.480320,0.376513,0.507599,0.569359,0.583037,0.319452
4620,0,0.500265,0.442001,0.417933,0.405712,0.232607,0.638845,0.512362,0.611991,0.338550
4622,0,0.032603,0.416484,0.445833,0.400203,0.218261,0.234190,0.232985,0.231796,0.102316
4623,0,0.048083,0.510292,0.491067,0.491209,0.388741,0.398759,0.243694,0.332353,0.172211
4624,0,0.080335,0.427437,0.496772,0.574801,0.275210,0.276633,0.344014,0.425246,0.184534
4625,0,0.008366,0.450288,0.422263,0.415474,0.286362,0.336312,0.173781,0.244151,0.189358
4626,1,0.382880,0.447358,0.444676,0.367642,0.226966,0.518050,0.388748,0.446291,0.326840
4627,0,0.116674,0.398899,0.510759,0.525976,0.278802,0.333884,0.443276,0.457274,0.285723
4629,0,0.251267,0.422155,0.429611,0.451616,0.410583,0.511556,0.491649,0.575803,0.286970
4630,0,0.371749,0.402388,0.431597,0.474850,0.323351,0.560703,0.490264,0.576553,0.453694
4631,0,0.685170,0.451062,0.484810,0.507399,0.257623,0.660669,0.568460,0.633033,0.510763
4632,0,0.492724,0.469548,0.465108,0.536784,0.373080,0.513922,0.450880,0.501070,0.301376
4633,0,0.221591,0.419692,0.480687,0.442430,0.237731,0.479894,0.423331,0.527340,0.172705
4634,0,0.116632,0.380008,0.404133,0.432257,0.180179,0.316089,0.304517,0.407142,0.163621
4635,1,0.607329,0.431104,0.457207,0.497617,0.301129,0.654291,0.517743,0.583135,0.621894
4637,1,0.141454,0.417795,0.479135,0.436419,0.306745,0.366084,0.408893,0.483115,0.290195
4638,1,0.116126,0.481181,0.477526,0.430759,0.334169,0.414560,0.355132,0.462529,0.174531
4639,0,0.127501,0.467434,0.483943,0.486305,0.393884,0.391787,0.417294,0.488453,0.370702
4640,0,0.002328,0.501859,0.497022,0.546601,0.442127,0.308191,0.077053,0.118815,0.137391
4642,0,0.205181,0.358940,0.381774,0.453988,0.214431,0.370739,0.379733,0.440693,0.141812
4644,1,0.552661,0.471971,0.508825,0.582944,0.340438,0.550770,0.514777,0.551808,0.443866
4645,0,0.014980,0.435814,0.460141,0.411076,0.287019,0.245339,0.174768,0.332093,0.144521
4646,0,0.404198,0.508523,0.488051,0.498417,0.327346,0.660176,0.551203,0.565661,0.522203
4647,0,0.325418,0.505206,0.464057,0.462987,0.357878,0.512385,0.445349,0.458411,0.341828
4649,0,0.055716,0.437618,0.484142,0.458532,0.502614,0.334204,0.271539,0.368223,0.307431
4650,0,0.468217,0.486331,0.465038,0.500504,0.467065,0.579478,0.530410,0.603244,0.503409
4652,0,0.665098,0.471775,0.477771,0.477738,0.335179,0.538597,0.490374,0.594215,0.378374
4654,1,0.506929,0.394688,0.459874,0.475699,0.254549,0.563020,0.532611,0.620508,0.381712
4655,0,0.159153,0.561509,0.549129,0.548620,0.390467,0.485713,0.454253,0.485578,0.251329
4656,1,0.480603,0.477596,0.505612,0.484051,0.285399,0.626478,0.559299,0.662428,0.546677
4657,0,0.004525,0.520169,0.473915,0.522370,0.270549,0.369548,0.051796,0.122848,0.224000
4658,1,0.048223,0.526123,0.511107,0.520395,0.325428,0.354695,0.330561,0.505680,0.283661
4659,0,0.003526,0.405122,0.495624,0.497981,0.206029,0.246415,0.064427,0.130621,0.232954
4661,0,0.504672,0.429996,0.458428,0.498040,0.201969,0.601580,0.577807,0.657998,0.541051
4662,1,0.012780,0.485528,0.470118,0.477413,0.402033,0.294067,0.145921,0.320910,0.162738
4663,0,0.051508,0.413120,0.461094,0.438191,0.282728,0.295256,0.201589,0.327882,0.200203
4664,0,0.000984,0.393609,0.481502,0.490118,0.252088,0.249146,0.085028,0.126278,0.114620
4666,1,0.446823,0.462830,0.460299,0.491088,0.484157,0.552092,0.380760,0.530497,0.408084
4667,1,0.233455,0.529044,0.495040,0.524649,0.510427,0.538034,0.521295,0.578673,0.317236
4668,1,0.575604,0.483883,0.489350,0.463384,0.287440,0.635372,0.522663,0.555857,0.640533
4669,0,0.159707,0.354562,0.475313,0.464814,0.187844,0.365758,0.475297,0.514248,0.145646
4670,1,0.313671,0.563618,0.528153,0.519866,0.364542,0.537899,0.455104,0.504544,0.575800
4672,0,0.209049,0.414160,0.431122,0.377678,0.227898,0.385388,0.367817,0.531174,0.177734
4674,0,0.573305,0.575213,0.561559,0.539397,0.450894,0.725735,0.593057,0.589472,0.495493
4675,1,0.158920,0.437217,0.483996,0.473102,0.286594,0.398447,0.387197,0.470116,0.243995
4676,0,0.494704,0.350075,0.441403,0.537930,0.131160,0.467106,0.450372,0.515596,0.382915
4677,1,0.296959,0.553718,0.502040,0.525794,0.301994,0.637167,0.539954,0.622411,0.740383
4678,0,0.503098,0.479817,0.509865,0.521128,0.365523,0.549592,0.508957,0.628541,0.411664
4679,0,0.021095,0.447951,0.482230,0.507839,0.281708,0.267394,0.145775,0.348685,0.088014
4680,0,0.659594,0.421420,0.414294,0.368648,0.314783,0.658516,0.523200,0.611597,0.525560
4684,0,0.111139,0.496319,0.508247,0.503110,0.432055,0.416384,0.403300,0.495549,0.245859
4685,0,0.007492,0.426940,0.421214,0.416815,0.248502,0.235631,0.102688,0.201011,0.091052
4686,0,0.268166,0.469057,0.466415,0.415758,0.269723,0.549596,0.545560,0.605941,0.317786
4687,1,0.457853,0.438856,0.474245,0.440440,0.303282,0.628973,0.541019,0.544065,0.450561
4688,1,0.213141,0.433965,0.459974,0.460022,0.301036,0.474468,0.409123,0.518539,0.409030
4689,1,0.431633,0.432828,0.485690,0.533375,0.268507,0.596520,0.570941,0.585963,0.348965
4691,0,0.071736,0.389923,0.393408,0.456434,0.353067,0.306732,0.203274,0.320874,0.135033
4692,1,0.001966,0.356181,0.392217,0.434976,0.364185,0.205088,0.076698,0.116212,0.093532
4693,0,0.222777,0.454321,0.482097,0.495578,0.300962,0.380384,0.452571,0.502754,0.277436
4694,0,0.074916,0.509472,0.525895,0.539590,0.399496,0.338231,0.331835,0.419044,0.223038
4695,0,0.000943,0.463751,0.413349,0.397535,0.217018,0.235945,0.088291,0.157687,0.080904
4696,1,0.545786,0.393138,0.369989,0.414437,0.330384,0.556739,0.409329,0.468995,0.343650
4697,1,0.632044,0.468050,0.479162,0.471413,0.304254,0.613479,0.513895,0.645537,0.482966
4698,0,0.191612,0.456856,0.439337,0.422036,0.216390,0.444454,0.329858,0.495491,0.349853
4699,0,0.359479,0.484760,0.514884,0.512655,0.352011,0.557864,0.543804,0.553730,0.594719
4700,0,0.011936,0.444282,0.460199,0.493442,0.232168,0.245504,0.150261,0.378026,0.088735
4701,1,0.225429,0.430023,0.520525,0.568505,0.299930,0.262383,0.419671,0.545774,0.200869
4702,0,0.323549,0.536227,0.521316,0.504726,0.373117,0.477309,0.518612,0.504676,0.410389
4703,1,0.463056,0.503589,0.463541,0.490194,0.342188,0.644833,0.449552,0.555423,0.414701
4704,0,0.583949,0.363229,0.440104,0.460919,0.300788,0.546059,0.546609,0.625429,0.533475
4706,0,0.152873,0.451893,0.450844,0.460562,0.233732,0.383342,0.414728,0.474858,0.210816
4708,0,0.500907,0.532886,0.475250,0.498291,0.231166,0.597686,0.426731,0.547271,0.320598
4709,1,0.025870,0.499765,0.491587,0.444627,0.373591,0.293288,0.156114,0.342662,0.161071
4710,1,0.570185,0.535393,0.527379,0.511317,0.482399,0.557667,0.563654,0.561488,0.461282
4711,0,0.206071,0.548556,0.480801,0.467196,0.457625,0.503810,0.514794,0.520602,0.396178
4712,0,0.506214,0.547157,0.456801,0.450253,0.394825,0.660858,0.473187,0.609724,0.519564
4713,1,0.377811,0.364974,0.427291,0.425756,0.225919,0.462787,0.443085,0.563070,0.250945
4714,0,0.665098,0.554895,0.504301,0.514304,0.323358,0.585285,0.429063,0.577659,0.338488
4716,1,0.659721,0.593206,0.547220,0.595872,0.342360,0.571731,0.563733,0.566259,0.445131
4717,0,0.540877,0.430769,0.468609,0.468763,0.344593,0.633872,0.606021,0.610710,0.363949
4718,1,0.379385,0.470507,0.452809,0.492522,0.224281,0.434569,0.371711,0.504862,0.258642
4719,1,0.296002,0.407091,0.426382,0.468513,0.308266,0.429009,0.427544,0.498357,0.272151
4720,0,0.174956,0.508795,0.514473,0.541468,0.419210,0.433101,0.423237,0.496456,0.264689
4721,0,0.504837,0.520922,0.498722,0.482323,0.354897,0.520771,0.471753,0.524528,0.368674
4722,1,0.553858,0.551310,0.493424,0.521954,0.396205,0.572778,0.511131,0.583726,0.316175
4723,1,0.584117,0.433187,0.436635,0.509937,0.203421,0.627251,0.485648,0.605223,0.360090
4724,1,0.232358,0.499250,0.463130,0.466362,0.214164,0.386320,0.362977,0.507110,0.264474
4726,0,0.573305,0.472588,0.484854,0.491824,0.277775,0.551912,0.395704,0.485169,0.323299
4727,0,0.481103,0.542369,0.515829,0.526223,0.362282,0.544731,0.437777,0.539807,0.309374
4728,1,0.538614,0.457183,0.470489,0.458795,0.297190,0.531329,0.455165,0.627989,0.388022
4731,0,0.004223,0.493477,0.484468,0.497015,0.398125,0.321672,0.085290,0.153215,0.200278
4732,0,0.043158,0.391480,0.422411,0.395234,0.263261,0.227911,0.156351,0.358431,0.110394
4733,0,0.001577,0.472894,0.457504,0.433509,0.304442,0.245076,0.064093,0.159586,0.087878
4734,0,0.515270,0.456874,0.468041,0.486345,0.302822,0.461813,0.390512,0.487027,0.233364
4736,0,0.218336,0.436748,0.475382,0.463009,0.160979,0.422509,0.434265,0.566742,0.274466
4737,0,0.254728,0.549059,0.471925,0.527536,0.387068,0.445238,0.435481,0.496914,0.349168
4738,0,0.491427,0.526439,0.487349,0.514260,0.350457,0.628718,0.480360,0.606510,0.463318
4739,1,0.186019,0.439360,0.433191,0.447284,0.241386,0.402623,0.342286,0.463167,0.296404
4740,1,0.313107,0.555898,0.524893,0.493037,0.372830,0.501873,0.451877,0.471466,0.260011
4741,0,0.001778,0.358187,0.468565,0.482972,0.377614,0.195296,0.040551,0.139685,0.139421
4742,1,0.107512,0.433924,0.425005,0.460995,0.341955,0.409716,0.381420,0.437850,0.176268
4743,1,0.170759,0.606409,0.537522,0.539542,0.384497,0.385213,0.401076,0.481389,0.228392
4745,0,0.390957,0.548965,0.485087,0.464008,0.337896,0.642229,0.546418,0.553294,0.416274
4746,1,0.347360,0.558632,0.534541,0.468003,0.361395,0.500091,0.553873,0.564364,0.274530
4747,0,0.522980,0.585590,0.502084,0.513459,0.494702,0.622502,0.482234,0.587194,0.406079
4748,0,0.605724,0.570755,0.535347,0.526726,0.337110,0.567049,0.526314,0.629113,0.301559
4749,0,0.085366,0.475955,0.477953,0.509149,0.380237,0.361598,0.445655,0.514711,0.192163
4750,1,0.630091,0.564640,0.505463,0.513026,0.310919,0.589708,0.467759,0.533270,0.464379
4753,1,0.326947,0.371673,0.431150,0.425761,0.236006,0.465745,0.464313,0.514116,0.265198
4754,0,0.309374,0.548263,0.522395,0.509377,0.403691,0.493799,0.537786,0.552619,0.323673
4757,0,0.570286,0.579893,0.545161,0.564075,0.414087,0.564899,0.551766,0.618874,0.386439
4758,0,0.223327,0.476822,0.469757,0.526797,0.295942,0.482189,0.380343,0.492650,0.317908
4760,0,0.289630,0.583514,0.558505,0.632079,0.510806,0.463444,0.525409,0.553796,0.281345
4761,0,0.471941,0.521325,0.487030,0.507611,0.310347,0.554895,0.456829,0.555147,0.304865
4762,0,0.549611,0.533512,0.471273,0.463151,0.350835,0.546917,0.408847,0.454480,0.408209
4763,1,0.415428,0.309970,0.346639,0.431858,0.244567,0.427243,0.427427,0.494785,0.346303
4766,0,0.339937,0.469402,0.461459,0.473361,0.277359,0.492850,0.457067,0.553361,0.352929
4767,0,0.580323,0.610541,0.517367,0.506155,0.517637,0.715811,0.531921,0.585078,0.553691
4771,0,0.487076,0.451099,0.507584,0.527833,0.297108,0.437858,0.542711,0.603421,0.337730
4772,0,0.474353,0.549848,0.504529,0.488218,0.253318,0.523801,0.458368,0.491951,0.265831
4773,0,0.510030,0.574683,0.434367,0.314188,0.416774,0.607498,0.392933,0.554217,0.493199
4775,0,0.409388,0.528142,0.511603,0.501200,0.297364,0.515382,0.455009,0.480511,0.356096
4776,0,0.462522,0.444341,0.448765,0.468956,0.258927,0.570559,0.448769,0.532811,0.423636
4777,0,0.039007,0.375562,0.442515,0.479872,0.346288,0.217930,0.184851,0.404963,0.190899
4779,0,0.486742,0.525016,0.490926,0.532624,0.333372,0.555770,0.445081,0.549317,0.378961
4783,1,0.594558,0.627233,0.485097,0.462540,0.403257,0.646655,0.454841,0.561884,0.607819
4784,0,0.539320,0.507000,0.509379,0.459960,0.360338,0.531620,0.413502,0.528822,0.502550
4785,1,0.463518,0.514219,0.512867,0.528061,0.532762,0.485483,0.498360,0.517905,0.333129
4786,0,0.436876,0.377988,0.454698,0.494969,0.297123,0.501479,0.475936,0.547078,0.406113
4787,0,0.462639,0.555388,0.530482,0.480982,0.393655,0.573734,0.474491,0.504740,0.334485
4788,1,0.501960,0.477271,0.487012,0.505677,0.342511,0.595670,0.464502,0.558138,0.410844
4789,0,0.601444,0.579983,0.490835,0.529158,0.410333,0.569166,0.498411,0.548164,0.390528
4790,0,0.029944,0.495622,0.459963,0.515319,0.233941,0.298594,0.215210,0.333114,0.094420
4792,0,0.491569,0.451756,0.448974,0.463235,0.328342,0.570199,0.453337,0.508799,0.380718
4794,1,0.455897,0.500042,0.499829,0.508487,0.286485,0.516203,0.458990,0.546616,0.361052
4795,0,0.635285,0.617885,0.523523,0.492349,0.352698,0.639099,0.526745,0.577692,0.293292
4796,0,0.586685,0.493298,0.564933,0.599871,0.475034,0.635889,0.647467,0.621071,0.533997
4797,0,0.582694,0.502056,0.468047,0.518083,0.367605,0.579427,0.467684,0.508104,0.386226
4798,0,0.156391,0.560316,0.488355,0.527136,0.413522,0.466924,0.432011,0.530865,0.188290
4799,0,0.461550,0.581642,0.588565,0.589578,0.310774,0.591851,0.518111,0.545302,0.488415
4801,1,0.260409,0.513221,0.492884,0.511040,0.373896,0.526740,0.489441,0.576589,0.202013
4802,0,0.134603,0.555309,0.486707,0.557431,0.379176,0.447789,0.464081,0.496384,0.227746
4804,0,0.479741,0.444903,0.451750,0.484722,0.212114,0.485379,0.346096,0.478611,0.306939
4805,0,0.189906,0.416674,0.476896,0.566155,0.247049,0.334566,0.400519,0.525256,0.225524
4807,0,0.565224,0.481986,0.513990,0.518615,0.349011,0.635429,0.570757,0.595648,0.561901
4809,1,0.438821,0.461798,0.433611,0.462342,0.257126,0.544911,0.441062,0.527297,0.254287
4810,1,0.117200,0.456411,0.424478,0.430173,0.355942,0.382616,0.386942,0.433780,0.219014
4811,1,0.531685,0.558961,0.500778,0.482075,0.339938,0.668448,0.467927,0.593969,0.531222
4812,0,0.611505,0.482645,0.502588,0.497627,0.356427,0.563608,0.547061,0.664181,0.532309
4813,0,0.540284,0.581789,0.493111,0.478842,0.400813,0.662883,0.451796,0.536575,0.578696
4814,0,0.490743,0.525017,0.483559,0.499601,0.360209,0.635828,0.480202,0.602307,0.458464
4815,0,0.239642,0.523038,0.483319,0.535129,0.366637,0.506661,0.546301,0.576589,0.448439
4816,1,0.148092,0.387520,0.436584,0.474434,0.235235,0.300141,0.385256,0.472109,0.147473
4817,0,0.186997,0.445996,0.402147,0.404311,0.293028,0.437940,0.426645,0.415377,0.274918
4818,0,0.177137,0.518989,0.507214,0.526984,0.426245,0.488175,0.540752,0.561978,0.322903
4819,1,0.544185,0.374835,0.449561,0.499442,0.171795,0.508386,0.432507,0.564678,0.398112
4820,0,0.526684,0.472128,0.459164,0.453301,0.288265,0.556365,0.459552,0.562060,0.332605
4821,1,0.218736,0.383333,0.415831,0.453043,0.206435,0.339054,0.423278,0.504309,0.175590
4822,0,0.603566,0.546292,0.492347,0.473051,0.358371,0.624061,0.424338,0.562697,0.460168
4823,0,0.409673,0.568954,0.489679,0.454120,0.385184,0.611746,0.428312,0.549224,0.337867
4824,0,0.450524,0.448259,0.472157,0.367715,0.248464,0.515716,0.399488,0.554932,0.272112
4825,1,0.509216,0.517847,0.446588,0.351196,0.216058,0.580334,0.423434,0.542283,0.179461
4827,0,0.383260,0.466121,0.476557,0.499854,0.269253,0.485358,0.410855,0.556419,0.345908
4828,1,0.153329,0.459098,0.479965,0.511918,0.228200,0.355514,0.486318,0.566825,0.284611
4829,0,0.482574,0.601072,0.471769,0.451573,0.384499,0.612286,0.406548,0.516933,0.324894
4830,0,0.710337,0.528516,0.471927,0.467283,0.391380,0.575586,0.482223,0.549100,0.499485
4832,1,0.345632,0.552311,0.488350,0.541593,0.324365,0.527947,0.434264,0.578761,0.294039
4833,0,0.307214,0.457691,0.482708,0.505118,0.414009,0.460535,0.467540,0.571483,0.360105
4834,0,0.526467,0.539874,0.488234,0.471133,0.266239,0.663273,0.551937,0.652028,0.289067
4836,0,0.396036,0.541316,0.515433,0.518698,0.395025,0.650748,0.523770,0.587040,0.470292
4837,1,0.569403,0.528181,0.483485,0.478333,0.169675,0.639800,0.498255,0.588357,0.367812
4838,0,0.687164,0.364263,0.441418,0.510501,0.278499,0.515320,0.446128,0.564190,0.567547
4839,0,0.417977,0.454805,0.440699,0.514062,0.289707,0.531375,0.374835,0.584438,0.191833
4841,0,0.225757,0.509629,0.525901,0.500750,0.337161,0.338265,0.411209,0.449361,0.337660
4842,1,0.004712,0.395000,0.447667,0.442448,0.267919,0.175822,0.045216,0.098300,0.169282
4843,0,0.388136,0.452330,0.464541,0.457866,0.257564,0.435564,0.396065,0.503345,0.283689
4844,1,0.307944,0.386565,0.467398,0.493984,0.277456,0.438540,0.441811,0.568114,0.269331
4846,1,0.557033,0.496179,0.496000,0.513100,0.335008,0.628483,0.573745,0.591458,0.320773
4847,0,0.448661,0.424627,0.430698,0.509706,0.157982,0.601254,0.449417,0.570208,0.411412
4848,1,0.205751,0.319202,0.392346,0.457764,0.216375,0.368089,0.392694,0.472415,0.295445
4849,0,0.450012,0.447652,0.422289,0.468927,0.309215,0.498014,0.396501,0.500384,0.329613
4850,0,0.047224,0.473005,0.480836,0.513309,0.349590,0.255567,0.216923,0.325697,0.166543
4851,0,0.394809,0.524676,0.444875,0.469904,0.330142,0.574407,0.398990,0.573163,0.235080
4852,0,0.470931,0.542287,0.504079,0.486265,0.353992,0.583861,0.464269,0.571348,0.302050
4853,1,0.583250,0.521464,0.478024,0.498859,0.432361,0.670483,0.465719,0.613153,0.429453
4854,0,0.355816,0.517211,0.500321,0.488080,0.370408,0.402979,0.430427,0.515672,0.226453
4855,0,0.089504,0.449777,0.433569,0.476759,0.268852,0.312613,0.298652,0.408919,0.228844
4859,0,0.481365,0.541288,0.501721,0.523977,0.316759,0.519480,0.503261,0.594542,0.409087
4861,0,0.566646,0.448807,0.449059,0.477589,0.247703,0.601988,0.403260,0.543751,0.367546
4862,0,0.117639,0.424252,0.413025,0.468561,0.295560,0.311044,0.396647,0.493430,0.205834
4865,1,0.346337,0.499152,0.436002,0.358515,0.225256,0.544339,0.401562,0.558968,0.202325
4866,0,0.247670,0.442538,0.478055,0.534943,0.192431,0.375968,0.427380,0.503951,0.266054
4867,0,0.014565,0.438358,0.508820,0.513309,0.351728,0.209487,0.178923,0.435038,0.127076
4868,0,0.663805,0.458022,0.456468,0.528362,0.198113,0.500089,0.445476,0.500692,0.420927
4869,1,0.659594,0.413766,0.459682,0.481389,0.166270,0.567357,0.470633,0.579589,0.379537
4871,0,0.338546,0.578139,0.468860,0.447793,0.424245,0.600649,0.431465,0.508408,0.328340
4874,1,0.244418,0.532716,0.432788,0.472589,0.364852,0.560265,0.397978,0.553176,0.443900
4875,1,0.145900,0.546842,0.496116,0.450025,0.285922,0.447491,0.396683,0.556644,0.230622
4876,0,0.546662,0.499121,0.479289,0.504818,0.338780,0.636430,0.470389,0.593497,0.504340
4877,0,0.457889,0.597090,0.502846,0.516210,0.385779,0.592060,0.457342,0.524742,0.323018
4878,0,0.420616,0.504305,0.451604,0.424093,0.303207,0.612034,0.445393,0.552923,0.393650
4880,1,0.441071,0.481334,0.446369,0.452355,0.313990,0.584414,0.397747,0.552218,0.219857
4881,0,0.450012,0.418439,0.464084,0.488264,0.257556,0.561398,0.499073,0.567336,0.423623
4882,0,0.047211,0.564328,0.506081,0.493985,0.412252,0.328443,0.135432,0.369467,0.165303
4883,0,0.277274,0.480929,0.493662,0.549725,0.260183,0.467040,0.437188,0.552713,0.246116
4884,0,0.641386,0.519053,0.476423,0.478735,0.353125,0.588019,0.490856,0.599614,0.647677
4885,0,0.553858,0.563890,0.488129,0.514009,0.415485,0.668956,0.472551,0.474624,0.267531
4886,0,0.517981,0.496983,0.486253,0.536659,0.397302,0.641756,0.558218,0.628050,0.460326
4887,0,0.591736,0.509562,0.499917,0.512711,0.339098,0.613586,0.448531,0.608211,0.518187
4889,0,0.525049,0.467769,0.509334,0.535997,0.411482,0.505556,0.515277,0.570367,0.364477
4890,0,0.289452,0.455274,0.470905,0.493951,0.300516,0.448115,0.442866,0.533165,0.201654
4891,0,0.474948,0.503561,0.477932,0.498341,0.429207,0.603294,0.457106,0.555191,0.374526
4893,0,0.469077,0.583939,0.483873,0.429396,0.365558,0.643646,0.485730,0.596739,0.278635
4895,1,0.451740,0.462152,0.403067,0.475397,0.175728,0.567826,0.350037,0.534201,0.380092
4897,1,0.612452,0.489563,0.468745,0.490101,0.298428,0.672697,0.467545,0.626754,0.531139
4899,0,0.265374,0.545111,0.469384,0.409421,0.370388,0.518519,0.407995,0.522899,0.368151
4900,1,0.344295,0.526329,0.528361,0.512526,0.356370,0.497170,0.514664,0.546787,0.505973
4901,0,0.046433,0.513221,0.499860,0.460783,0.317291,0.226148,0.334875,0.366116,0.253396
4902,0,0.556083,0.583709,0.508314,0.519327,0.336346,0.668423,0.503919,0.558952,0.391271
4903,0,0.006745,0.457974,0.458922,0.467333,0.290133,0.256425,0.058040,0.132417,0.103795
4904,0,0.232358,0.575541,0.506287,0.578706,0.414722,0.478074,0.398478,0.527908,0.423037
4905,1,0.043600,0.508063,0.510415,0.550787,0.388198,0.241401,0.227547,0.313145,0.145218
4906,1,0.653994,0.552335,0.523077,0.492641,0.386333,0.678328,0.541950,0.603292,0.525288
4907,0,0.602694,0.513591,0.504129,0.503695,0.383463,0.626473,0.535891,0.546112,0.458208
4908,0,0.546478,0.514903,0.454644,0.415728,0.293988,0.562956,0.408930,0.512184,0.274390
4910,0,0.403015,0.522896,0.534966,0.538697,0.439405,0.564183,0.523273,0.562850,0.400086
4911,1,0.388655,0.516990,0.551973,0.617713,0.477465,0.569944,0.531885,0.547443,0.213106
4912,0,0.576557,0.487115,0.506103,0.493718,0.365915,0.565461,0.483855,0.502034,0.483689
4913,1,0.348174,0.626052,0.537625,0.567912,0.339793,0.646076,0.515436,0.601036,0.430384
4914,1,0.692343,0.560835,0.548075,0.537888,0.415579,0.678523,0.543003,0.576312,0.526445
4915,0,0.565286,0.546815,0.496884,0.518001,0.425041,0.655732,0.575299,0.622219,0.614727
4917,0,0.328907,0.605075,0.528166,0.510608,0.441807,0.611445,0.559839,0.593930,0.463328
4918,0,0.066622,0.569283,0.530473,0.562122,0.398006,0.343388,0.436050,0.547037,0.310177
4921,1,0.257524,0.577035,0.498375,0.475140,0.434549,0.512120,0.450720,0.524435,0.406563
4922,1,0.198826,0.629807,0.505952,0.489550,0.412958,0.558690,0.400705,0.491635,0.310159
4923,0,0.417055,0.524177,0.482672,0.514407,0.366961,0.657254,0.488871,0.564744,0.390494
4924,1,0.322563,0.514381,0.514335,0.490607,0.381663,0.485516,0.470891,0.524240,0.464840
4925,0,0.261994,0.648646,0.551833,0.581606,0.484557,0.563354,0.520187,0.572604,0.397395
4926,0,0.530266,0.540602,0.504179,0.502481,0.382476,0.579105,0.497028,0.557387,0.380456
4927,1,0.235896,0.473782,0.500313,0.567691,0.320664,0.432708,0.467690,0.525047,0.271802
4928,1,0.666817,0.543127,0.512857,0.555475,0.390761,0.660412,0.552933,0.592983,0.349586
4929,0,0.261033,0.601579,0.538113,0.566120,0.496857,0.506759,0.461477,0.604438,0.395275
4930,0,0.655871,0.543914,0.563856,0.547214,0.428001,0.686383,0.582717,0.619680,0.486451
4931,0,0.213176,0.618526,0.544441,0.545193,0.387507,0.553872,0.541567,0.568517,0.434920
4932,0,0.236976,0.495530,0.540112,0.514799,0.302096,0.469142,0.493601,0.570953,0.351208
4933,1,0.314344,0.605252,0.525151,0.529849,0.467794,0.664477,0.512283,0.615289,0.533708
4935,0,0.468492,0.489990,0.523509,0.498720,0.323107,0.504327,0.466085,0.512959,0.375757
4936,0,0.052724,0.530505,0.526941,0.549876,0.408661,0.316235,0.249004,0.338434,0.124866
4937,0,0.308857,0.590369,0.544491,0.587602,0.482592,0.572983,0.514077,0.564299,0.351838
4938,1,0.149870,0.521926,0.499987,0.552474,0.430051,0.400135,0.433182,0.540812,0.235773
4939,1,0.556921,0.505988,0.523371,0.473771,0.362211,0.529712,0.521743,0.576664,0.406804
4940,1,0.494644,0.477251,0.501688,0.491015,0.373670,0.540645,0.468554,0.562360,0.404659
4941,1,0.504092,0.501513,0.477316,0.483953,0.355600,0.523575,0.465102,0.618880,0.350864
4942,0,0.064410,0.541772,0.522008,0.547224,0.358877,0.325151,0.333468,0.440548,0.241035
4943,0,0.505827,0.602985,0.497223,0.579715,0.277801,0.626014,0.433948,0.598085,0.600142
4944,0,0.062203,0.602716,0.553462,0.557146,0.500505,0.419188,0.325525,0.361345,0.145091
4946,1,0.436972,0.575227,0.533038,0.515779,0.324469,0.583490,0.433994,0.515161,0.418555
4947,0,0.575996,0.500542,0.496962,0.513772,0.366472,0.611300,0.490242,0.523949,0.394229
4948,0,0.029379,0.489594,0.504759,0.528116,0.283812,0.297990,0.226735,0.378819,0.108144
4949,1,0.107440,0.565911,0.525089,0.546839,0.380770,0.432913,0.355491,0.515449,0.283332
4950,0,0.030119,0.457708,0.512306,0.486351,0.374533,0.194285,0.209150,0.349232,0.074416
4951,0,0.605864,0.513938,0.539760,0.552808,0.271232,0.574508,0.527788,0.510482,0.434981
4952,1,0.476358,0.429434,0.475225,0.469780,0.300811,0.502494,0.428654,0.569365,0.319276
4955,0,0.044798,0.530799,0.506303,0.533303,0.471973,0.281632,0.182969,0.317094,0.129224
4956,1,0.024028,0.486020,0.538181,0.569225,0.424411,0.211438,0.340050,0.462781,0.143622
4957,1,0.545587,0.452018,0.516607,0.544062,0.362904,0.486498,0.500488,0.531438,0.349181
4958,1,0.649040,0.528939,0.505477,0.466611,0.416736,0.599054,0.493423,0.594689,0.381013
4959,1,0.295170,0.493028,0.554273,0.530457,0.372667,0.504990,0.545172,0.564858,0.407471
4963,1,0.621211,0.541088,0.483350,0.461065,0.361301,0.584927,0.417878,0.558709,0.452915
4964,0,0.199068,0.571485,0.549672,0.547477,0.317369,0.493094,0.518581,0.633015,0.280308
4966,0,0.076678,0.470377,0.531996,0.511140,0.301864,0.294474,0.376253,0.516446,0.156095
4968,0,0.587477,0.625109,0.509886,0.558379,0.452482,0.603917,0.383495,0.553737,0.578885
4969,1,0.527529,0.516481,0.487808,0.502252,0.292615,0.546647,0.484282,0.495506,0.589462
4970,1,0.449833,0.551334,0.523834,0.571537,0.455061,0.583397,0.493583,0.564973,0.540079
4971,1,0.526562,0.561136,0.521681,0.501523,0.439950,0.703198,0.551777,0.551036,0.602223
4973,0,0.533321,0.624382,0.538607,0.526346,0.457062,0.693306,0.546054,0.588516,0.621412
4974,0,0.136223,0.506136,0.516153,0.512252,0.339971,0.397640,0.414090,0.481473,0.224205
4975,0,0.112043,0.546147,0.453948,0.461702,0.351486,0.385653,0.336287,0.514366,0.295491
4978,1,0.406255,0.502487,0.537627,0.544051,0.397951,0.526581,0.492608,0.514808,0.317546
4979,1,0.053765,0.586853,0.560838,0.563965,0.416388,0.351262,0.294141,0.426640,0.252205
4980,1,0.726873,0.605296,0.520991,0.543328,0.384552,0.640435,0.554187,0.589564,0.549938
4982,0,0.101454,0.512539,0.503176,0.494846,0.371437,0.337030,0.412977,0.455332,0.230264
4983,1,0.363472,0.538800,0.528698,0.517536,0.329414,0.539884,0.487513,0.526739,0.432946
4984,0,0.656675,0.576813,0.541445,0.551075,0.402103,0.669849,0.640394,0.658280,0.644608
4987,0,0.114661,0.533338,0.520068,0.573770,0.376373,0.376547,0.424305,0.565173,0.321923
4988,1,0.008054,0.465311,0.462089,0.562205,0.349299,0.187359,0.254766,0.194677,0.176480
4990,1,0.144414,0.580811,0.527297,0.604710,0.442992,0.422737,0.399266,0.515107,0.115622
4991,1,0.598426,0.434820,0.477978,0.453847,0.279225,0.513260,0.473389,0.551779,0.375245
4992,0,0.329975,0.646013,0.532049,0.579944,0.465366,0.599724,0.470419,0.608717,0.408774
4993,1,0.206217,0.510510,0.499880,0.501912,0.349438,0.371624,0.417299,0.502633,0.315857
4994,0,0.463056,0.608752,0.505845,0.534443,0.407300,0.642588,0.461131,0.555000,0.514294
4996,0,0.435817,0.501167,0.514095,0.524251,0.408304,0.545668,0.494461,0.547453,0.344651
4997,1,0.480100,0.485205,0.518547,0.505862,0.324315,0.533733,0.540754,0.553098,0.418630
4999,0,0.369150,0.519541,0.491919,0.484772,0.331736,0.560373,0.429616,0.565310,0.422536
5000,0,0.121179,0.532174,0.496366,0.517249,0.430943,0.473560,0.449001,0.505310,0.276988
5001,0,0.454901,0.583255,0.536241,0.569476,0.323482,0.632536,0.506349,0.611614,0.581683
5002,0,0.235833,0.631031,0.515319,0.547873,0.446060,0.586259,0.525098,0.581844,0.579930
5003,1,0.293497,0.503540,0.473465,0.514886,0.268784,0.523550,0.476252,0.581980,0.412214
5005,0,0.429401,0.583360,0.523892,0.555917,0.505834,0.669181,0.595116,0.581775,0.554709
5006,0,0.460283,0.558947,0.504923,0.525735,0.488214,0.684542,0.576027,0.566529,0.605926
5007,0,0.041123,0.566419,0.515545,0.518394,0.275960,0.387333,0.238987,0.382468,0.164671
5008,1,0.273668,0.549696,0.490858,0.541918,0.518790,0.625879,0.551823,0.587032,0.509359
5009,0,0.122462,0.560088,0.514410,0.522066,0.452491,0.449872,0.482751,0.523749,0.251041
5011,0,0.216858,0.542017,0.475874,0.461514,0.351131,0.549789,0.471479,0.517089,0.261169
5012,0,0.079609,0.511867,0.455875,0.450774,0.226085,0.359346,0.322194,0.405860,0.215652
5013,1,0.530096,0.400558,0.447106,0.376582,0.393706,0.566291,0.511008,0.569985,0.452814
5014,0,0.280880,0.535838,0.499482,0.502301,0.262813,0.623749,0.513500,0.553952,0.284133
5015,0,0.167761,0.584252,0.537066,0.514198,0.310135,0.539783,0.541209,0.570723,0.428398
5016,1,0.133360,0.357178,0.423954,0.468960,0.199623,0.347230,0.411846,0.520991,0.150689
5017,1,0.084718,0.527266,0.454575,0.471884,0.226946,0.431580,0.358574,0.455677,0.200200
5018,0,0.054181,0.471079,0.418575,0.471150,0.338097,0.317665,0.185624,0.269635,0.138469
5019,0,0.337777,0.463539,0.468902,0.517226,0.297840,0.575925,0.483149,0.591213,0.224782
5020,0,0.235064,0.524587,0.467803,0.519322,0.322967,0.483866,0.419981,0.547802,0.280432
5021,0,0.374843,0.498389,0.477403,0.508299,0.255721,0.601209,0.573458,0.582401,0.294247
5023,1,0.490026,0.488961,0.488610,0.487635,0.340959,0.549277,0.539853,0.566906,0.383337
5024,0,0.040343,0.476412,0.495588,0.496907,0.252479,0.363005,0.202379,0.348967,0.088327
5025,0,0.261469,0.453855,0.456697,0.469752,0.261279,0.476297,0.457068,0.530552,0.285117
5026,0,0.012844,0.583547,0.549415,0.542401,0.445722,0.334795,0.226573,0.363583,0.251954
5027,0,0.007845,0.433290,0.440854,0.507331,0.293437,0.282072,0.108448,0.242509,0.091919
5028,0,0.258641,0.425100,0.452585,0.499020,0.340563,0.520681,0.493832,0.594846,0.428871
5029,1,0.083578,0.498333,0.448410,0.442092,0.341788,0.351581,0.400318,0.478107,0.184334
5030,1,0.078848,0.473603,0.444911,0.527047,0.266669,0.400617,0.314306,0.465267,0.133338
5031,1,0.449287,0.400937,0.415350,0.413367,0.308102,0.518912,0.463550,0.552175,0.309304
5033,0,0.195351,0.545407,0.495144,0.539922,0.391498,0.525298,0.485526,0.566774,0.287666
5034,1,0.510247,0.453886,0.480012,0.499620,0.226975,0.555506,0.547407,0.582408,0.510239
5036,1,0.503753,0.384481,0.387477,0.387917,0.332160,0.583646,0.453962,0.539522,0.452501
5038,1,0.465929,0.521240,0.472448,0.504443,0.310245,0.686108,0.577982,0.617633,0.319286
5040,1,0.096432,0.469471,0.390468,0.418954,0.360317,0.364493,0.303585,0.458843,0.173100
5041,0,0.210973,0.452643,0.455274,0.431583,0.277121,0.492050,0.380651,0.532297,0.241817
5042,0,0.158765,0.536272,0.482415,0.450683,0.353462,0.434044,0.404939,0.521617,0.247691
5043,0,0.002362,0.470692,0.461110,0.489923,0.293679,0.273420,0.044095,0.124404,0.108238
5044,1,0.343850,0.490295,0.538092,0.521016,0.388309,0.473465,0.539550,0.528145,0.434731
5045,0,0.441224,0.545935,0.404613,0.403104,0.356120,0.556534,0.375931,0.418910,0.521932
5046,0,0.358737,0.501792,0.483166,0.481637,0.376934,0.538124,0.485395,0.549614,0.389672
5048,0,0.213787,0.510532,0.474978,0.504242,0.279633,0.463785,0.417243,0.531057,0.226851
5049,0,0.001266,0.407099,0.437255,0.367882,0.214386,0.229341,0.042560,0.099881,0.103364
5050,0,0.018125,0.473741,0.484131,0.554608,0.327224,0.277212,0.207247,0.351527,0.098184
5051,0,0.469644,0.576351,0.468086,0.496512,0.341163,0.673026,0.484708,0.560291,0.428980
5054,0,0.006986,0.503274,0.501185,0.559668,0.309151,0.305712,0.094059,0.140786,0.163261
5055,0,0.101518,0.504258,0.503456,0.533691,0.323107,0.407055,0.465444,0.492191,0.199987
5056,0,0.005860,0.543557,0.504525,0.481099,0.329882,0.314278,0.067283,0.101549,0.149913
5057,1,0.454829,0.537672,0.513431,0.487847,0.290101,0.613107,0.543225,0.568174,0.532931
5058,1,0.087478,0.521065,0.452853,0.472085,0.384989,0.386391,0.257500,0.285214,0.155179
5059,0,0.007117,0.442165,0.463694,0.452732,0.305136,0.238838,0.153314,0.238845,0.053155
5060,1,0.350579,0.525557,0.481388,0.527685,0.448574,0.631766,0.537287,0.568524,0.384433
5061,1,0.496562,0.603739,0.517844,0.535120,0.370236,0.686484,0.600355,0.597666,0.575300
5063,1,0.458817,0.501762,0.448804,0.442305,0.301881,0.595542,0.496597,0.599182,0.579744
5064,0,0.253345,0.560374,0.543868,0.532595,0.241840,0.535743,0.549899,0.576610,0.350895
5065,0,0.043107,0.465033,0.463723,0.480634,0.403173,0.312767,0.212103,0.315855,0.192386
5067,0,0.223109,0.513943,0.493808,0.525086,0.388843,0.529311,0.501612,0.548129,0.311444
5068,0,0.324867,0.416922,0.450215,0.392827,0.368570,0.478077,0.431254,0.571976,0.366707
5069,0,0.281845,0.518361,0.473761,0.464252,0.413160,0.592161,0.499185,0.548315,0.455937
5070,0,0.003894,0.451835,0.476222,0.521021,0.305931,0.242969,0.080252,0.150441,0.174401
5071,0,0.587091,0.518179,0.483743,0.514618,0.418120,0.679180,0.562659,0.637470,0.542687
5072,0,0.568052,0.471580,0.467855,0.485051,0.343528,0.650363,0.479572,0.617587,0.559599
5073,0,0.307134,0.442097,0.441952,0.453572,0.333511,0.588364,0.474995,0.547920,0.309314
5075,1,0.444636,0.559414,0.523548,0.564995,0.429762,0.665997,0.524238,0.605807,0.446723
5076,0,0.184511,0.441242,0.449891,0.454105,0.281475,0.419018,0.342609,0.514926,0.329463
5077,1,0.231601,0.487011,0.485615,0.471596,0.230138,0.517354,0.418699,0.513462,0.367681
5078,1,0.479187,0.468907,0.417289,0.443694,0.393274,0.651500,0.541563,0.598274,0.324380
5079,1,0.623309,0.543951,0.482737,0.500259,0.440997,0.698666,0.564677,0.641147,0.663957
5080,0,0.320654,0.472194,0.498230,0.525699,0.170440,0.529764,0.580843,0.582158,0.309707
5081,0,0.633058,0.576154,0.547881,0.536816,0.447641,0.677561,0.691534,0.656006,0.521094
5082,0,0.056316,0.453081,0.456315,0.497699,0.259884,0.329348,0.301595,0.391806,0.190912
5083,0,0.037404,0.372032,0.453815,0.477036,0.245621,0.253958,0.185743,0.331405,0.137338
5084,0,0.570897,0.475503,0.458447,0.524864,0.290710,0.678261,0.547706,0.650495,0.578007
5086,0,0.354385,0.498224,0.445766,0.461845,0.396321,0.577966,0.489926,0.561736,0.422434
5088,0,0.601574,0.482359,0.430126,0.455100,0.399343,0.598230,0.492595,0.613489,0.377436
5089,0,0.140512,0.461085,0.448997,0.472773,0.239013,0.439651,0.415149,0.479857,0.275815
5090,0,0.407903,0.452785,0.421817,0.494007,0.314227,0.524293,0.453279,0.579463,0.361815
5092,0,0.344519,0.573489,0.528576,0.568057,0.399624,0.612668,0.537086,0.620520,0.337297
5093,0,0.091757,0.496659,0.422713,0.467527,0.232359,0.428252,0.354309,0.371658,0.294412
5094,0,0.308857,0.502823,0.473128,0.504962,0.399761,0.541289,0.502977,0.569613,0.423410
5095,1,0.014334,0.443966,0.461623,0.497396,0.257924,0.265621,0.201188,0.386331,0.115496
5096,1,0.087417,0.479723,0.438890,0.483573,0.316879,0.391589,0.384530,0.512388,0.374351
5097,0,0.542294,0.433679,0.486453,0.491793,0.250028,0.628530,0.520187,0.582797,0.617291
5098,1,0.071317,0.480045,0.466387,0.501668,0.352848,0.342750,0.276046,0.392351,0.126825
5100,0,0.359016,0.571713,0.463174,0.502314,0.412413,0.593949,0.449417,0.560990,0.311762
5101,0,0.002087,0.368465,0.322710,0.352244,0.192069,0.177608,0.029090,0.113810,0.165445
5102,0,0.532351,0.493085,0.498574,0.500712,0.380717,0.599068,0.565786,0.590174,0.456232
5104,0,0.137390,0.441725,0.391197,0.411671,0.240356,0.358831,0.397940,0.480274,0.160950
5105,0,0.441381,0.399320,0.378953,0.360981,0.311048,0.559808,0.391694,0.542365,0.303169
5106,0,0.591831,0.457435,0.455302,0.529758,0.234859,0.589142,0.525406,0.605618,0.501115
5107,0,0.353808,0.460431,0.418179,0.359855,0.267525,0.531571,0.397438,0.520854,0.359129
5108,0,0.193026,0.460517,0.471442,0.521001,0.372939,0.492945,0.441410,0.538824,0.322416
5109,1,0.518743,0.480495,0.461937,0.443143,0.287893,0.597366,0.535000,0.619667,0.636765
5111,0,0.616521,0.533702,0.473295,0.538497,0.343378,0.630095,0.448041,0.544828,0.513119
5112,0,0.544946,0.359451,0.411960,0.368964,0.163922,0.596976,0.493445,0.593344,0.362495
5114,0,0.439789,0.506478,0.479069,0.525001,0.400519,0.601861,0.487610,0.540730,0.540733
5116,1,0.237550,0.352451,0.433453,0.455526,0.201112,0.444814,0.471934,0.537562,0.337143
5117,0,0.023054,0.529909,0.457928,0.459404,0.332892,0.357247,0.179475,0.337174,0.128371
5118,1,0.240540,0.454895,0.444306,0.490403,0.357855,0.481537,0.489847,0.537438,0.415512
5119,1,0.475422,0.435122,0.434840,0.462361,0.292743,0.456755,0.454943,0.533503,0.283124
5120,0,0.496633,0.451979,0.409371,0.474234,0.307725,0.520360,0.440225,0.534793,0.246411
5121,0,0.002469,0.389898,0.431204,0.493831,0.214833,0.206771,0.052122,0.132674,0.132728
5122,0,0.085134,0.367324,0.407123,0.427647,0.244763,0.253899,0.300249,0.399712,0.105755
5123,0,0.495675,0.418252,0.434038,0.433080,0.429480,0.530620,0.459577,0.592721,0.493057
5124,0,0.002565,0.406527,0.395644,0.467701,0.264187,0.228643,0.089965,0.170042,0.114052
5125,0,0.320653,0.353251,0.346710,0.393173,0.208542,0.464336,0.414234,0.486432,0.231117
5126,0,0.019417,0.310858,0.300944,0.416872,0.061695,0.217431,0.097393,0.263954,0.102609
5127,0,0.369537,0.522405,0.462400,0.497960,0.344540,0.674020,0.525936,0.605178,0.333408
5128,0,0.617468,0.440626,0.439670,0.446176,0.206564,0.564063,0.492187,0.552179,0.454071
5129,1,0.453601,0.362732,0.445410,0.525709,0.167041,0.393307,0.442417,0.550612,0.251250
5130,0,0.003398,0.357188,0.337494,0.351959,0.229071,0.206800,0.033847,0.171753,0.078167
5131,0,0.005640,0.466622,0.464268,0.527280,0.325583,0.251177,0.057295,0.138889,0.126527
5132,0,0.003553,0.550995,0.426853,0.473084,0.340891,0.371831,0.073019,0.163549,0.228600
5133,1,0.499718,0.398488,0.375869,0.416302,0.307168,0.462423,0.485139,0.477988,0.265567
5134,0,0.028160,0.460855,0.465690,0.452395,0.256099,0.284780,0.221002,0.348192,0.175473
5136,0,0.503122,0.438096,0.435735,0.474290,0.292074,0.567799,0.459092,0.599691,0.452008
5137,0,0.433582,0.474257,0.500517,0.504761,0.307435,0.578662,0.624210,0.680606,0.381518
5140,1,0.497386,0.489183,0.431245,0.462331,0.195025,0.608478,0.404855,0.557706,0.352860
5141,0,0.335216,0.471755,0.485299,0.506602,0.301811,0.594201,0.507197,0.590179,0.535543
5142,1,0.029443,0.397002,0.408876,0.364635,0.160627,0.271945,0.154283,0.271389,0.179461
5144,1,0.216531,0.469094,0.460613,0.397345,0.288752,0.548899,0.459576,0.503874,0.334244
5145,0,0.000240,0.455593,0.418646,0.441612,0.269011,0.307530,0.087279,0.131835,0.173939
5148,0,0.354094,0.403312,0.397972,0.448702,0.176741,0.485757,0.384671,0.532888,0.352904
5149,0,0.154948,0.411612,0.467394,0.494421,0.241257,0.419012,0.486981,0.525884,0.306258
5150,0,0.479798,0.335803,0.399207,0.426495,0.164710,0.483975,0.440444,0.585021,0.272035
5152,0,0.440415,0.379847,0.414937,0.543100,0.285889,0.440218,0.460505,0.553232,0.493675
5153,0,0.598426,0.490189,0.512664,0.545424,0.360220,0.644185,0.585316,0.638402,0.362003
5154,1,0.182583,0.359607,0.440542,0.461330,0.153799,0.378705,0.436630,0.520790,0.261072
5156,1,0.127781,0.380250,0.377676,0.458411,0.263053,0.286043,0.364296,0.449043,0.340999
5157,0,0.081377,0.592168,0.501189,0.473451,0.369908,0.473411,0.412682,0.520054,0.227730
5158,1,0.161401,0.408287,0.455140,0.484008,0.268659,0.429301,0.440279,0.529537,0.214073
5159,0,0.431632,0.366949,0.338565,0.408116,0.291031,0.476815,0.366035,0.540347,0.225208
5160,0,0.425994,0.476596,0.423540,0.489134,0.248910,0.449244,0.369279,0.477533,0.139238
5162,0,0.546391,0.345690,0.431558,0.419328,0.124585,0.488745,0.459230,0.516946,0.550639
5163,0,0.557323,0.404390,0.439142,0.447847,0.252981,0.613201,0.502333,0.618321,0.444700
5164,0,0.018357,0.558139,0.459592,0.444817,0.351624,0.380171,0.156875,0.299642,0.150389
5165,0,0.039142,0.437381,0.491870,0.561812,0.128857,0.311596,0.227254,0.307438,0.275198
5168,0,0.075790,0.359253,0.383468,0.351463,0.255271,0.270166,0.260100,0.445464,0.169248
5169,0,0.019248,0.511132,0.428209,0.437231,0.274799,0.391981,0.179820,0.358638,0.088953
5170,0,0.026173,0.445052,0.434559,0.466021,0.280734,0.274563,0.162802,0.341034,0.147456
5171,0,0.116394,0.376553,0.414015,0.440159,0.189233,0.266976,0.336802,0.496409,0.164544
5172,1,0.591736,0.417739,0.412725,0.355153,0.313325,0.623212,0.592585,0.624653,0.503539
5173,0,0.541579,0.483754,0.452395,0.464220,0.318665,0.532743,0.500823,0.540366,0.589432
5174,0,0.000598,0.485915,0.463627,0.463584,0.256138,0.261128,0.027922,0.119823,0.114529
5175,0,0.048866,0.422404,0.385034,0.494902,0.226875,0.266574,0.231876,0.369381,0.182433
5179,0,0.211016,0.310207,0.356259,0.430332,0.148606,0.331534,0.380087,0.479735,0.200059
5180,0,0.003467,0.325591,0.378754,0.395246,0.198228,0.163217,0.073670,0.118075,0.102266
5181,0,0.208495,0.462087,0.387073,0.404884,0.271215,0.432043,0.454818,0.489352,0.282021
5182,0,0.156480,0.520756,0.461207,0.492127,0.344951,0.504244,0.468293,0.510143,0.202612
5185,0,0.193026,0.416630,0.438557,0.490986,0.303195,0.416330,0.390378,0.543314,0.185602
5186,0,0.044652,0.524908,0.454194,0.459645,0.439691,0.373345,0.200521,0.357808,0.256818
5187,0,0.019944,0.514750,0.481464,0.481559,0.357244,0.340433,0.115730,0.348241,0.177414
5188,0,0.112765,0.409533,0.420338,0.466556,0.225366,0.325779,0.345921,0.448393,0.105950
5189,0,0.543214,0.559522,0.490634,0.525454,0.359852,0.772618,0.609007,0.623089,0.459534
5192,1,0.490284,0.538277,0.501468,0.502190,0.370537,0.674362,0.568817,0.576491,0.589889
5193,1,0.324545,0.508917,0.456383,0.460026,0.328931,0.580736,0.447498,0.522188,0.326841
5195,1,0.172349,0.363235,0.426492,0.434555,0.146199,0.391351,0.418875,0.516655,0.221723
5197,0,0.425100,0.431117,0.470170,0.511889,0.241631,0.519328,0.479845,0.579068,0.299453
5199,0,0.493503,0.416693,0.391951,0.428423,0.213797,0.585532,0.529840,0.610724,0.300880
5200,0,0.011779,0.434952,0.440449,0.435077,0.254708,0.263016,0.150729,0.335553,0.155032
5201,0,0.530347,0.292150,0.368312,0.336903,0.174323,0.464257,0.458939,0.645383,0.181900
5202,0,0.006832,0.484660,0.450835,0.481029,0.371678,0.299972,0.057768,0.108907,0.288201
5203,0,0.213653,0.395092,0.362056,0.342167,0.209565,0.436225,0.329847,0.432498,0.263493
5205,1,0.053324,0.371446,0.366818,0.415512,0.152815,0.287283,0.193424,0.356675,0.088971
5206,0,0.000601,0.456825,0.429587,0.420456,0.320408,0.277262,0.042134,0.129593,0.118703
5208,1,0.057486,0.450084,0.401121,0.368755,0.266922,0.404333,0.156267,0.386336,0.159492
5209,0,0.005415,0.378962,0.346728,0.391937,0.352154,0.234226,0.065685,0.125434,0.074263
5210,0,0.161668,0.459252,0.443931,0.457617,0.307388,0.470801,0.440920,0.522517,0.178763
5211,0,0.462522,0.412024,0.439591,0.494726,0.207432,0.622368,0.510067,0.606473,0.395826
5212,0,0.016030,0.291899,0.381794,0.420524,0.266343,0.189907,0.087176,0.289020,0.075930
5213,0,0.047171,0.408995,0.440127,0.515135,0.279440,0.332301,0.159361,0.349955,0.179411
5214,1,0.386305,0.378011,0.382051,0.418742,0.242848,0.555269,0.448042,0.568101,0.389071
5216,0,0.050264,0.469089,0.433213,0.489639,0.404636,0.371727,0.214608,0.342177,0.211749
5217,0,0.210566,0.452149,0.453020,0.460010,0.305078,0.427613,0.357214,0.526556,0.313997
5218,0,0.341888,0.287876,0.381562,0.450610,0.180060,0.390995,0.322296,0.533136,0.214010
5221,0,0.081887,0.496086,0.437818,0.473613,0.366058,0.376912,0.317707,0.476281,0.130969
5222,0,0.318586,0.282796,0.328759,0.370368,0.126425,0.392897,0.300744,0.516837,0.321699
5223,1,0.346938,0.310372,0.368443,0.459176,0.151021,0.397622,0.315346,0.513986,0.286616
5224,0,0.207384,0.378778,0.405247,0.447844,0.256249,0.423083,0.371725,0.548052,0.243061
5225,0,0.009538,0.464356,0.461204,0.484756,0.319235,0.272876,0.085790,0.186727,0.103888
5226,0,0.055514,0.409520,0.379159,0.382882,0.228335,0.332521,0.240323,0.322170,0.142213
5228,0,0.105603,0.371309,0.392828,0.406595,0.272809,0.309933,0.295443,0.360125,0.192210
5229,0,0.224397,0.370141,0.359689,0.322199,0.229559,0.387024,0.325849,0.419782,0.085364
5230,0,0.001362,0.434185,0.402164,0.432812,0.224503,0.220081,0.076937,0.105143,0.108992
5231,0,0.001919,0.330719,0.319362,0.369421,0.216514,0.193470,0.057801,0.123193,0.093755
5234,0,0.031683,0.490068,0.461900,0.470775,0.292458,0.321200,0.203548,0.345454,0.127189
5235,1,0.455005,0.507693,0.400437,0.385087,0.284984,0.653476,0.498537,0.593171,0.435175
5236,0,0.455276,0.391209,0.427753,0.335236,0.216648,0.587515,0.428148,0.489211,0.357399
5237,0,0.022275,0.346452,0.432547,0.417271,0.208809,0.243819,0.143004,0.320773,0.132573
5238,0,0.136223,0.335724,0.401289,0.431446,0.117817,0.327304,0.335784,0.516552,0.208746
5239,1,0.454829,0.421414,0.490510,0.487616,0.220209,0.613149,0.415264,0.559638,0.498424
5240,0,0.126552,0.385043,0.364828,0.400513,0.276744,0.356180,0.277772,0.449439,0.213446
5241,1,0.618182,0.400266,0.382120,0.440817,0.119482,0.615272,0.430024,0.545171,0.468497
5242,0,0.579800,0.433856,0.388182,0.351771,0.250794,0.695202,0.440332,0.502936,0.339390
5243,0,0.063631,0.484352,0.468607,0.463403,0.371231,0.378331,0.245521,0.387580,0.218765
5244,0,0.161373,0.376799,0.386877,0.481257,0.221264,0.386135,0.315432,0.418367,0.215844
5246,0,0.434561,0.363124,0.416668,0.477872,0.209623,0.499039,0.468833,0.577482,0.248722
5247,0,0.017463,0.330318,0.393497,0.419184,0.195682,0.183575,0.159438,0.299627,0.098312
5248,0,0.359104,0.410669,0.464305,0.329722,0.284011,0.513970,0.396041,0.495230,0.297756
5251,1,0.161083,0.344577,0.348691,0.362263,0.250714,0.379199,0.307010,0.451135,0.194757
5252,0,0.001777,0.478840,0.437519,0.386000,0.353635,0.272317,0.023461,0.118334,0.106561
5253,0,0.060835,0.500980,0.439649,0.485038,0.281099,0.410226,0.242923,0.419108,0.260106
5255,1,0.005286,0.441116,0.410168,0.382967,0.285152,0.289249,0.028252,0.096696,0.229628
5256,0,0.004194,0.452027,0.426930,0.430589,0.305355,0.220387,0.033251,0.183949,0.124702
5257,0,0.239343,0.306076,0.336248,0.403940,0.173234,0.357808,0.328025,0.485401,0.247513
5259,1,0.205046,0.387833,0.381277,0.365115,0.298526,0.436520,0.342903,0.463175,0.169445
5260,0,0.438668,0.350872,0.358556,0.437015,0.170220,0.537017,0.349239,0.554914,0.231518
5261,0,0.627136,0.356753,0.375057,0.429412,0.189000,0.644106,0.456383,0.511791,0.249962
5262,0,0.279883,0.394668,0.432439,0.506460,0.229506,0.447330,0.424643,0.577461,0.314298
5263,0,0.048308,0.324105,0.331553,0.339490,0.109651,0.242528,0.129576,0.348917,0.161773
5264,0,0.006987,0.404644,0.412079,0.438618,0.232913,0.218317,0.063902,0.175851,0.090698
5265,0,0.575737,0.392773,0.416631,0.408332,0.281209,0.605931,0.439314,0.510958,0.329732
5266,0,0.087905,0.329233,0.318804,0.348709,0.192955,0.242465,0.229335,0.381795,0.050545
5267,0,0.067636,0.382742,0.418057,0.289963,0.196270,0.300098,0.251243,0.381011,0.113898
5268,0,0.048804,0.356348,0.397526,0.458310,0.253387,0.283396,0.249557,0.383342,0.198380
5269,1,0.214207,0.331432,0.394055,0.470655,0.197133,0.376575,0.333032,0.428045,0.148674
5270,0,0.341542,0.314676,0.323970,0.388995,0.147809,0.451107,0.283294,0.452030,0.368661
5271,0,0.008690,0.358443,0.338782,0.406093,0.159052,0.205343,0.087105,0.230109,0.127910
5272,1,0.220457,0.366149,0.416729,0.458732,0.209532,0.413705,0.362400,0.513209,0.397576
5273,0,0.361619,0.435246,0.439164,0.455937,0.361259,0.618827,0.488830,0.555946,0.294280
5274,0,0.041123,0.421850,0.410750,0.343159,0.227724,0.340221,0.184759,0.285971,0.160298
5275,0,0.031455,0.405198,0.425443,0.430342,0.247444,0.228262,0.211164,0.347369,0.135887
5276,0,0.086347,0.384487,0.418396,0.431104,0.253276,0.347407,0.260057,0.463377,0.206173
5277,0,0.285164,0.320015,0.356780,0.348218,0.136721,0.494185,0.328830,0.552060,0.207462
5278,0,0.244373,0.362171,0.400077,0.439736,0.138079,0.458781,0.363051,0.482690,0.241070
5279,0,0.426945,0.453675,0.432937,0.462786,0.273292,0.649229,0.521024,0.619776,0.374586
5280,0,0.223192,0.407025,0.400050,0.367254,0.302188,0.461651,0.407928,0.425867,0.217386
5281,0,0.142488,0.472637,0.395199,0.412412,0.208291,0.471644,0.331345,0.543897,0.228182
5282,0,0.388255,0.515028,0.464565,0.520813,0.273609,0.652986,0.565774,0.586019,0.544778
5283,0,0.268634,0.377595,0.426901,0.496314,0.264600,0.547428,0.441566,0.578002,0.210111
5285,0,0.133360,0.475011,0.475182,0.527136,0.265660,0.424277,0.446046,0.515465,0.347425
5286,0,0.022045,0.293093,0.385676,0.362229,0.158774,0.189144,0.209954,0.258400,0.109826
5287,0,0.401266,0.352579,0.416515,0.438900,0.161247,0.529992,0.388148,0.526676,0.317418
5288,0,0.186637,0.505504,0.469327,0.471239,0.298030,0.527312,0.483447,0.499844,0.491783
5289,0,0.334521,0.426845,0.410624,0.487504,0.193720,0.505601,0.365776,0.572906,0.237296
5290,1,0.507353,0.452518,0.383790,0.422061,0.228593,0.652738,0.430372,0.598543,0.413783
5292,1,0.542129,0.381127,0.410567,0.473965,0.220936,0.614452,0.454792,0.583515,0.305899
5293,0,0.068382,0.317700,0.315112,0.382368,0.149767,0.268193,0.197854,0.337827,0.060844
5294,0,0.313218,0.313457,0.359721,0.386579,0.128775,0.423006,0.382422,0.494394,0.265143
5295,0,0.010874,0.451035,0.439254,0.425068,0.325066,0.300243,0.146245,0.352614,0.096959
5296,0,0.004537,0.413642,0.369881,0.395517,0.183105,0.199205,0.040277,0.129510,0.081560
5297,1,0.401477,0.371546,0.420372,0.441791,0.191914,0.500733,0.419862,0.515479,0.330077
5298,0,0.130087,0.342726,0.412367,0.440212,0.216057,0.343484,0.394875,0.541335,0.205342
5300,0,0.039740,0.463736,0.449132,0.459976,0.147674,0.378953,0.185299,0.362787,0.138440
5301,1,0.544946,0.429028,0.435312,0.475720,0.251566,0.605307,0.516042,0.577634,0.494011
5302,0,0.017672,0.446073,0.443171,0.442186,0.354114,0.325310,0.145053,0.342746,0.156590
5304,0,0.459072,0.411765,0.453025,0.508687,0.187433,0.448427,0.440687,0.605839,0.339018
5305,0,0.002707,0.356637,0.412501,0.434561,0.249514,0.232709,0.064440,0.116740,0.087331
5306,0,0.497579,0.479597,0.455634,0.487820,0.300386,0.679789,0.528525,0.631181,0.266981
5307,0,0.163263,0.451163,0.469735,0.518147,0.295156,0.474797,0.537395,0.540192,0.346327
5308,0,0.018779,0.447857,0.430064,0.484476,0.335851,0.298872,0.116968,0.292546,0.121558
5309,0,0.002804,0.394329,0.448325,0.495801,0.251164,0.181315,0.075957,0.114740,0.047049
5311,1,0.344765,0.459416,0.435602,0.492996,0.248408,0.603482,0.423654,0.597451,0.392201
5313,0,0.225015,0.459909,0.405527,0.388326,0.327519,0.437795,0.409810,0.480642,0.249790
5314,0,0.245934,0.487899,0.473856,0.539847,0.289542,0.491728,0.514154,0.586714,0.226767
5316,0,0.056220,0.505180,0.464394,0.453294,0.303123,0.412335,0.320101,0.498427,0.201027
5318,1,0.495678,0.573458,0.472210,0.516413,0.438021,0.711793,0.540175,0.598941,0.574059
5319,0,0.012412,0.364591,0.390600,0.341831,0.190363,0.262666,0.117298,0.302099,0.089402
5320,0,0.158559,0.521624,0.475634,0.515937,0.379668,0.487432,0.448145,0.547365,0.313570
5321,1,0.551991,0.356725,0.430675,0.309202,0.129659,0.609561,0.574807,0.590306,0.409266
5323,0,0.445622,0.556038,0.544237,0.587318,0.281180,0.670980,0.548118,0.645547,0.570871
5327,0,0.000185,0.475724,0.443241,0.488807,0.223260,0.364137,0.093505,0.115234,0.383063
5328,0,0.327759,0.465252,0.505626,0.523737,0.317136,0.514431,0.518489,0.557538,0.393659
5330,0,0.372083,0.474338,0.474570,0.474707,0.205701,0.622751,0.522999,0.516282,0.469671
5331,0,0.274205,0.506682,0.454870,0.430273,0.328246,0.518875,0.444043,0.462821,0.174814
5332,0,0.018342,0.464924,0.475499,0.514844,0.351992,0.281925,0.142538,0.294573,0.094946
5333,1,0.506246,0.383300,0.428589,0.468336,0.236769,0.537576,0.513156,0.573630,0.346799
5335,0,0.051639,0.489487,0.411468,0.413244,0.320566,0.326043,0.156369,0.386644,0.131559
5337,1,0.488008,0.514499,0.485385,0.502730,0.309794,0.713299,0.485147,0.575613,0.609664
5338,0,0.478027,0.476535,0.439529,0.421198,0.262782,0.584462,0.545385,0.570778,0.496371
5339,0,0.211044,0.554226,0.466290,0.495126,0.370201,0.529577,0.441263,0.511922,0.422809
5340,0,0.000593,0.386037,0.381278,0.398906,0.346955,0.257254,0.048290,0.127984,0.099424
5341,0,0.392855,0.666051,0.509323,0.536734,0.340408,0.733204,0.504741,0.582440,0.438304
5342,0,0.002683,0.413694,0.482054,0.459024,0.218735,0.296630,0.048136,0.103650,0.141036
5343,0,0.322216,0.415877,0.422296,0.427893,0.369491,0.510177,0.433601,0.487256,0.270582
5344,0,0.044017,0.425521,0.433105,0.435198,0.293959,0.333986,0.198090,0.296211,0.111902
5348,1,0.495197,0.470608,0.404778,0.395441,0.385851,0.592220,0.417806,0.595336,0.487631
5349,0,0.029670,0.370458,0.413612,0.376280,0.185107,0.206313,0.140621,0.233819,0.090540
5350,1,0.059873,0.584228,0.498947,0.546644,0.479438,0.436017,0.256564,0.396266,0.319215
5352,0,0.002703,0.416093,0.488336,0.465049,0.260372,0.234612,0.053918,0.128219,0.180709
5353,1,0.451400,0.501243,0.478990,0.516066,0.320785,0.622085,0.513244,0.592379,0.422492
5354,0,0.308432,0.525280,0.498003,0.494248,0.395128,0.598171,0.467254,0.524206,0.550184
5355,0,0.458363,0.443453,0.424736,0.480262,0.202929,0.637072,0.545737,0.599656,0.418416
5356,1,0.546196,0.496497,0.458093,0.521245,0.320758,0.662684,0.553652,0.619725,0.611011
5357,0,0.051938,0.454614,0.445503,0.435700,0.226014,0.346006,0.218611,0.379440,0.161022
5358,1,0.175260,0.413177,0.425218,0.427788,0.232271,0.455017,0.410260,0.534544,0.219548
5359,0,0.142068,0.554109,0.465152,0.510579,0.466232,0.477007,0.386157,0.421696,0.323463
5360,1,0.247746,0.389826,0.380039,0.424746,0.216643,0.458746,0.373169,0.482532,0.155366
5361,0,0.375626,0.634240,0.511328,0.505683,0.425145,0.705736,0.589515,0.631959,0.650363
5362,1,0.151402,0.463666,0.444952,0.454065,0.277228,0.411582,0.375388,0.494188,0.270098
5363,0,0.013456,0.377204,0.426964,0.303177,0.207567,0.201430,0.115848,0.320445,0.074084
5365,0,0.143577,0.432029,0.419370,0.439576,0.420309,0.417072,0.359593,0.476708,0.242128
5366,0,0.074655,0.504925,0.458404,0.454265,0.271664,0.430149,0.307982,0.427579,0.321592
5368,0,0.003429,0.504149,0.461763,0.477945,0.351506,0.374150,0.073072,0.109680,0.157042
5369,0,0.094365,0.360998,0.371375,0.260037,0.227325,0.336766,0.251084,0.317342,0.215265
5370,0,0.001964,0.398264,0.422110,0.417803,0.356065,0.226350,0.053084,0.178158,0.117780
5371,0,0.025381,0.375310,0.406080,0.431302,0.423774,0.261758,0.138834,0.265722,0.147263
5373,1,0.340709,0.468279,0.458226,0.447766,0.293833,0.591812,0.448594,0.581800,0.334756
5375,0,0.008432,0.546263,0.477848,0.494180,0.356542,0.359627,0.138074,0.284853,0.234172
5377,0,0.415576,0.419017,0.385533,0.460578,0.169216,0.501688,0.412387,0.555701,0.445640
5379,0,0.203699,0.451521,0.470677,0.471839,0.444192,0.465685,0.457981,0.535355,0.209660
5381,0,0.160922,0.523240,0.453988,0.434797,0.371281,0.580709,0.464254,0.530029,0.581050
5383,0,0.170210,0.597216,0.459757,0.452660,0.302967,0.595449,0.426466,0.520802,0.440396
5384,1,0.005875,0.543233,0.428537,0.414228,0.285340,0.394120,0.071985,0.107585,0.226304
5385,0,0.001559,0.508394,0.484129,0.554053,0.293175,0.370861,0.098801,0.176065,0.182494
5386,0,0.006552,0.496221,0.418804,0.421108,0.264556,0.306746,0.090012,0.146880,0.140443
5387,0,0.229591,0.530081,0.445138,0.435776,0.288351,0.588566,0.398037,0.543779,0.286760
5388,0,0.330556,0.515846,0.467616,0.462047,0.451713,0.592205,0.474895,0.524827,0.427713
5390,1,0.395747,0.450586,0.488992,0.484457,0.358606,0.518815,0.492353,0.566208,0.447333
5391,0,0.001546,0.457845,0.443558,0.460187,0.301427,0.299617,0.014785,0.108918,0.206831
5392,1,0.446948,0.412783,0.440583,0.448930,0.163241,0.601855,0.515243,0.609807,0.469889
5393,0,0.009018,0.401231,0.438159,0.473309,0.193092,0.246336,0.160786,0.120130,0.116420
5394,0,0.024475,0.494867,0.427556,0.492392,0.260854,0.325325,0.152313,0.253067,0.170024
5395,0,0.003184,0.524846,0.461341,0.518239,0.352217,0.307705,0.060272,0.127812,0.224343
5396,0,0.526339,0.443474,0.427543,0.390608,0.254293,0.603291,0.541036,0.669319,0.513781
5398,1,0.601775,0.392819,0.445824,0.493532,0.234527,0.613081,0.538791,0.663475,0.641055
5399,0,0.004725,0.410918,0.424125,0.433248,0.245964,0.247639,0.021421,0.092416,0.061925
5400,0,0.458577,0.436907,0.422746,0.383610,0.270880,0.411024,0.412740,0.563481,0.265279
5402,0,0.005709,0.485819,0.472031,0.492244,0.297076,0.252389,0.044550,0.095276,0.101043
5403,0,0.567663,0.523869,0.498657,0.494694,0.401313,0.658845,0.564089,0.607524,0.403550
5405,0,0.384010,0.473978,0.374670,0.406525,0.339686,0.524371,0.365640,0.385597,0.279790
5407,0,0.398704,0.471124,0.444954,0.492813,0.282774,0.648390,0.473578,0.620310,0.537204
5409,1,0.088988,0.524389,0.469991,0.457286,0.334841,0.391528,0.289735,0.474974,0.153288
5410,0,0.000742,0.402385,0.423226,0.411165,0.177304,0.235453,0.060104,0.107045,0.101331
5411,1,0.089713,0.422392,0.426571,0.440803,0.323905,0.321292,0.249358,0.398081,0.112726
5412,0,0.252356,0.448396,0.443138,0.393405,0.290689,0.487672,0.372910,0.508923,0.388433
5414,0,0.375626,0.520474,0.481680,0.535541,0.220441,0.586223,0.533445,0.553188,0.529481
5415,0,0.006399,0.494958,0.470383,0.517951,0.309589,0.284850,0.041259,0.138801,0.175807
5418,0,0.014778,0.452933,0.469145,0.495195,0.340943,0.259411,0.079004,0.287092,0.190703
5420,1,0.103486,0.523156,0.486688,0.483341,0.399819,0.459385,0.432310,0.500007,0.372003
5421,0,0.451814,0.404665,0.439496,0.454431,0.289693,0.510071,0.519768,0.565094,0.389417
5422,0,0.028859,0.394971,0.366235,0.410508,0.206415,0.280360,0.181484,0.351821,0.165542
5423,0,0.455404,0.540278,0.469236,0.449564,0.360262,0.621047,0.567912,0.621828,0.360804
5424,0,0.517376,0.514251,0.479706,0.410609,0.337795,0.675131,0.513238,0.589092,0.383431
5425,0,0.065403,0.451980,0.442384,0.432131,0.384231,0.398195,0.279734,0.356833,0.209300
5427,0,0.350881,0.578075,0.493455,0.512685,0.323404,0.545495,0.435362,0.547457,0.254028
5430,0,0.109006,0.485877,0.457779,0.473670,0.325930,0.368213,0.343429,0.420303,0.214255
5431,1,0.650131,0.415616,0.422851,0.408143,0.354648,0.618111,0.564771,0.625499,0.497451
5432,0,0.000450,0.454722,0.413763,0.448181,0.367006,0.224962,0.020381,0.122682,0.156067
5433,0,0.416170,0.473767,0.474706,0.526861,0.397091,0.658606,0.597207,0.629571,0.511625
5437,1,0.359323,0.426630,0.437836,0.434379,0.243310,0.582768,0.494711,0.569099,0.423780
5438,0,0.303541,0.480845,0.447885,0.479706,0.362021,0.542511,0.370283,0.532422,0.308882
5439,0,0.269317,0.451328,0.478957,0.498384,0.290788,0.578464,0.475569,0.563502,0.290375
5441,0,0.417841,0.351873,0.339533,0.363138,0.268146,0.472720,0.396420,0.524389,0.207274
5442,0,0.197659,0.469485,0.434906,0.403089,0.354489,0.492192,0.427681,0.494659,0.249610
5443,0,0.000450,0.437553,0.411898,0.435027,0.306744,0.212571,0.007521,0.099394,0.136561
5444,0,0.238795,0.451393,0.414662,0.483767,0.296544,0.538488,0.394093,0.536432,0.181162
5445,0,0.001517,0.553277,0.459621,0.508293,0.210943,0.333548,0.080263,0.120520,0.179830
5446,1,0.186997,0.439252,0.404903,0.455485,0.244858,0.468316,0.371618,0.457091,0.303422
5447,0,0.026404,0.507137,0.475749,0.542253,0.303937,0.378894,0.181048,0.332611,0.330010
5448,1,0.322081,0.447825,0.435501,0.557133,0.308644,0.476526,0.450037,0.500395,0.312417
5449,0,0.066412,0.498856,0.437529,0.492171,0.347568,0.346312,0.246282,0.274485,0.182021
5450,0,0.051705,0.376802,0.427036,0.482635,0.222415,0.227133,0.217766,0.323572,0.153588
5451,0,0.062757,0.563042,0.432139,0.363731,0.398223,0.455361,0.229923,0.364975,0.246358
5453,0,0.096221,0.381402,0.400519,0.450112,0.235239,0.334904,0.317055,0.441313,0.109484
5454,1,0.464793,0.472849,0.451571,0.479862,0.271384,0.664201,0.505494,0.595870,0.374197
5455,0,0.005399,0.499064,0.427191,0.515851,0.303802,0.291557,0.095442,0.207493,0.245336
5456,0,0.340545,0.610105,0.507122,0.505816,0.274695,0.699619,0.590436,0.619889,0.785752
5458,0,0.004300,0.510273,0.389408,0.336080,0.296707,0.262706,0.028114,0.100170,0.147914
5459,0,0.020821,0.489611,0.480720,0.506061,0.366373,0.342895,0.138926,0.336499,0.188329
5460,0,0.046612,0.501557,0.406172,0.399365,0.361110,0.343737,0.182329,0.382934,0.242036
5461,0,0.017787,0.547213,0.373299,0.426127,0.254844,0.359700,0.181028,0.322771,0.132383
5462,0,0.493126,0.483796,0.452832,0.408833,0.335481,0.603435,0.548617,0.589389,0.327106
5463,0,0.303337,0.445561,0.424776,0.451309,0.404045,0.490254,0.443832,0.477608,0.359518
5464,0,0.524931,0.461780,0.470542,0.501138,0.433071,0.509718,0.465500,0.524037,0.247135
5465,1,0.424759,0.374047,0.369681,0.428302,0.216480,0.492181,0.410971,0.549532,0.349510
5468,0,0.256818,0.466875,0.438873,0.453933,0.278787,0.505178,0.367852,0.517127,0.250001
5469,0,0.016959,0.442298,0.419602,0.387982,0.210883,0.266120,0.148569,0.268583,0.126372
5470,0,0.102570,0.493488,0.429004,0.448439,0.352837,0.406830,0.341853,0.471551,0.155641
5471,1,0.019087,0.403172,0.376115,0.392187,0.348736,0.274008,0.099130,0.287557,0.222275
5473,0,0.004419,0.578175,0.501150,0.547642,0.464231,0.329377,0.110135,0.179230,0.402335
5475,1,0.114233,0.446279,0.414792,0.482578,0.196766,0.376613,0.388945,0.464332,0.347324
5476,0,0.005644,0.455154,0.443883,0.462259,0.277556,0.216069,0.064774,0.135217,0.115256
5477,0,0.057086,0.419169,0.429998,0.450499,0.233909,0.303192,0.200242,0.329653,0.139962
5478,0,0.127638,0.465868,0.430137,0.491002,0.294290,0.448765,0.381559,0.459346,0.242518
5479,0,0.192915,0.491300,0.476090,0.533204,0.355873,0.433555,0.444107,0.507178,0.368890
5480,1,0.511035,0.434524,0.413607,0.471207,0.305017,0.538209,0.497212,0.541016,0.374692
5481,0,0.010800,0.471606,0.494642,0.511005,0.352756,0.302768,0.254176,0.429375,0.374232
5482,0,0.260347,0.375891,0.385719,0.283251,0.187812,0.482115,0.405385,0.589370,0.341276
5485,0,0.062723,0.460522,0.450904,0.524930,0.460868,0.347949,0.326311,0.387525,0.231696
5486,1,0.440168,0.417786,0.455118,0.524864,0.238140,0.455236,0.494751,0.553472,0.252027
5487,0,0.183694,0.500256,0.429904,0.444710,0.246674,0.515658,0.355211,0.418759,0.317490
5488,1,0.274952,0.546526,0.451672,0.407442,0.316899,0.604021,0.493805,0.611839,0.508611
5489,0,0.336362,0.527184,0.487446,0.521391,0.414858,0.563149,0.526209,0.544737,0.315396
5491,0,0.003913,0.324347,0.321015,0.362006,0.201730,0.147329,0.051994,0.093544,0.057536
5493,0,0.006214,0.456399,0.486045,0.553895,0.345011,0.241466,0.085550,0.222716,0.103994
5494,0,0.051724,0.522107,0.459825,0.514332,0.317058,0.349992,0.243734,0.311352,0.300406
5495,0,0.608037,0.376594,0.388401,0.468755,0.323967,0.502446,0.411930,0.521301,0.351202
5496,0,0.131255,0.457436,0.398528,0.358044,0.341087,0.413589,0.325846,0.377540,0.216393
5498,0,0.065696,0.583954,0.430422,0.474949,0.354035,0.448431,0.271332,0.323113,0.386759
5499,1,0.505492,0.500204,0.482932,0.510421,0.319551,0.645858,0.564849,0.620767,0.260572
5501,0,0.442022,0.522973,0.436236,0.479851,0.283730,0.714712,0.498349,0.577171,0.259363
5502,1,0.525466,0.410697,0.441206,0.467575,0.182653,0.643985,0.462437,0.580177,0.428087
5503,0,0.314211,0.403649,0.400069,0.325875,0.229460,0.521360,0.436384,0.574423,0.409595
5504,1,0.012519,0.368745,0.438491,0.477277,0.291229,0.228243,0.095187,0.283856,0.074850
5505,0,0.003652,0.502156,0.488348,0.562694,0.389225,0.271945,0.039581,0.093046,0.132478
5506,0,0.158765,0.353337,0.440733,0.421292,0.181367,0.333614,0.349939,0.449481,0.180849
5507,0,0.425100,0.393451,0.491343,0.522144,0.227726,0.566989,0.536925,0.614486,0.372460
5508,0,0.511444,0.519783,0.449020,0.346676,0.325035,0.707581,0.581342,0.582177,0.481852
5509,1,0.147553,0.399850,0.441750,0.383100,0.237045,0.449399,0.400255,0.496515,0.265653
5510,0,0.144288,0.443837,0.472181,0.534500,0.271433,0.411145,0.429442,0.476828,0.184561
5511,1,0.633171,0.424455,0.432259,0.468113,0.231130,0.608103,0.516474,0.601756,0.341848
5512,0,0.497798,0.408541,0.465201,0.428999,0.288662,0.529725,0.580144,0.626885,0.335064
5513,1,0.534294,0.385245,0.463460,0.456184,0.285558,0.602805,0.519378,0.588221,0.335156
5515,0,0.251168,0.476531,0.494609,0.514177,0.387079,0.586816,0.518297,0.619019,0.369831
5516,0,0.032539,0.348008,0.426082,0.450313,0.231878,0.223265,0.186617,0.313547,0.053534
5517,0,0.102182,0.351921,0.331531,0.381159,0.193303,0.296922,0.237905,0.344343,0.114776
5518,0,0.134577,0.540412,0.416514,0.491154,0.266348,0.478817,0.308881,0.476940,0.242589
5519,0,0.019578,0.330084,0.413158,0.403859,0.295381,0.187631,0.207964,0.340580,0.073684
5520,1,0.354340,0.399311,0.449358,0.456247,0.267827,0.459416,0.435118,0.531128,0.300857
5521,0,0.089504,0.357792,0.457164,0.439196,0.277132,0.311792,0.371955,0.474841,0.082711
5522,0,0.506467,0.349010,0.416956,0.369231,0.199514,0.552735,0.485682,0.595447,0.332744
5523,0,0.241663,0.521215,0.480725,0.479748,0.367473,0.538657,0.447535,0.499854,0.288011
5524,0,0.118012,0.425915,0.468392,0.439564,0.235627,0.357795,0.369631,0.482129,0.179152
5525,0,0.220943,0.492845,0.469338,0.481934,0.286324,0.523004,0.508714,0.541280,0.348438
5526,0,0.013919,0.496795,0.479228,0.469006,0.232004,0.285173,0.147076,0.296567,0.135085
5528,0,0.460461,0.449628,0.473380,0.404990,0.289686,0.593481,0.502810,0.579011,0.519406
5529,0,0.028892,0.366659,0.371759,0.432833,0.263118,0.261055,0.122257,0.314504,0.046760
5530,0,0.212687,0.414812,0.475520,0.548962,0.268126,0.401516,0.452477,0.571483,0.121915
5531,0,0.328607,0.397176,0.453248,0.500391,0.195732,0.473073,0.461273,0.567368,0.363359
5532,0,0.507027,0.467548,0.433173,0.453115,0.226849,0.612900,0.529054,0.591824,0.293570
5533,0,0.332986,0.325792,0.377721,0.477986,0.316819,0.436675,0.395621,0.501972,0.252908
5534,0,0.081823,0.505468,0.495837,0.417774,0.358163,0.347728,0.390556,0.478787,0.237141
5535,0,0.018045,0.375658,0.407766,0.472213,0.281522,0.247239,0.145188,0.294437,0.100347
5536,0,0.221769,0.339643,0.388175,0.467838,0.249390,0.386000,0.340743,0.531115,0.249525
5537,0,0.000854,0.548701,0.489431,0.524075,0.368772,0.334285,0.040268,0.128212,0.158073
5538,0,0.477473,0.490313,0.481639,0.471811,0.295616,0.562717,0.519981,0.621279,0.397621
5540,0,0.031458,0.427811,0.500401,0.509443,0.319159,0.277555,0.223050,0.333353,0.111794
5542,0,0.163988,0.464540,0.450663,0.448355,0.271618,0.456052,0.353739,0.520481,0.496294
5544,1,0.366278,0.342778,0.355634,0.405447,0.132243,0.511108,0.384492,0.537404,0.252517
5545,0,0.018481,0.343155,0.369968,0.429694,0.272793,0.193214,0.113949,0.299491,0.116816
5548,1,0.480100,0.465607,0.447630,0.376891,0.286292,0.627843,0.495285,0.589591,0.362278
5549,0,0.538527,0.430523,0.456648,0.435111,0.188754,0.574313,0.485422,0.585705,0.317628
5550,0,0.084800,0.450940,0.489075,0.581957,0.224102,0.385171,0.336014,0.408585,0.186729
5552,0,0.242302,0.435660,0.421097,0.479266,0.222580,0.453977,0.411979,0.520858,0.307611
5553,0,0.128041,0.463887,0.489174,0.426543,0.300121,0.370258,0.369501,0.498157,0.204231
5555,0,0.071498,0.402090,0.414217,0.518096,0.227250,0.301964,0.260469,0.389853,0.120427
5558,0,0.511707,0.393710,0.431778,0.432599,0.248049,0.550687,0.536598,0.603527,0.473307
5559,0,0.107282,0.325368,0.421863,0.480269,0.173594,0.318240,0.404425,0.523181,0.070285
5562,0,0.046910,0.299049,0.401690,0.452287,0.122172,0.221023,0.127639,0.281720,0.090950
5563,0,0.008373,0.329824,0.301302,0.381115,0.179878,0.170809,0.128900,0.140306,0.034883
5566,0,0.130086,0.426697,0.458959,0.423974,0.334619,0.363024,0.353531,0.459046,0.255698
5567,0,0.650131,0.447010,0.498547,0.529827,0.408658,0.630036,0.524891,0.611211,0.443318
5571,0,0.000723,0.436189,0.462620,0.514421,0.213087,0.221998,0.098605,0.136031,0.079942
5572,0,0.219614,0.383449,0.361881,0.332194,0.301830,0.405595,0.316917,0.438962,0.183019
5573,0,0.012436,0.410749,0.432590,0.511580,0.234914,0.241874,0.214215,0.296553,0.092866
5574,0,0.649275,0.437203,0.463686,0.476930,0.331184,0.556911,0.529455,0.588620,0.388208
5575,0,0.537395,0.381059,0.395164,0.451376,0.285754,0.586660,0.435957,0.592650,0.354529
5578,0,0.000760,0.448304,0.370899,0.377535,0.327725,0.235950,0.036697,0.115615,0.058541
5579,0,0.619761,0.328962,0.427455,0.399441,0.136739,0.544941,0.474442,0.601191,0.387511
5582,0,0.319625,0.459005,0.456643,0.425157,0.288844,0.532017,0.479601,0.567610,0.275798
5583,0,0.010032,0.402597,0.420369,0.435608,0.181717,0.237520,0.103988,0.213809,0.105583
5584,0,0.445264,0.400175,0.405210,0.469072,0.292182,0.541093,0.385482,0.527976,0.330413
5587,1,0.201620,0.357274,0.414703,0.351086,0.199003,0.307721,0.351051,0.381610,0.147664
5588,0,0.625552,0.490599,0.442179,0.438736,0.304896,0.665393,0.518197,0.592415,0.322448
5590,0,0.139405,0.359494,0.433913,0.352171,0.293316,0.300838,0.318676,0.435636,0.084003
5591,0,0.048259,0.378375,0.431349,0.523275,0.203688,0.269190,0.199636,0.346341,0.088170
5592,0,0.019195,0.410042,0.473099,0.450995,0.322006,0.187777,0.224713,0.340967,0.096672
5593,1,0.097628,0.330253,0.450940,0.488086,0.170994,0.313847,0.383897,0.519588,0.185099
5594,0,0.032975,0.375671,0.458099,0.542456,0.290046,0.252987,0.203499,0.384725,0.195490
5595,0,0.452306,0.489365,0.376538,0.353946,0.258704,0.403908,0.385854,0.493138,0.195102
5596,0,0.453800,0.481225,0.477219,0.465891,0.239423,0.654352,0.501492,0.566720,0.270176
5597,1,0.485371,0.431814,0.359211,0.357111,0.214461,0.588109,0.381736,0.513914,0.245632
5598,1,0.219728,0.443999,0.468967,0.467065,0.373725,0.485749,0.453181,0.541276,0.257135
5599,1,0.057058,0.350192,0.408062,0.408579,0.102129,0.248008,0.220796,0.250955,0.063712
5600,0,0.076410,0.557071,0.460570,0.463072,0.327859,0.445767,0.366976,0.486874,0.321116
5601,0,0.396036,0.396035,0.464556,0.426727,0.245429,0.569437,0.504906,0.552679,0.509005
5602,1,0.482581,0.373812,0.467623,0.458942,0.275131,0.477096,0.454833,0.564592,0.335682
5603,0,0.066412,0.496390,0.513862,0.585998,0.375228,0.361890,0.374478,0.469832,0.155251
5604,0,0.000667,0.482922,0.490164,0.445919,0.412901,0.263188,0.105364,0.129255,0.198311
5605,0,0.323175,0.439970,0.490896,0.539050,0.313500,0.472401,0.429322,0.547106,0.239860
5607,0,0.025866,0.509520,0.493405,0.575956,0.311101,0.302064,0.257381,0.382724,0.188758
5608,1,0.001586,0.461773,0.493803,0.498865,0.376635,0.259539,0.050383,0.115030,0.149996
5609,0,0.581813,0.505768,0.475752,0.452846,0.359675,0.671870,0.466164,0.564655,0.344356
5611,0,0.331686,0.456255,0.493769,0.524726,0.283246,0.535411,0.392393,0.519295,0.237461
5613,0,0.570185,0.395722,0.455659,0.510235,0.238409,0.633212,0.534088,0.650153,0.590849
5614,0,0.002845,0.502440,0.502367,0.565159,0.336670,0.266832,0.118188,0.107133,0.166888
5615,0,0.312535,0.431217,0.470378,0.458412,0.280264,0.546543,0.474231,0.539168,0.414773
5616,0,0.088027,0.432732,0.481557,0.496296,0.290320,0.309437,0.387448,0.473116,0.130899
5617,0,0.172598,0.476799,0.492771,0.521703,0.302036,0.467128,0.413270,0.493416,0.383581
5618,0,0.000307,0.476051,0.472519,0.465449,0.347039,0.271278,0.089037,0.114117,0.134786
5620,0,0.253416,0.383553,0.456840,0.445429,0.225001,0.456845,0.441432,0.528251,0.243970
5621,0,0.145879,0.445824,0.484265,0.517157,0.434203,0.362333,0.452239,0.518053,0.228792
5623,0,0.171544,0.547521,0.469480,0.378301,0.385125,0.520304,0.439063,0.550701,0.190265
5624,1,0.494238,0.420181,0.462961,0.482631,0.280368,0.601879,0.496805,0.623196,0.598809
5625,0,0.328209,0.524840,0.526920,0.588735,0.303296,0.546210,0.544715,0.575275,0.334198
5626,0,0.491473,0.394132,0.470695,0.439432,0.314379,0.478414,0.500739,0.542893,0.277263
5627,1,0.341846,0.465548,0.474233,0.524014,0.278043,0.540387,0.476695,0.562845,0.273603
5628,1,0.009895,0.423221,0.470315,0.466164,0.384554,0.234188,0.108725,0.184183,0.114085
5629,0,0.002920,0.401359,0.488115,0.503402,0.314048,0.244869,0.127390,0.168359,0.114374
5630,0,0.229152,0.454929,0.511261,0.512839,0.351235,0.401987,0.474991,0.548277,0.181245
5631,1,0.450524,0.501797,0.523674,0.501017,0.332179,0.641975,0.608490,0.579255,0.571678
5632,0,0.384228,0.447197,0.463372,0.443199,0.252356,0.507832,0.445731,0.517984,0.276033
5633,1,0.112160,0.372080,0.451326,0.510238,0.276745,0.309876,0.362457,0.471847,0.146598
5634,0,0.516094,0.440504,0.443946,0.471793,0.377105,0.584520,0.482420,0.570335,0.378350
5635,0,0.286871,0.366702,0.418083,0.434170,0.296038,0.488729,0.358852,0.539679,0.225206
5636,0,0.051839,0.392383,0.428103,0.421105,0.385029,0.258072,0.226651,0.369858,0.180224
5637,1,0.123131,0.510846,0.535870,0.506986,0.450433,0.415436,0.511087,0.564675,0.396422
5638,0,0.310666,0.480710,0.484422,0.512061,0.412326,0.546430,0.490802,0.582736,0.338098
5640,0,0.404562,0.465683,0.473003,0.487314,0.339871,0.608235,0.497571,0.555309,0.335030
5641,0,0.660764,0.460914,0.510972,0.519415,0.346551,0.523242,0.512500,0.591243,0.480514
5642,1,0.042622,0.417831,0.452263,0.493068,0.276384,0.267324,0.202365,0.386028,0.092149
5643,1,0.520501,0.559539,0.530418,0.505552,0.470065,0.618985,0.558555,0.597927,0.462708
5646,0,0.565398,0.450695,0.493749,0.460322,0.371871,0.584657,0.538495,0.538063,0.440560
5647,0,0.000516,0.450236,0.434180,0.476539,0.315889,0.270014,0.111904,0.156165,0.204949
5650,0,0.334128,0.408310,0.483018,0.548251,0.297818,0.501621,0.512713,0.554409,0.348048
5651,0,0.313395,0.517673,0.462835,0.449393,0.377554,0.616410,0.456657,0.588931,0.286520
5653,1,0.000364,0.377841,0.436508,0.438920,0.400569,0.152073,0.112591,0.117626,0.135625
5654,1,0.081534,0.514780,0.518511,0.503967,0.387650,0.394565,0.388985,0.472663,0.307740
5655,0,0.005386,0.441246,0.473125,0.474613,0.328890,0.235225,0.079761,0.122807,0.115438
5656,1,0.052697,0.472379,0.424660,0.449447,0.191079,0.333700,0.193782,0.307340,0.120815
5657,0,0.114355,0.378620,0.426785,0.445067,0.246943,0.305439,0.381842,0.509012,0.170760
5658,1,0.129383,0.383933,0.461136,0.480773,0.241059,0.368515,0.392628,0.454783,0.204608
5659,0,0.555770,0.523180,0.526657,0.510427,0.298174,0.570997,0.462404,0.530994,0.322899
5660,0,0.010877,0.403437,0.454317,0.326795,0.257192,0.251523,0.249275,0.215870,0.101458
5661,0,0.354094,0.464202,0.465094,0.490931,0.392162,0.580752,0.508400,0.543367,0.394505
5662,0,0.486032,0.425177,0.478533,0.434838,0.335086,0.597924,0.533931,0.581895,0.453233
5663,0,0.001270,0.482626,0.458398,0.491836,0.248690,0.253905,0.065494,0.109860,0.156516
5664,0,0.001293,0.484118,0.466474,0.523975,0.309007,0.268466,0.115584,0.149678,0.179438
5665,0,0.393283,0.400186,0.426849,0.466648,0.383556,0.587735,0.532602,0.576963,0.363819
5666,0,0.021165,0.417834,0.456126,0.449095,0.323876,0.256941,0.207995,0.353493,0.079880
5669,0,0.366559,0.535647,0.506946,0.497222,0.326146,0.639115,0.543267,0.571132,0.401748
5670,1,0.200947,0.527939,0.450664,0.466337,0.274593,0.535173,0.381572,0.537199,0.207878
5671,0,0.035766,0.395770,0.452595,0.483926,0.314789,0.246960,0.217907,0.347699,0.106349
5672,1,0.612067,0.484455,0.461234,0.484178,0.338451,0.661814,0.500986,0.574140,0.584161
5673,1,0.136482,0.493277,0.487148,0.546482,0.349490,0.470391,0.430705,0.528737,0.148771
5675,0,0.028311,0.447135,0.450741,0.472035,0.321614,0.329260,0.202797,0.305655,0.207625
5676,1,0.551722,0.424021,0.430660,0.437788,0.247595,0.611389,0.444652,0.578935,0.380727
5677,0,0.049461,0.532231,0.546933,0.541841,0.432495,0.404593,0.322323,0.338527,0.235517
5679,1,0.646528,0.425957,0.483074,0.437092,0.233602,0.625738,0.520693,0.582379,0.415833
5680,1,0.443352,0.390551,0.471296,0.515649,0.268559,0.380573,0.516533,0.567266,0.405693
5681,1,0.025631,0.406141,0.470298,0.487733,0.257031,0.216944,0.240077,0.340428,0.203828
5682,0,0.104666,0.539962,0.489006,0.478899,0.418199,0.374208,0.347271,0.484025,0.274992
5683,0,0.000481,0.488661,0.477918,0.445944,0.253298,0.264894,0.044269,0.111569,0.162195
5684,0,0.157797,0.464752,0.459633,0.440712,0.202194,0.470220,0.411267,0.499692,0.246790
5685,0,0.484700,0.383203,0.489628,0.501103,0.390936,0.535575,0.615036,0.632783,0.439226
5686,1,0.215750,0.484498,0.522615,0.520326,0.273480,0.486583,0.524618,0.537433,0.374900
5687,1,0.460890,0.421554,0.488108,0.541877,0.234834,0.503382,0.460780,0.543084,0.528066
5688,0,0.230650,0.470034,0.466193,0.474086,0.287026,0.514347,0.443262,0.485060,0.276361
5689,0,0.211756,0.385485,0.489426,0.497810,0.274654,0.451425,0.466925,0.538423,0.209663
5690,1,0.510768,0.485887,0.492189,0.463405,0.417248,0.565925,0.527505,0.601753,0.285986
5691,1,0.142584,0.431659,0.491179,0.534546,0.357082,0.384276,0.509205,0.501986,0.171331
5692,0,0.399781,0.452369,0.468266,0.514639,0.236507,0.577955,0.570379,0.588643,0.525320
5693,0,0.622543,0.559614,0.492116,0.496549,0.391367,0.733048,0.591988,0.636570,0.433669
5694,1,0.024539,0.330767,0.425784,0.432513,0.283280,0.225165,0.182588,0.254792,0.168642
5695,1,0.169450,0.511174,0.507004,0.473880,0.320947,0.491282,0.541790,0.529124,0.402280
5696,1,0.446367,0.374659,0.458221,0.433271,0.248348,0.487195,0.500914,0.554294,0.363944
5697,0,0.430475,0.473232,0.491749,0.482065,0.303526,0.643355,0.550624,0.620601,0.405852
5698,0,0.378391,0.485572,0.491922,0.504092,0.388367,0.603594,0.537840,0.591050,0.553587
5699,0,0.383464,0.490032,0.454925,0.450316,0.351780,0.576475,0.432016,0.530615,0.287802
